[+00:00:00 | ~--:--:-- left] Device: cuda
Computing baselines (100 episodes each)...
  Random baseline: 56.0% ± 18.0%
  Greedy baseline: 80.1% ± 12.0%
[+00:00:01 | ~01:32:55 left] [Ep 0] Reward: 156.57 | Coverage: 56.0% | Eps: 1.000 | Loss: 0.0000
[+00:00:02 | ~01:32:54 left] [Ep 1] Reward: 413.02 | Coverage: 53.0% | Eps: 1.000 | Loss: 0.0000
[+00:00:03 | ~01:32:52 left] [Ep 2] Reward: 270.82 | Coverage: 56.2% | Eps: 1.000 | Loss: 0.0000
[+00:00:04 | ~01:32:51 left] [Ep 3] Reward: 436.29 | Coverage: 58.6% | Eps: 0.999 | Loss: 0.0000
[+00:00:05 | ~01:32:50 left] [Ep 4] Reward: 447.43 | Coverage: 51.0% | Eps: 0.999 | Loss: 0.0000
[+00:00:06 | ~01:32:49 left] [Ep 5] Reward: 262.03 | Coverage: 56.0% | Eps: 0.999 | Loss: 0.0000
[+00:00:07 | ~01:32:48 left] [Ep 6] Reward: 364.00 | Coverage: 56.0% | Eps: 0.999 | Loss: 0.0000
[+00:00:08 | ~01:32:47 left] [Ep 7] Reward: 424.81 | Coverage: 44.8% | Eps: 0.998 | Loss: 0.0000
[+00:00:10 | ~01:32:46 left] [Ep 8] Reward: 278.13 | Coverage: 62.5% | Eps: 0.998 | Loss: 0.0000
[+00:00:11 | ~01:32:45 left] [Ep 9] Reward: 462.55 | Coverage: 59.8% | Eps: 0.998 | Loss: 0.0000
[+00:00:12 | ~01:32:44 left] [Ep 10] Reward: 262.91 | Coverage: 52.0% | Eps: 0.998 | Loss: 0.0000
[+00:00:13 | ~01:32:42 left] [Ep 11] Reward: 359.45 | Coverage: 54.9% | Eps: 0.997 | Loss: 0.0000
[+00:00:14 | ~01:32:41 left] [Ep 12] Reward: 403.87 | Coverage: 59.2% | Eps: 0.997 | Loss: 0.0000
[+00:00:15 | ~01:32:40 left] [Ep 13] Reward: 106.46 | Coverage: 54.3% | Eps: 0.997 | Loss: 0.0000
[+00:00:16 | ~01:32:39 left] [Ep 14] Reward: 211.53 | Coverage: 54.5% | Eps: 0.997 | Loss: 0.0000
[+00:00:17 | ~01:32:38 left] [Ep 15] Reward: 258.06 | Coverage: 46.7% | Eps: 0.996 | Loss: 0.0000
[+00:00:18 | ~01:32:37 left] [Ep 16] Reward: 199.54 | Coverage: 59.6% | Eps: 0.996 | Loss: 0.0000
[+00:00:19 | ~01:32:36 left] [Ep 17] Reward: 51.43 | Coverage: 56.8% | Eps: 0.996 | Loss: 0.0000
[+00:00:20 | ~01:32:35 left] [Ep 18] Reward: 302.59 | Coverage: 57.8% | Eps: 0.996 | Loss: 0.0000
[+00:00:22 | ~01:32:34 left] [Ep 19] Reward: 239.11 | Coverage: 46.2% | Eps: 0.995 | Loss: 0.0000
[+00:00:23 | ~01:32:33 left] [Ep 20] Reward: 339.99 | Coverage: 66.6% | Eps: 0.995 | Loss: 0.0000
[+00:00:24 | ~01:32:31 left] [Ep 21] Reward: 206.22 | Coverage: 57.0% | Eps: 0.995 | Loss: 0.0000
[+00:00:25 | ~01:32:30 left] [Ep 22] Reward: 318.59 | Coverage: 53.5% | Eps: 0.995 | Loss: 0.0000
[+00:00:26 | ~01:32:29 left] [Ep 23] Reward: 291.27 | Coverage: 69.0% | Eps: 0.995 | Loss: 0.0000
[+00:00:27 | ~01:32:28 left] [Ep 24] Reward: 314.77 | Coverage: 55.7% | Eps: 0.994 | Loss: 0.0000
[+00:00:28 | ~01:32:27 left] [Ep 25] Reward: 513.85 | Coverage: 46.7% | Eps: 0.994 | Loss: 0.0000
[+00:00:29 | ~01:32:26 left] [Ep 26] Reward: 332.07 | Coverage: 53.4% | Eps: 0.994 | Loss: 0.0000
[+00:00:30 | ~01:32:25 left] [Ep 27] Reward: 247.97 | Coverage: 41.4% | Eps: 0.994 | Loss: 0.0000
[+00:00:32 | ~01:32:24 left] [Ep 28] Reward: 308.21 | Coverage: 62.7% | Eps: 0.993 | Loss: 0.0000
[+00:00:33 | ~01:32:23 left] [Ep 29] Reward: 285.29 | Coverage: 53.4% | Eps: 0.993 | Loss: 0.0000
[+00:00:34 | ~01:32:21 left] [Ep 30] Reward: 327.89 | Coverage: 51.3% | Eps: 0.993 | Loss: 0.0000
[+00:00:35 | ~01:32:20 left] [Ep 31] Reward: 400.19 | Coverage: 62.9% | Eps: 0.993 | Loss: 0.0000
[+00:00:36 | ~01:32:19 left] [Ep 32] Reward: 367.31 | Coverage: 45.5% | Eps: 0.992 | Loss: 0.0000
[+00:00:37 | ~01:32:18 left] [Ep 33] Reward: 160.44 | Coverage: 59.4% | Eps: 0.992 | Loss: 0.0000
[+00:00:38 | ~01:32:17 left] [Ep 34] Reward: 366.32 | Coverage: 42.8% | Eps: 0.992 | Loss: 0.0000
[+00:00:39 | ~01:32:16 left] [Ep 35] Reward: 229.46 | Coverage: 51.8% | Eps: 0.992 | Loss: 0.0000
[+00:00:40 | ~01:32:15 left] [Ep 36] Reward: 515.84 | Coverage: 48.3% | Eps: 0.991 | Loss: 0.0000
[+00:00:42 | ~01:32:14 left] [Ep 37] Reward: 281.18 | Coverage: 65.4% | Eps: 0.991 | Loss: 0.0000
[+00:00:43 | ~01:32:13 left] [Ep 38] Reward: 491.31 | Coverage: 67.3% | Eps: 0.991 | Loss: 0.0000
[+00:00:44 | ~01:32:12 left] [Ep 39] Reward: 439.04 | Coverage: 53.9% | Eps: 0.991 | Loss: 0.0000
[+00:00:45 | ~01:32:11 left] [Ep 40] Reward: 296.89 | Coverage: 61.4% | Eps: 0.991 | Loss: 0.0000
[+00:00:46 | ~01:32:09 left] [Ep 41] Reward: 289.73 | Coverage: 54.9% | Eps: 0.990 | Loss: 0.0000
[+00:00:47 | ~01:32:08 left] [Ep 42] Reward: 298.89 | Coverage: 59.7% | Eps: 0.990 | Loss: 0.0000
[+00:00:48 | ~01:32:07 left] [Ep 43] Reward: 367.05 | Coverage: 51.2% | Eps: 0.990 | Loss: 0.0000
[+00:00:49 | ~01:32:06 left] [Ep 44] Reward: 359.81 | Coverage: 45.1% | Eps: 0.990 | Loss: 0.0000
[+00:00:50 | ~01:32:05 left] [Ep 45] Reward: 365.44 | Coverage: 44.5% | Eps: 0.989 | Loss: 0.0000
[+00:00:51 | ~01:32:04 left] [Ep 46] Reward: 416.05 | Coverage: 58.5% | Eps: 0.989 | Loss: 0.0000
[+00:00:52 | ~01:32:03 left] [Ep 47] Reward: 302.75 | Coverage: 70.4% | Eps: 0.989 | Loss: 0.0000
[+00:00:53 | ~01:32:02 left] [Ep 48] Reward: 143.93 | Coverage: 57.8% | Eps: 0.989 | Loss: 0.0000
[+00:00:55 | ~01:32:01 left] [Ep 49] Reward: 275.68 | Coverage: 52.7% | Eps: 0.988 | Loss: 0.0000
[+00:00:56 | ~01:32:00 left] [Ep 50] Reward: 115.37 | Coverage: 68.3% | Eps: 0.988 | Loss: 0.0000
[+00:00:57 | ~01:31:59 left] [Ep 51] Reward: 298.18 | Coverage: 57.6% | Eps: 0.988 | Loss: 0.0000
[+00:00:58 | ~01:31:57 left] [Ep 52] Reward: 356.31 | Coverage: 56.7% | Eps: 0.988 | Loss: 0.0000
[+00:00:59 | ~01:31:56 left] [Ep 53] Reward: 461.00 | Coverage: 57.6% | Eps: 0.987 | Loss: 0.0000
[+00:01:00 | ~01:31:55 left] [Ep 54] Reward: 340.17 | Coverage: 55.2% | Eps: 0.987 | Loss: 0.0000
[+00:01:01 | ~01:31:54 left] [Ep 55] Reward: 202.85 | Coverage: 54.1% | Eps: 0.987 | Loss: 0.0000
[+00:01:02 | ~01:31:53 left] [Ep 56] Reward: 202.21 | Coverage: 46.9% | Eps: 0.987 | Loss: 0.0000
[+00:01:03 | ~01:31:52 left] [Ep 57] Reward: 420.94 | Coverage: 59.2% | Eps: 0.986 | Loss: 0.0000
[+00:01:05 | ~01:31:51 left] [Ep 58] Reward: 281.41 | Coverage: 55.4% | Eps: 0.986 | Loss: 0.0000
[+00:01:06 | ~01:31:50 left] [Ep 59] Reward: 332.60 | Coverage: 63.7% | Eps: 0.986 | Loss: 0.0000
[+00:01:07 | ~01:31:49 left] [Ep 60] Reward: 222.11 | Coverage: 53.7% | Eps: 0.986 | Loss: 0.0000
[+00:01:08 | ~01:31:48 left] [Ep 61] Reward: 194.47 | Coverage: 43.8% | Eps: 0.986 | Loss: 0.0000
[+00:01:09 | ~01:31:46 left] [Ep 62] Reward: 374.15 | Coverage: 55.4% | Eps: 0.985 | Loss: 0.0000
[+00:01:10 | ~01:31:45 left] [Ep 63] Reward: 273.65 | Coverage: 66.9% | Eps: 0.985 | Loss: 0.0000
[+00:01:11 | ~01:31:44 left] [Ep 64] Reward: 251.72 | Coverage: 53.6% | Eps: 0.985 | Loss: 0.0000
[+00:01:12 | ~01:31:43 left] [Ep 65] Reward: 483.05 | Coverage: 50.3% | Eps: 0.985 | Loss: 0.0000
[+00:01:13 | ~01:31:42 left] [Ep 66] Reward: 213.54 | Coverage: 48.4% | Eps: 0.984 | Loss: 0.0000
[+00:01:14 | ~01:31:41 left] [Ep 67] Reward: 380.63 | Coverage: 49.3% | Eps: 0.984 | Loss: 0.0000
[+00:01:16 | ~01:31:40 left] [Ep 68] Reward: 277.20 | Coverage: 54.1% | Eps: 0.984 | Loss: 0.0000
[+00:01:17 | ~01:31:39 left] [Ep 69] Reward: 219.75 | Coverage: 48.5% | Eps: 0.984 | Loss: 0.0000
[+00:01:18 | ~01:31:37 left] [Ep 70] Reward: 332.21 | Coverage: 65.6% | Eps: 0.983 | Loss: 0.0000
[+00:01:19 | ~01:31:36 left] [Ep 71] Reward: 403.59 | Coverage: 54.2% | Eps: 0.983 | Loss: 0.0000
[+00:01:20 | ~01:31:35 left] [Ep 72] Reward: 382.19 | Coverage: 56.7% | Eps: 0.983 | Loss: 0.0000
[+00:01:21 | ~01:31:34 left] [Ep 73] Reward: 476.00 | Coverage: 65.3% | Eps: 0.983 | Loss: 0.0000
[+00:01:22 | ~01:31:33 left] [Ep 74] Reward: 122.66 | Coverage: 65.7% | Eps: 0.982 | Loss: 0.0000
[+00:01:23 | ~01:31:32 left] [Ep 75] Reward: 145.62 | Coverage: 54.7% | Eps: 0.982 | Loss: 0.0000
[+00:01:25 | ~01:31:31 left] [Ep 76] Reward: 126.41 | Coverage: 58.2% | Eps: 0.982 | Loss: 0.0000
[+00:01:26 | ~01:31:30 left] [Ep 77] Reward: 163.64 | Coverage: 60.8% | Eps: 0.982 | Loss: 0.0000
[+00:01:27 | ~01:31:28 left] [Ep 78] Reward: 324.45 | Coverage: 54.8% | Eps: 0.981 | Loss: 0.0000
[+00:01:28 | ~01:31:27 left] [Ep 79] Reward: 205.31 | Coverage: 44.7% | Eps: 0.981 | Loss: 0.0000
[+00:01:29 | ~01:31:26 left] [Ep 80] Reward: 215.97 | Coverage: 60.2% | Eps: 0.981 | Loss: 0.0000
[+00:01:30 | ~01:31:25 left] [Ep 81] Reward: 396.28 | Coverage: 61.8% | Eps: 0.981 | Loss: 0.0000
[+00:01:31 | ~01:31:24 left] [Ep 82] Reward: 235.16 | Coverage: 58.7% | Eps: 0.981 | Loss: 0.0000
[+00:01:32 | ~01:31:23 left] [Ep 83] Reward: 188.96 | Coverage: 50.1% | Eps: 0.980 | Loss: 0.0000
[+00:01:34 | ~01:31:22 left] [Ep 84] Reward: 354.08 | Coverage: 54.8% | Eps: 0.980 | Loss: 0.0000
[+00:01:35 | ~01:31:21 left] [Ep 85] Reward: 224.52 | Coverage: 52.3% | Eps: 0.980 | Loss: 0.0000
[+00:01:36 | ~01:31:20 left] [Ep 86] Reward: 266.11 | Coverage: 54.1% | Eps: 0.980 | Loss: 0.0000
[+00:01:37 | ~01:31:19 left] [Ep 87] Reward: 303.60 | Coverage: 64.4% | Eps: 0.979 | Loss: 0.0000
[+00:01:38 | ~01:31:18 left] [Ep 88] Reward: 304.97 | Coverage: 65.8% | Eps: 0.979 | Loss: 0.0000
[+00:01:39 | ~01:31:16 left] [Ep 89] Reward: 210.41 | Coverage: 60.3% | Eps: 0.979 | Loss: 0.0000
[+00:01:40 | ~01:31:15 left] [Ep 90] Reward: 402.15 | Coverage: 59.6% | Eps: 0.979 | Loss: 0.0000
[+00:01:41 | ~01:31:14 left] [Ep 91] Reward: 327.45 | Coverage: 60.4% | Eps: 0.978 | Loss: 0.0000
[+00:01:42 | ~01:31:13 left] [Ep 92] Reward: 467.07 | Coverage: 56.0% | Eps: 0.978 | Loss: 0.0000
[+00:01:43 | ~01:31:12 left] [Ep 93] Reward: 315.99 | Coverage: 55.6% | Eps: 0.978 | Loss: 0.0000
[+00:01:44 | ~01:31:11 left] [Ep 94] Reward: 361.68 | Coverage: 51.7% | Eps: 0.978 | Loss: 0.0000
[+00:01:45 | ~01:31:10 left] [Ep 95] Reward: 287.02 | Coverage: 55.7% | Eps: 0.977 | Loss: 0.0000
[+00:01:46 | ~01:31:09 left] [Ep 96] Reward: 354.08 | Coverage: 70.5% | Eps: 0.977 | Loss: 0.0000
[+00:01:47 | ~01:31:08 left] [Ep 97] Reward: 264.33 | Coverage: 61.6% | Eps: 0.977 | Loss: 0.0000
[+00:01:49 | ~01:31:07 left] [Ep 98] Reward: 274.16 | Coverage: 53.9% | Eps: 0.977 | Loss: 0.0000
[+00:01:50 | ~01:31:06 left] [Ep 99] Reward: 258.98 | Coverage: 53.0% | Eps: 0.976 | Loss: 0.0000
[+00:01:51 | ~01:31:05 left] [Ep 100] Reward: 342.99 | Coverage: 50.5% | Eps: 0.976 | Loss: 0.0000

[+00:01:51 | ~01:31:05 left] [Eval] Episode 100: Reward=346.00, Coverage=50.8%

[+00:01:52 | ~01:31:03 left] [Ep 101] Reward: 273.99 | Coverage: 58.5% | Eps: 0.976 | Loss: 0.0000
[+00:01:53 | ~01:31:02 left] [Ep 102] Reward: 378.63 | Coverage: 58.6% | Eps: 0.976 | Loss: 0.0000
[+00:01:54 | ~01:31:01 left] [Ep 103] Reward: 208.56 | Coverage: 46.8% | Eps: 0.976 | Loss: 0.0000
[+00:01:55 | ~01:31:00 left] [Ep 104] Reward: 361.15 | Coverage: 59.2% | Eps: 0.975 | Loss: 0.0000
[+00:01:56 | ~01:30:59 left] [Ep 105] Reward: 386.11 | Coverage: 52.4% | Eps: 0.975 | Loss: 0.0000
[+00:01:57 | ~01:30:58 left] [Ep 106] Reward: 145.26 | Coverage: 65.2% | Eps: 0.975 | Loss: 0.0000
[+00:01:58 | ~01:30:57 left] [Ep 107] Reward: 228.69 | Coverage: 57.1% | Eps: 0.975 | Loss: 0.0000
[+00:01:59 | ~01:30:56 left] [Ep 108] Reward: 284.58 | Coverage: 67.1% | Eps: 0.974 | Loss: 0.0000
[+00:02:00 | ~01:30:55 left] [Ep 109] Reward: 222.04 | Coverage: 53.1% | Eps: 0.974 | Loss: 0.0000
[+00:02:02 | ~01:30:54 left] [Ep 110] Reward: 132.66 | Coverage: 54.2% | Eps: 0.974 | Loss: 0.0000
[+00:02:03 | ~01:30:53 left] [Ep 111] Reward: 365.47 | Coverage: 58.0% | Eps: 0.974 | Loss: 0.0000
[+00:02:04 | ~01:30:52 left] [Ep 112] Reward: 350.13 | Coverage: 62.8% | Eps: 0.973 | Loss: 0.0000
[+00:02:05 | ~01:30:51 left] [Ep 113] Reward: 373.18 | Coverage: 59.7% | Eps: 0.973 | Loss: 0.0000
[+00:02:06 | ~01:30:49 left] [Ep 114] Reward: 311.16 | Coverage: 48.2% | Eps: 0.973 | Loss: 0.0000
[+00:02:07 | ~01:30:48 left] [Ep 115] Reward: 410.87 | Coverage: 57.2% | Eps: 0.973 | Loss: 0.0000
[+00:02:08 | ~01:30:47 left] [Ep 116] Reward: 358.01 | Coverage: 56.2% | Eps: 0.972 | Loss: 0.0000
[+00:02:09 | ~01:30:46 left] [Ep 117] Reward: 204.94 | Coverage: 53.3% | Eps: 0.972 | Loss: 0.0000
[+00:02:10 | ~01:30:45 left] [Ep 118] Reward: 153.42 | Coverage: 51.9% | Eps: 0.972 | Loss: 0.0000
[+00:02:11 | ~01:30:44 left] [Ep 119] Reward: 425.10 | Coverage: 67.3% | Eps: 0.972 | Loss: 0.0000
[+00:02:12 | ~01:30:43 left] [Ep 120] Reward: 356.76 | Coverage: 53.6% | Eps: 0.972 | Loss: 0.0000
[+00:02:13 | ~01:30:42 left] [Ep 121] Reward: 320.59 | Coverage: 50.7% | Eps: 0.971 | Loss: 0.0000
[+00:02:15 | ~01:30:41 left] [Ep 122] Reward: 389.82 | Coverage: 60.2% | Eps: 0.971 | Loss: 0.0000
[+00:02:16 | ~01:30:40 left] [Ep 123] Reward: 303.07 | Coverage: 56.9% | Eps: 0.971 | Loss: 0.0000
[+00:02:17 | ~01:30:39 left] [Ep 124] Reward: 354.49 | Coverage: 55.6% | Eps: 0.971 | Loss: 0.0000
[+00:02:18 | ~01:30:37 left] [Ep 125] Reward: 334.05 | Coverage: 61.1% | Eps: 0.970 | Loss: 0.0000
[+00:02:19 | ~01:30:36 left] [Ep 126] Reward: 365.23 | Coverage: 59.2% | Eps: 0.970 | Loss: 0.0000
[+00:02:20 | ~01:30:35 left] [Ep 127] Reward: 303.33 | Coverage: 58.4% | Eps: 0.970 | Loss: 0.0000
[+00:02:21 | ~01:30:34 left] [Ep 128] Reward: 247.42 | Coverage: 62.3% | Eps: 0.970 | Loss: 0.0000
[+00:02:22 | ~01:30:33 left] [Ep 129] Reward: 178.27 | Coverage: 57.9% | Eps: 0.969 | Loss: 0.0000
[+00:02:24 | ~01:30:32 left] [Ep 130] Reward: 358.45 | Coverage: 52.1% | Eps: 0.969 | Loss: 0.0000
[+00:02:25 | ~01:30:31 left] [Ep 131] Reward: 238.78 | Coverage: 53.8% | Eps: 0.969 | Loss: 0.0000
[+00:02:26 | ~01:30:29 left] [Ep 132] Reward: 169.86 | Coverage: 52.7% | Eps: 0.969 | Loss: 0.0000
[+00:02:27 | ~01:30:28 left] [Ep 133] Reward: 456.41 | Coverage: 57.4% | Eps: 0.968 | Loss: 0.0000
[+00:02:28 | ~01:30:27 left] [Ep 134] Reward: 306.84 | Coverage: 49.2% | Eps: 0.968 | Loss: 0.0000
[+00:02:29 | ~01:30:26 left] [Ep 135] Reward: 479.12 | Coverage: 44.4% | Eps: 0.968 | Loss: 0.0000
[+00:02:30 | ~01:30:25 left] [Ep 136] Reward: 87.12 | Coverage: 56.6% | Eps: 0.968 | Loss: 0.0000
[+00:02:31 | ~01:30:24 left] [Ep 137] Reward: 293.47 | Coverage: 47.5% | Eps: 0.967 | Loss: 0.0000
[+00:02:32 | ~01:30:23 left] [Ep 138] Reward: 440.14 | Coverage: 43.6% | Eps: 0.967 | Loss: 0.0000
[+00:02:33 | ~01:30:22 left] [Ep 139] Reward: 121.73 | Coverage: 58.5% | Eps: 0.967 | Loss: 0.0000
[+00:02:35 | ~01:30:21 left] [Ep 140] Reward: 326.92 | Coverage: 51.5% | Eps: 0.967 | Loss: 0.0000
[+00:02:36 | ~01:30:20 left] [Ep 141] Reward: 390.32 | Coverage: 59.3% | Eps: 0.967 | Loss: 0.0000
[+00:02:37 | ~01:30:18 left] [Ep 142] Reward: 325.13 | Coverage: 52.7% | Eps: 0.966 | Loss: 0.0000
[+00:02:38 | ~01:30:17 left] [Ep 143] Reward: 230.17 | Coverage: 48.9% | Eps: 0.966 | Loss: 0.0000
[+00:02:39 | ~01:30:16 left] [Ep 144] Reward: 611.93 | Coverage: 48.1% | Eps: 0.966 | Loss: 0.0000
[+00:02:40 | ~01:30:15 left] [Ep 145] Reward: 359.05 | Coverage: 52.8% | Eps: 0.966 | Loss: 0.0000
[+00:02:41 | ~01:30:14 left] [Ep 146] Reward: 444.32 | Coverage: 54.3% | Eps: 0.965 | Loss: 0.0000
[+00:02:42 | ~01:30:13 left] [Ep 147] Reward: 306.71 | Coverage: 50.8% | Eps: 0.965 | Loss: 0.0000
[+00:02:43 | ~01:30:12 left] [Ep 148] Reward: 247.81 | Coverage: 54.3% | Eps: 0.965 | Loss: 0.0000
[+00:02:44 | ~01:30:11 left] [Ep 149] Reward: 440.87 | Coverage: 46.3% | Eps: 0.965 | Loss: 0.0000
[+00:02:46 | ~01:30:10 left] [Ep 150] Reward: 357.56 | Coverage: 56.2% | Eps: 0.964 | Loss: 0.0000
[+00:02:47 | ~01:30:09 left] [Ep 151] Reward: 376.19 | Coverage: 44.6% | Eps: 0.964 | Loss: 0.0000
[+00:02:48 | ~01:30:07 left] [Ep 152] Reward: 363.95 | Coverage: 54.9% | Eps: 0.964 | Loss: 0.0000
[+00:02:49 | ~01:30:06 left] [Ep 153] Reward: 254.03 | Coverage: 60.6% | Eps: 0.964 | Loss: 0.0000
[+00:02:50 | ~01:30:05 left] [Ep 154] Reward: 249.82 | Coverage: 63.1% | Eps: 0.963 | Loss: 0.0000
[+00:02:51 | ~01:30:04 left] [Ep 155] Reward: 226.86 | Coverage: 67.1% | Eps: 0.963 | Loss: 0.0000
[+00:02:53 | ~01:30:03 left] [Ep 156] Reward: 349.12 | Coverage: 46.1% | Eps: 0.963 | Loss: 0.0000
[+00:02:54 | ~01:30:02 left] [Ep 157] Reward: 437.44 | Coverage: 61.0% | Eps: 0.963 | Loss: 0.0000
[+00:02:55 | ~01:30:01 left] [Ep 158] Reward: 362.12 | Coverage: 63.8% | Eps: 0.962 | Loss: 0.0000
[+00:02:56 | ~01:30:00 left] [Ep 159] Reward: 315.40 | Coverage: 62.4% | Eps: 0.962 | Loss: 0.0000
[+00:02:57 | ~01:29:58 left] [Ep 160] Reward: 202.59 | Coverage: 50.2% | Eps: 0.962 | Loss: 0.0000
[+00:02:58 | ~01:29:57 left] [Ep 161] Reward: 157.51 | Coverage: 58.7% | Eps: 0.962 | Loss: 0.0000
[+00:02:59 | ~01:29:56 left] [Ep 162] Reward: 368.74 | Coverage: 68.0% | Eps: 0.962 | Loss: 0.0000
[+00:03:00 | ~01:29:55 left] [Ep 163] Reward: 278.16 | Coverage: 46.5% | Eps: 0.961 | Loss: 0.0000
[+00:03:01 | ~01:29:54 left] [Ep 164] Reward: 445.95 | Coverage: 59.2% | Eps: 0.961 | Loss: 0.0000
[+00:03:03 | ~01:29:53 left] [Ep 165] Reward: 128.31 | Coverage: 63.2% | Eps: 0.961 | Loss: 0.0000
[+00:03:04 | ~01:29:52 left] [Ep 166] Reward: 352.86 | Coverage: 51.6% | Eps: 0.961 | Loss: 0.0000
[+00:03:05 | ~01:29:51 left] [Ep 167] Reward: 207.26 | Coverage: 59.8% | Eps: 0.960 | Loss: 0.0000
[+00:03:06 | ~01:29:49 left] [Ep 168] Reward: 321.86 | Coverage: 49.3% | Eps: 0.960 | Loss: 0.0000
[+00:03:07 | ~01:29:48 left] [Ep 169] Reward: 244.90 | Coverage: 50.9% | Eps: 0.960 | Loss: 0.0000
[+00:03:08 | ~01:29:47 left] [Ep 170] Reward: 344.56 | Coverage: 50.9% | Eps: 0.960 | Loss: 0.0000
[+00:03:09 | ~01:29:46 left] [Ep 171] Reward: 392.14 | Coverage: 57.3% | Eps: 0.959 | Loss: 0.0000
[+00:03:10 | ~01:29:45 left] [Ep 172] Reward: 362.59 | Coverage: 55.5% | Eps: 0.959 | Loss: 0.0000
[+00:03:11 | ~01:29:44 left] [Ep 173] Reward: 368.34 | Coverage: 62.2% | Eps: 0.959 | Loss: 0.0000
[+00:03:13 | ~01:29:43 left] [Ep 174] Reward: 463.58 | Coverage: 50.1% | Eps: 0.959 | Loss: 0.0000
[+00:03:14 | ~01:29:42 left] [Ep 175] Reward: 321.33 | Coverage: 55.3% | Eps: 0.958 | Loss: 0.0000
[+00:03:15 | ~01:29:41 left] [Ep 176] Reward: 439.44 | Coverage: 62.3% | Eps: 0.958 | Loss: 0.0000
[+00:03:16 | ~01:29:40 left] [Ep 177] Reward: 290.09 | Coverage: 59.7% | Eps: 0.958 | Loss: 0.0000
[+00:03:17 | ~01:29:38 left] [Ep 178] Reward: 304.91 | Coverage: 47.6% | Eps: 0.958 | Loss: 0.0000
[+00:03:18 | ~01:29:38 left] [Ep 179] Reward: 430.26 | Coverage: 60.4% | Eps: 0.957 | Loss: 0.0000
[+00:03:19 | ~01:29:36 left] [Ep 180] Reward: 453.18 | Coverage: 53.1% | Eps: 0.957 | Loss: 0.0000
[+00:03:20 | ~01:29:35 left] [Ep 181] Reward: 269.47 | Coverage: 58.6% | Eps: 0.957 | Loss: 0.0000
[+00:03:21 | ~01:29:34 left] [Ep 182] Reward: 115.66 | Coverage: 58.0% | Eps: 0.957 | Loss: 0.0000
[+00:03:22 | ~01:29:33 left] [Ep 183] Reward: 240.57 | Coverage: 63.9% | Eps: 0.957 | Loss: 0.0000
[+00:03:23 | ~01:29:32 left] [Ep 184] Reward: 361.58 | Coverage: 56.9% | Eps: 0.956 | Loss: 0.0000
[+00:03:24 | ~01:29:31 left] [Ep 185] Reward: 384.20 | Coverage: 44.3% | Eps: 0.956 | Loss: 0.0000
[+00:03:25 | ~01:29:30 left] [Ep 186] Reward: 264.76 | Coverage: 47.3% | Eps: 0.956 | Loss: 0.0000
[+00:03:26 | ~01:29:29 left] [Ep 187] Reward: 233.42 | Coverage: 60.8% | Eps: 0.956 | Loss: 0.0000
[+00:03:28 | ~01:29:28 left] [Ep 188] Reward: 336.75 | Coverage: 54.5% | Eps: 0.955 | Loss: 0.0000
[+00:03:29 | ~01:29:27 left] [Ep 189] Reward: 309.30 | Coverage: 63.4% | Eps: 0.955 | Loss: 0.0000
[+00:03:30 | ~01:29:25 left] [Ep 190] Reward: 511.19 | Coverage: 57.9% | Eps: 0.955 | Loss: 0.0000
[+00:03:31 | ~01:29:24 left] [Ep 191] Reward: 400.35 | Coverage: 51.3% | Eps: 0.955 | Loss: 0.0000
[+00:03:32 | ~01:29:23 left] [Ep 192] Reward: 529.72 | Coverage: 63.0% | Eps: 0.954 | Loss: 0.0000
[+00:03:33 | ~01:29:22 left] [Ep 193] Reward: 353.62 | Coverage: 51.0% | Eps: 0.954 | Loss: 0.0000
[+00:03:34 | ~01:29:21 left] [Ep 194] Reward: 426.65 | Coverage: 43.0% | Eps: 0.954 | Loss: 0.0000
[+00:03:35 | ~01:29:20 left] [Ep 195] Reward: 454.16 | Coverage: 69.3% | Eps: 0.954 | Loss: 0.0000
[+00:03:36 | ~01:29:19 left] [Ep 196] Reward: 160.11 | Coverage: 43.9% | Eps: 0.953 | Loss: 0.0000
[+00:03:38 | ~01:29:17 left] [Ep 197] Reward: 378.66 | Coverage: 60.2% | Eps: 0.953 | Loss: 0.0000
[+00:03:39 | ~01:29:16 left] [Ep 198] Reward: 479.88 | Coverage: 62.1% | Eps: 0.953 | Loss: 0.0000
[+00:03:40 | ~01:29:15 left] [Ep 199] Reward: 281.22 | Coverage: 57.1% | Eps: 0.953 | Loss: 0.0000
[+00:03:41 | ~01:29:14 left] [Ep 200] Reward: 416.98 | Coverage: 45.4% | Eps: 0.953 | Loss: 0.3540

[+00:03:41 | ~01:29:14 left] [Eval] Episode 200: Reward=417.60, Coverage=47.9%

[+00:03:42 | ~01:29:13 left] [Ep 201] Reward: 83.71 | Coverage: 62.6% | Eps: 0.952 | Loss: 0.3621
[+00:03:43 | ~01:29:12 left] [Ep 202] Reward: 181.76 | Coverage: 46.9% | Eps: 0.952 | Loss: 0.3829
[+00:03:44 | ~01:29:11 left] [Ep 203] Reward: 333.97 | Coverage: 47.5% | Eps: 0.952 | Loss: 0.3817
[+00:03:45 | ~01:29:10 left] [Ep 204] Reward: 298.76 | Coverage: 53.8% | Eps: 0.952 | Loss: 0.2844
[+00:03:46 | ~01:29:09 left] [Ep 205] Reward: 352.61 | Coverage: 61.2% | Eps: 0.951 | Loss: 0.3019
[+00:03:47 | ~01:29:08 left] [Ep 206] Reward: 342.21 | Coverage: 58.0% | Eps: 0.951 | Loss: 0.3600
[+00:03:49 | ~01:29:07 left] [Ep 207] Reward: 270.60 | Coverage: 61.3% | Eps: 0.951 | Loss: 0.3598
[+00:03:50 | ~01:29:06 left] [Ep 208] Reward: 466.04 | Coverage: 53.3% | Eps: 0.951 | Loss: 0.3598
[+00:03:51 | ~01:29:04 left] [Ep 209] Reward: 371.07 | Coverage: 55.0% | Eps: 0.950 | Loss: 0.4932
[+00:03:52 | ~01:29:03 left] [Ep 210] Reward: 245.27 | Coverage: 48.9% | Eps: 0.950 | Loss: 0.3619
[+00:03:53 | ~01:29:02 left] [Ep 211] Reward: 325.73 | Coverage: 54.1% | Eps: 0.950 | Loss: 0.3844
[+00:03:54 | ~01:29:01 left] [Ep 212] Reward: 272.40 | Coverage: 59.9% | Eps: 0.950 | Loss: 0.3770
[+00:03:55 | ~01:29:00 left] [Ep 213] Reward: 155.62 | Coverage: 54.2% | Eps: 0.949 | Loss: 0.3648
[+00:03:56 | ~01:28:59 left] [Ep 214] Reward: 299.28 | Coverage: 59.2% | Eps: 0.949 | Loss: 0.3260
[+00:03:58 | ~01:28:58 left] [Ep 215] Reward: 391.14 | Coverage: 52.5% | Eps: 0.949 | Loss: 0.3689
[+00:03:59 | ~01:28:56 left] [Ep 216] Reward: 455.16 | Coverage: 52.3% | Eps: 0.949 | Loss: 0.3075
[+00:04:00 | ~01:28:55 left] [Ep 217] Reward: 223.75 | Coverage: 56.4% | Eps: 0.948 | Loss: 0.3288
[+00:04:01 | ~01:28:54 left] [Ep 218] Reward: 211.79 | Coverage: 54.9% | Eps: 0.948 | Loss: 0.3188
[+00:04:02 | ~01:28:53 left] [Ep 219] Reward: 481.44 | Coverage: 59.9% | Eps: 0.948 | Loss: 0.3413
[+00:04:03 | ~01:28:52 left] [Ep 220] Reward: 327.86 | Coverage: 57.3% | Eps: 0.948 | Loss: 0.4305
[+00:04:04 | ~01:28:51 left] [Ep 221] Reward: 176.30 | Coverage: 67.3% | Eps: 0.948 | Loss: 0.2631
[+00:04:05 | ~01:28:50 left] [Ep 222] Reward: 419.40 | Coverage: 54.7% | Eps: 0.947 | Loss: 0.3651
[+00:04:07 | ~01:28:49 left] [Ep 223] Reward: 210.78 | Coverage: 54.7% | Eps: 0.947 | Loss: 0.2730
[+00:04:08 | ~01:28:48 left] [Ep 224] Reward: 299.12 | Coverage: 49.5% | Eps: 0.947 | Loss: 0.3185
[+00:04:09 | ~01:28:46 left] [Ep 225] Reward: 465.48 | Coverage: 56.3% | Eps: 0.947 | Loss: 0.3808
[+00:04:10 | ~01:28:45 left] [Ep 226] Reward: 463.55 | Coverage: 60.5% | Eps: 0.946 | Loss: 0.3397
[+00:04:11 | ~01:28:44 left] [Ep 227] Reward: 507.64 | Coverage: 51.4% | Eps: 0.946 | Loss: 0.2938
[+00:04:12 | ~01:28:43 left] [Ep 228] Reward: 214.39 | Coverage: 55.8% | Eps: 0.946 | Loss: 0.3082
[+00:04:13 | ~01:28:42 left] [Ep 229] Reward: 378.33 | Coverage: 60.7% | Eps: 0.946 | Loss: 0.3638
[+00:04:14 | ~01:28:41 left] [Ep 230] Reward: 374.06 | Coverage: 55.3% | Eps: 0.945 | Loss: 0.3072
[+00:04:16 | ~01:28:40 left] [Ep 231] Reward: 503.73 | Coverage: 52.8% | Eps: 0.945 | Loss: 0.3449
[+00:04:17 | ~01:28:39 left] [Ep 232] Reward: 368.43 | Coverage: 62.4% | Eps: 0.945 | Loss: 0.3379
[+00:04:18 | ~01:28:38 left] [Ep 233] Reward: 387.91 | Coverage: 56.8% | Eps: 0.945 | Loss: 0.3099
[+00:04:19 | ~01:28:37 left] [Ep 234] Reward: 362.37 | Coverage: 58.7% | Eps: 0.944 | Loss: 0.4215
[+00:04:20 | ~01:28:36 left] [Ep 235] Reward: 364.37 | Coverage: 63.6% | Eps: 0.944 | Loss: 0.3609
[+00:04:21 | ~01:28:34 left] [Ep 236] Reward: 214.53 | Coverage: 63.5% | Eps: 0.944 | Loss: 0.2544
[+00:04:22 | ~01:28:33 left] [Ep 237] Reward: 235.13 | Coverage: 53.9% | Eps: 0.944 | Loss: 0.3426
[+00:04:23 | ~01:28:32 left] [Ep 238] Reward: 313.56 | Coverage: 52.8% | Eps: 0.943 | Loss: 0.3085
[+00:04:24 | ~01:28:31 left] [Ep 239] Reward: 243.68 | Coverage: 58.0% | Eps: 0.943 | Loss: 0.3689
[+00:04:25 | ~01:28:30 left] [Ep 240] Reward: 439.88 | Coverage: 55.3% | Eps: 0.943 | Loss: 0.3029
[+00:04:26 | ~01:28:29 left] [Ep 241] Reward: 393.85 | Coverage: 44.0% | Eps: 0.943 | Loss: 0.3298
[+00:04:27 | ~01:28:28 left] [Ep 242] Reward: 480.00 | Coverage: 64.3% | Eps: 0.943 | Loss: 0.3543
[+00:04:28 | ~01:28:27 left] [Ep 243] Reward: 440.92 | Coverage: 56.3% | Eps: 0.942 | Loss: 0.3685
[+00:04:29 | ~01:28:26 left] [Ep 244] Reward: 452.47 | Coverage: 60.9% | Eps: 0.942 | Loss: 0.2857
[+00:04:31 | ~01:28:25 left] [Ep 245] Reward: 266.50 | Coverage: 48.6% | Eps: 0.942 | Loss: 0.3201
[+00:04:32 | ~01:28:24 left] [Ep 246] Reward: 340.63 | Coverage: 64.4% | Eps: 0.942 | Loss: 0.3142
[+00:04:33 | ~01:28:23 left] [Ep 247] Reward: 469.17 | Coverage: 52.4% | Eps: 0.941 | Loss: 0.3069
[+00:04:34 | ~01:28:21 left] [Ep 248] Reward: 544.69 | Coverage: 55.5% | Eps: 0.941 | Loss: 0.4034
[+00:04:35 | ~01:28:20 left] [Ep 249] Reward: 495.67 | Coverage: 47.2% | Eps: 0.941 | Loss: 0.3487
[+00:04:36 | ~01:28:19 left] [Ep 250] Reward: 137.73 | Coverage: 55.1% | Eps: 0.941 | Loss: 0.2819
[+00:04:37 | ~01:28:18 left] [Ep 251] Reward: 283.81 | Coverage: 54.7% | Eps: 0.940 | Loss: 0.3688
[+00:04:38 | ~01:28:17 left] [Ep 252] Reward: 272.91 | Coverage: 55.0% | Eps: 0.940 | Loss: 0.4167
[+00:04:39 | ~01:28:16 left] [Ep 253] Reward: 519.42 | Coverage: 59.0% | Eps: 0.940 | Loss: 0.3728
[+00:04:41 | ~01:28:15 left] [Ep 254] Reward: 472.43 | Coverage: 56.5% | Eps: 0.940 | Loss: 0.2705
[+00:04:42 | ~01:28:14 left] [Ep 255] Reward: 338.26 | Coverage: 62.4% | Eps: 0.939 | Loss: 0.3116
[+00:04:43 | ~01:28:13 left] [Ep 256] Reward: 264.46 | Coverage: 53.2% | Eps: 0.939 | Loss: 0.3814
[+00:04:44 | ~01:28:12 left] [Ep 257] Reward: 283.20 | Coverage: 49.8% | Eps: 0.939 | Loss: 0.3022
[+00:04:45 | ~01:28:11 left] [Ep 258] Reward: 512.96 | Coverage: 56.0% | Eps: 0.939 | Loss: 0.3480
[+00:04:46 | ~01:28:09 left] [Ep 259] Reward: 323.32 | Coverage: 60.2% | Eps: 0.938 | Loss: 0.3609
[+00:04:47 | ~01:28:08 left] [Ep 260] Reward: 373.01 | Coverage: 64.1% | Eps: 0.938 | Loss: 0.2926
[+00:04:48 | ~01:28:07 left] [Ep 261] Reward: 401.95 | Coverage: 61.4% | Eps: 0.938 | Loss: 0.3270
[+00:04:49 | ~01:28:06 left] [Ep 262] Reward: 421.51 | Coverage: 44.9% | Eps: 0.938 | Loss: 0.1994
[+00:04:50 | ~01:28:05 left] [Ep 263] Reward: 379.94 | Coverage: 58.6% | Eps: 0.938 | Loss: 0.2878
[+00:04:51 | ~01:28:04 left] [Ep 264] Reward: 372.95 | Coverage: 65.5% | Eps: 0.937 | Loss: 0.3184
[+00:04:52 | ~01:28:03 left] [Ep 265] Reward: 341.06 | Coverage: 56.6% | Eps: 0.937 | Loss: 0.2783
[+00:04:53 | ~01:28:02 left] [Ep 266] Reward: 384.93 | Coverage: 52.9% | Eps: 0.937 | Loss: 0.3932
[+00:04:55 | ~01:28:01 left] [Ep 267] Reward: 319.87 | Coverage: 58.1% | Eps: 0.937 | Loss: 0.2704
[+00:04:56 | ~01:28:00 left] [Ep 268] Reward: 389.09 | Coverage: 52.9% | Eps: 0.936 | Loss: 0.3097
[+00:04:57 | ~01:27:59 left] [Ep 269] Reward: 334.44 | Coverage: 60.3% | Eps: 0.936 | Loss: 0.3322
[+00:04:58 | ~01:27:58 left] [Ep 270] Reward: 343.96 | Coverage: 56.1% | Eps: 0.936 | Loss: 0.3843
[+00:04:59 | ~01:27:56 left] [Ep 271] Reward: 428.51 | Coverage: 65.1% | Eps: 0.936 | Loss: 0.2689
[+00:05:00 | ~01:27:55 left] [Ep 272] Reward: 430.85 | Coverage: 59.4% | Eps: 0.935 | Loss: 0.3726
[+00:05:01 | ~01:27:54 left] [Ep 273] Reward: 466.73 | Coverage: 51.5% | Eps: 0.935 | Loss: 0.3261
[+00:05:02 | ~01:27:53 left] [Ep 274] Reward: 339.38 | Coverage: 60.0% | Eps: 0.935 | Loss: 0.2861
[+00:05:03 | ~01:27:52 left] [Ep 275] Reward: 401.60 | Coverage: 62.2% | Eps: 0.935 | Loss: 0.3436
[+00:05:04 | ~01:27:51 left] [Ep 276] Reward: 284.10 | Coverage: 52.5% | Eps: 0.934 | Loss: 0.3327
[+00:05:05 | ~01:27:50 left] [Ep 277] Reward: 513.51 | Coverage: 53.4% | Eps: 0.934 | Loss: 0.3004
[+00:05:06 | ~01:27:49 left] [Ep 278] Reward: 241.27 | Coverage: 41.4% | Eps: 0.934 | Loss: 0.3269
[+00:05:08 | ~01:27:48 left] [Ep 279] Reward: 436.45 | Coverage: 62.0% | Eps: 0.934 | Loss: 0.3083
[+00:05:09 | ~01:27:47 left] [Ep 280] Reward: 551.11 | Coverage: 52.4% | Eps: 0.933 | Loss: 0.3279
[+00:05:10 | ~01:27:46 left] [Ep 281] Reward: 232.35 | Coverage: 42.6% | Eps: 0.933 | Loss: 0.3495
[+00:05:11 | ~01:27:45 left] [Ep 282] Reward: 540.34 | Coverage: 44.9% | Eps: 0.933 | Loss: 0.3861
[+00:05:12 | ~01:27:44 left] [Ep 283] Reward: 417.20 | Coverage: 54.7% | Eps: 0.933 | Loss: 0.2728
[+00:05:13 | ~01:27:43 left] [Ep 284] Reward: 555.35 | Coverage: 61.0% | Eps: 0.933 | Loss: 0.4073
[+00:05:14 | ~01:27:42 left] [Ep 285] Reward: 251.77 | Coverage: 55.6% | Eps: 0.932 | Loss: 0.2435
[+00:05:15 | ~01:27:40 left] [Ep 286] Reward: 225.06 | Coverage: 59.2% | Eps: 0.932 | Loss: 0.3152
[+00:05:16 | ~01:27:39 left] [Ep 287] Reward: 357.91 | Coverage: 49.1% | Eps: 0.932 | Loss: 0.3444
[+00:05:17 | ~01:27:38 left] [Ep 288] Reward: 630.94 | Coverage: 47.6% | Eps: 0.932 | Loss: 0.3318
[+00:05:18 | ~01:27:37 left] [Ep 289] Reward: 377.10 | Coverage: 61.8% | Eps: 0.931 | Loss: 0.2952
[+00:05:19 | ~01:27:36 left] [Ep 290] Reward: 406.49 | Coverage: 59.3% | Eps: 0.931 | Loss: 0.3115
[+00:05:20 | ~01:27:35 left] [Ep 291] Reward: 275.72 | Coverage: 56.0% | Eps: 0.931 | Loss: 0.2997
[+00:05:21 | ~01:27:34 left] [Ep 292] Reward: 502.72 | Coverage: 64.4% | Eps: 0.931 | Loss: 0.2955
[+00:05:22 | ~01:27:33 left] [Ep 293] Reward: 176.33 | Coverage: 50.1% | Eps: 0.930 | Loss: 0.3526
[+00:05:24 | ~01:27:32 left] [Ep 294] Reward: 400.94 | Coverage: 53.5% | Eps: 0.930 | Loss: 0.3325
[+00:05:25 | ~01:27:31 left] [Ep 295] Reward: 420.46 | Coverage: 62.8% | Eps: 0.930 | Loss: 0.2902
[+00:05:26 | ~01:27:30 left] [Ep 296] Reward: 418.33 | Coverage: 67.9% | Eps: 0.930 | Loss: 0.3535
[+00:05:27 | ~01:27:29 left] [Ep 297] Reward: 320.87 | Coverage: 56.2% | Eps: 0.929 | Loss: 0.3294
[+00:05:28 | ~01:27:28 left] [Ep 298] Reward: 332.58 | Coverage: 66.9% | Eps: 0.929 | Loss: 0.3492
[+00:05:29 | ~01:27:26 left] [Ep 299] Reward: 321.70 | Coverage: 52.3% | Eps: 0.929 | Loss: 0.3415
[+00:05:30 | ~01:27:25 left] [Ep 300] Reward: 392.58 | Coverage: 58.3% | Eps: 0.929 | Loss: 0.2827

[+00:05:30 | ~01:27:25 left] [Eval] Episode 300: Reward=397.60, Coverage=62.0%

[+00:05:31 | ~01:27:24 left] [Ep 301] Reward: 384.30 | Coverage: 55.1% | Eps: 0.929 | Loss: 0.2931
[+00:05:32 | ~01:27:23 left] [Ep 302] Reward: 311.22 | Coverage: 46.0% | Eps: 0.928 | Loss: 0.3450
[+00:05:33 | ~01:27:22 left] [Ep 303] Reward: 319.41 | Coverage: 57.8% | Eps: 0.928 | Loss: 0.3391
[+00:05:35 | ~01:27:21 left] [Ep 304] Reward: 319.00 | Coverage: 62.2% | Eps: 0.928 | Loss: 0.3135
[+00:05:36 | ~01:27:20 left] [Ep 305] Reward: 437.73 | Coverage: 55.2% | Eps: 0.928 | Loss: 0.3186
[+00:05:37 | ~01:27:19 left] [Ep 306] Reward: 272.99 | Coverage: 55.7% | Eps: 0.927 | Loss: 0.3646
[+00:05:38 | ~01:27:18 left] [Ep 307] Reward: 448.03 | Coverage: 65.1% | Eps: 0.927 | Loss: 0.2894
[+00:05:39 | ~01:27:17 left] [Ep 308] Reward: 191.67 | Coverage: 48.2% | Eps: 0.927 | Loss: 0.3345
[+00:05:40 | ~01:27:15 left] [Ep 309] Reward: 323.06 | Coverage: 46.6% | Eps: 0.927 | Loss: 0.3041
[+00:05:41 | ~01:27:14 left] [Ep 310] Reward: 465.18 | Coverage: 52.0% | Eps: 0.926 | Loss: 0.3031
[+00:05:42 | ~01:27:13 left] [Ep 311] Reward: 224.72 | Coverage: 48.5% | Eps: 0.926 | Loss: 0.3553
[+00:05:43 | ~01:27:12 left] [Ep 312] Reward: 313.66 | Coverage: 64.8% | Eps: 0.926 | Loss: 0.3439
[+00:05:44 | ~01:27:11 left] [Ep 313] Reward: 283.95 | Coverage: 58.2% | Eps: 0.926 | Loss: 0.3430
[+00:05:45 | ~01:27:10 left] [Ep 314] Reward: 588.56 | Coverage: 50.7% | Eps: 0.925 | Loss: 0.3623
[+00:05:46 | ~01:27:09 left] [Ep 315] Reward: 397.29 | Coverage: 52.3% | Eps: 0.925 | Loss: 0.3105
[+00:05:47 | ~01:27:08 left] [Ep 316] Reward: 448.69 | Coverage: 74.5% | Eps: 0.925 | Loss: 0.3365
[+00:05:48 | ~01:27:07 left] [Ep 317] Reward: 316.61 | Coverage: 52.3% | Eps: 0.925 | Loss: 0.2964
[+00:05:50 | ~01:27:06 left] [Ep 318] Reward: 350.30 | Coverage: 51.3% | Eps: 0.924 | Loss: 0.3213
[+00:05:51 | ~01:27:05 left] [Ep 319] Reward: 425.03 | Coverage: 58.1% | Eps: 0.924 | Loss: 0.3027
[+00:05:52 | ~01:27:04 left] [Ep 320] Reward: 67.42 | Coverage: 60.3% | Eps: 0.924 | Loss: 0.3113
[+00:05:53 | ~01:27:02 left] [Ep 321] Reward: 267.17 | Coverage: 57.6% | Eps: 0.924 | Loss: 0.3308
[+00:05:54 | ~01:27:01 left] [Ep 322] Reward: 265.35 | Coverage: 50.4% | Eps: 0.924 | Loss: 0.2738
[+00:05:55 | ~01:27:00 left] [Ep 323] Reward: 308.22 | Coverage: 48.8% | Eps: 0.923 | Loss: 0.3898
[+00:05:56 | ~01:26:59 left] [Ep 324] Reward: 215.50 | Coverage: 60.0% | Eps: 0.923 | Loss: 0.2654
[+00:05:57 | ~01:26:58 left] [Ep 325] Reward: 358.48 | Coverage: 55.9% | Eps: 0.923 | Loss: 0.2566
[+00:05:58 | ~01:26:57 left] [Ep 326] Reward: 364.01 | Coverage: 45.7% | Eps: 0.923 | Loss: 0.3511
[+00:05:59 | ~01:26:56 left] [Ep 327] Reward: 267.31 | Coverage: 63.7% | Eps: 0.922 | Loss: 0.3359
[+00:06:00 | ~01:26:55 left] [Ep 328] Reward: 241.59 | Coverage: 61.2% | Eps: 0.922 | Loss: 0.3288
[+00:06:02 | ~01:26:54 left] [Ep 329] Reward: 540.33 | Coverage: 54.7% | Eps: 0.922 | Loss: 0.3285
[+00:06:03 | ~01:26:53 left] [Ep 330] Reward: 184.80 | Coverage: 54.5% | Eps: 0.922 | Loss: 0.3024
[+00:06:04 | ~01:26:52 left] [Ep 331] Reward: 231.05 | Coverage: 57.7% | Eps: 0.921 | Loss: 0.2665
[+00:06:05 | ~01:26:51 left] [Ep 332] Reward: 293.82 | Coverage: 51.8% | Eps: 0.921 | Loss: 0.3050
[+00:06:06 | ~01:26:49 left] [Ep 333] Reward: 296.85 | Coverage: 47.6% | Eps: 0.921 | Loss: 0.2744
[+00:06:07 | ~01:26:48 left] [Ep 334] Reward: 522.72 | Coverage: 58.3% | Eps: 0.921 | Loss: 0.3400
[+00:06:08 | ~01:26:47 left] [Ep 335] Reward: 205.18 | Coverage: 47.0% | Eps: 0.920 | Loss: 0.2947
[+00:06:09 | ~01:26:46 left] [Ep 336] Reward: 427.31 | Coverage: 58.7% | Eps: 0.920 | Loss: 0.2671
[+00:06:10 | ~01:26:45 left] [Ep 337] Reward: 497.57 | Coverage: 47.0% | Eps: 0.920 | Loss: 0.2868
[+00:06:11 | ~01:26:44 left] [Ep 338] Reward: 469.17 | Coverage: 55.6% | Eps: 0.920 | Loss: 0.3157
[+00:06:12 | ~01:26:43 left] [Ep 339] Reward: 259.48 | Coverage: 55.3% | Eps: 0.919 | Loss: 0.2761
[+00:06:13 | ~01:26:42 left] [Ep 340] Reward: 362.89 | Coverage: 67.6% | Eps: 0.919 | Loss: 0.2653
[+00:06:15 | ~01:26:41 left] [Ep 341] Reward: 472.50 | Coverage: 49.4% | Eps: 0.919 | Loss: 0.3075
[+00:06:16 | ~01:26:40 left] [Ep 342] Reward: 515.40 | Coverage: 47.2% | Eps: 0.919 | Loss: 0.3070
[+00:06:17 | ~01:26:39 left] [Ep 343] Reward: 222.18 | Coverage: 52.1% | Eps: 0.919 | Loss: 0.2765
[+00:06:18 | ~01:26:38 left] [Ep 344] Reward: 541.84 | Coverage: 49.0% | Eps: 0.918 | Loss: 0.2774
[+00:06:19 | ~01:26:37 left] [Ep 345] Reward: 360.38 | Coverage: 52.4% | Eps: 0.918 | Loss: 0.3051
[+00:06:20 | ~01:26:35 left] [Ep 346] Reward: 206.32 | Coverage: 58.9% | Eps: 0.918 | Loss: 0.2374
[+00:06:21 | ~01:26:34 left] [Ep 347] Reward: 377.21 | Coverage: 61.2% | Eps: 0.918 | Loss: 0.2385
[+00:06:22 | ~01:26:33 left] [Ep 348] Reward: 294.70 | Coverage: 66.8% | Eps: 0.917 | Loss: 0.2656
[+00:06:23 | ~01:26:32 left] [Ep 349] Reward: 313.39 | Coverage: 51.5% | Eps: 0.917 | Loss: 0.2853
[+00:06:24 | ~01:26:31 left] [Ep 350] Reward: 268.91 | Coverage: 73.1% | Eps: 0.917 | Loss: 0.3058
[+00:06:25 | ~01:26:30 left] [Ep 351] Reward: 271.64 | Coverage: 68.9% | Eps: 0.917 | Loss: 0.3519
[+00:06:26 | ~01:26:29 left] [Ep 352] Reward: 316.58 | Coverage: 54.9% | Eps: 0.916 | Loss: 0.3267
[+00:06:28 | ~01:26:28 left] [Ep 353] Reward: 360.44 | Coverage: 41.6% | Eps: 0.916 | Loss: 0.2855
[+00:06:29 | ~01:26:27 left] [Ep 354] Reward: 339.73 | Coverage: 55.7% | Eps: 0.916 | Loss: 0.2907
[+00:06:30 | ~01:26:26 left] [Ep 355] Reward: 353.81 | Coverage: 56.7% | Eps: 0.916 | Loss: 0.2508
[+00:06:31 | ~01:26:25 left] [Ep 356] Reward: 416.01 | Coverage: 41.5% | Eps: 0.915 | Loss: 0.2897
[+00:06:32 | ~01:26:24 left] [Ep 357] Reward: 319.94 | Coverage: 56.7% | Eps: 0.915 | Loss: 0.2784
[+00:06:33 | ~01:26:23 left] [Ep 358] Reward: 507.74 | Coverage: 54.9% | Eps: 0.915 | Loss: 0.3024
[+00:06:34 | ~01:26:21 left] [Ep 359] Reward: 371.15 | Coverage: 51.2% | Eps: 0.915 | Loss: 0.2559
[+00:06:35 | ~01:26:20 left] [Ep 360] Reward: 309.30 | Coverage: 60.2% | Eps: 0.914 | Loss: 0.3092
[+00:06:36 | ~01:26:19 left] [Ep 361] Reward: 423.20 | Coverage: 62.7% | Eps: 0.914 | Loss: 0.3493
[+00:06:37 | ~01:26:18 left] [Ep 362] Reward: 391.03 | Coverage: 53.1% | Eps: 0.914 | Loss: 0.2831
[+00:06:38 | ~01:26:17 left] [Ep 363] Reward: 311.01 | Coverage: 57.7% | Eps: 0.914 | Loss: 0.3030
[+00:06:39 | ~01:26:16 left] [Ep 364] Reward: 366.93 | Coverage: 52.0% | Eps: 0.914 | Loss: 0.3141
[+00:06:41 | ~01:26:15 left] [Ep 365] Reward: 296.29 | Coverage: 51.2% | Eps: 0.913 | Loss: 0.2699
[+00:06:42 | ~01:26:14 left] [Ep 366] Reward: 292.75 | Coverage: 56.7% | Eps: 0.913 | Loss: 0.2945
[+00:06:43 | ~01:26:13 left] [Ep 367] Reward: 479.20 | Coverage: 59.6% | Eps: 0.913 | Loss: 0.2855
[+00:06:44 | ~01:26:12 left] [Ep 368] Reward: 323.00 | Coverage: 52.6% | Eps: 0.913 | Loss: 0.2884
[+00:06:45 | ~01:26:11 left] [Ep 369] Reward: 443.75 | Coverage: 42.1% | Eps: 0.912 | Loss: 0.2531
[+00:06:46 | ~01:26:09 left] [Ep 370] Reward: 240.61 | Coverage: 60.0% | Eps: 0.912 | Loss: 0.2845
[+00:06:47 | ~01:26:08 left] [Ep 371] Reward: 518.03 | Coverage: 46.0% | Eps: 0.912 | Loss: 0.3029
[+00:06:48 | ~01:26:07 left] [Ep 372] Reward: 483.68 | Coverage: 57.0% | Eps: 0.912 | Loss: 0.3405
[+00:06:49 | ~01:26:06 left] [Ep 373] Reward: 494.66 | Coverage: 67.6% | Eps: 0.911 | Loss: 0.3204
[+00:06:50 | ~01:26:05 left] [Ep 374] Reward: 350.89 | Coverage: 56.1% | Eps: 0.911 | Loss: 0.3676
[+00:06:51 | ~01:26:04 left] [Ep 375] Reward: 342.06 | Coverage: 48.6% | Eps: 0.911 | Loss: 0.2503
[+00:06:52 | ~01:26:03 left] [Ep 376] Reward: 113.41 | Coverage: 46.9% | Eps: 0.911 | Loss: 0.3154
[+00:06:54 | ~01:26:02 left] [Ep 377] Reward: 399.47 | Coverage: 63.7% | Eps: 0.910 | Loss: 0.2873
[+00:06:55 | ~01:26:01 left] [Ep 378] Reward: 472.55 | Coverage: 56.1% | Eps: 0.910 | Loss: 0.3671
[+00:06:56 | ~01:26:00 left] [Ep 379] Reward: 485.40 | Coverage: 59.7% | Eps: 0.910 | Loss: 0.2467
[+00:06:57 | ~01:25:58 left] [Ep 380] Reward: 409.29 | Coverage: 62.2% | Eps: 0.910 | Loss: 0.2449
[+00:06:58 | ~01:25:57 left] [Ep 381] Reward: 257.93 | Coverage: 55.9% | Eps: 0.910 | Loss: 0.2540
[+00:06:59 | ~01:25:56 left] [Ep 382] Reward: 591.77 | Coverage: 54.3% | Eps: 0.909 | Loss: 0.1925
[+00:07:00 | ~01:25:55 left] [Ep 383] Reward: 274.56 | Coverage: 50.2% | Eps: 0.909 | Loss: 0.2560
[+00:07:01 | ~01:25:54 left] [Ep 384] Reward: 281.19 | Coverage: 36.5% | Eps: 0.909 | Loss: 0.2461
[+00:07:02 | ~01:25:53 left] [Ep 385] Reward: 105.84 | Coverage: 46.5% | Eps: 0.909 | Loss: 0.2820
[+00:07:03 | ~01:25:52 left] [Ep 386] Reward: 318.16 | Coverage: 55.8% | Eps: 0.908 | Loss: 0.2892
[+00:07:05 | ~01:25:51 left] [Ep 387] Reward: 290.50 | Coverage: 55.1% | Eps: 0.908 | Loss: 0.3500
[+00:07:06 | ~01:25:49 left] [Ep 388] Reward: 356.67 | Coverage: 58.8% | Eps: 0.908 | Loss: 0.3125
[+00:07:07 | ~01:25:48 left] [Ep 389] Reward: 243.48 | Coverage: 55.4% | Eps: 0.908 | Loss: 0.2509
[+00:07:08 | ~01:25:47 left] [Ep 390] Reward: 482.75 | Coverage: 57.3% | Eps: 0.907 | Loss: 0.2376
[+00:07:09 | ~01:25:46 left] [Ep 391] Reward: 290.10 | Coverage: 61.3% | Eps: 0.907 | Loss: 0.2927
[+00:07:10 | ~01:25:45 left] [Ep 392] Reward: 387.67 | Coverage: 50.6% | Eps: 0.907 | Loss: 0.2197
[+00:07:11 | ~01:25:44 left] [Ep 393] Reward: 457.33 | Coverage: 54.4% | Eps: 0.907 | Loss: 0.3453
[+00:07:12 | ~01:25:43 left] [Ep 394] Reward: 277.94 | Coverage: 46.0% | Eps: 0.906 | Loss: 0.3187
[+00:07:13 | ~01:25:42 left] [Ep 395] Reward: 481.41 | Coverage: 62.5% | Eps: 0.906 | Loss: 0.2523
[+00:07:15 | ~01:25:41 left] [Ep 396] Reward: 302.72 | Coverage: 56.5% | Eps: 0.906 | Loss: 0.2020
[+00:07:16 | ~01:25:40 left] [Ep 397] Reward: 348.96 | Coverage: 59.4% | Eps: 0.906 | Loss: 0.3242
[+00:07:17 | ~01:25:39 left] [Ep 398] Reward: 376.10 | Coverage: 66.1% | Eps: 0.905 | Loss: 0.2650
[+00:07:18 | ~01:25:37 left] [Ep 399] Reward: 205.51 | Coverage: 63.2% | Eps: 0.905 | Loss: 0.3186
[+00:07:19 | ~01:25:36 left] [Ep 400] Reward: 328.86 | Coverage: 55.9% | Eps: 0.905 | Loss: 0.2048

[+00:07:19 | ~01:25:36 left] [Eval] Episode 400: Reward=313.96, Coverage=56.2%

[+00:07:20 | ~01:25:35 left] [Ep 401] Reward: 381.78 | Coverage: 61.3% | Eps: 0.905 | Loss: 0.2441
[+00:07:21 | ~01:25:34 left] [Ep 402] Reward: 407.32 | Coverage: 47.1% | Eps: 0.905 | Loss: 0.2678
[+00:07:22 | ~01:25:33 left] [Ep 403] Reward: 218.98 | Coverage: 59.0% | Eps: 0.904 | Loss: 0.2690
[+00:07:23 | ~01:25:32 left] [Ep 404] Reward: 270.71 | Coverage: 57.1% | Eps: 0.904 | Loss: 0.2486
[+00:07:25 | ~01:25:31 left] [Ep 405] Reward: 490.27 | Coverage: 45.9% | Eps: 0.904 | Loss: 0.2910
[+00:07:26 | ~01:25:29 left] [Ep 406] Reward: 73.97 | Coverage: 64.8% | Eps: 0.904 | Loss: 0.2229
[+00:07:27 | ~01:25:28 left] [Ep 407] Reward: 323.55 | Coverage: 51.7% | Eps: 0.903 | Loss: 0.2595
[+00:07:28 | ~01:25:27 left] [Ep 408] Reward: 349.92 | Coverage: 60.6% | Eps: 0.903 | Loss: 0.2695
[+00:07:29 | ~01:25:26 left] [Ep 409] Reward: 385.63 | Coverage: 53.6% | Eps: 0.903 | Loss: 0.2848
[+00:07:30 | ~01:25:25 left] [Ep 410] Reward: 513.22 | Coverage: 62.6% | Eps: 0.903 | Loss: 0.2922
[+00:07:31 | ~01:25:24 left] [Ep 411] Reward: 359.59 | Coverage: 64.7% | Eps: 0.902 | Loss: 0.2182
[+00:07:32 | ~01:25:23 left] [Ep 412] Reward: 383.72 | Coverage: 50.9% | Eps: 0.902 | Loss: 0.2014
[+00:07:33 | ~01:25:22 left] [Ep 413] Reward: 209.23 | Coverage: 46.5% | Eps: 0.902 | Loss: 0.3134
[+00:07:35 | ~01:25:21 left] [Ep 414] Reward: 496.03 | Coverage: 55.4% | Eps: 0.902 | Loss: 0.2751
[+00:07:36 | ~01:25:20 left] [Ep 415] Reward: 394.18 | Coverage: 61.7% | Eps: 0.901 | Loss: 0.2314
[+00:07:37 | ~01:25:19 left] [Ep 416] Reward: 367.45 | Coverage: 53.9% | Eps: 0.901 | Loss: 0.3229
[+00:07:38 | ~01:25:17 left] [Ep 417] Reward: 452.74 | Coverage: 52.3% | Eps: 0.901 | Loss: 0.2650
[+00:07:39 | ~01:25:16 left] [Ep 418] Reward: 257.13 | Coverage: 59.4% | Eps: 0.901 | Loss: 0.3071
[+00:07:40 | ~01:25:15 left] [Ep 419] Reward: 486.00 | Coverage: 38.6% | Eps: 0.900 | Loss: 0.2621
[+00:07:41 | ~01:25:14 left] [Ep 420] Reward: 359.56 | Coverage: 52.0% | Eps: 0.900 | Loss: 0.3414
[+00:07:42 | ~01:25:13 left] [Ep 421] Reward: 400.66 | Coverage: 47.4% | Eps: 0.900 | Loss: 0.3287
[+00:07:43 | ~01:25:12 left] [Ep 422] Reward: 164.54 | Coverage: 58.2% | Eps: 0.900 | Loss: 0.2481
[+00:07:44 | ~01:25:11 left] [Ep 423] Reward: 325.88 | Coverage: 51.6% | Eps: 0.900 | Loss: 0.2964
[+00:07:45 | ~01:25:10 left] [Ep 424] Reward: 541.82 | Coverage: 49.1% | Eps: 0.899 | Loss: 0.2829
[+00:07:47 | ~01:25:09 left] [Ep 425] Reward: 360.56 | Coverage: 54.0% | Eps: 0.899 | Loss: 0.3114
[+00:07:48 | ~01:25:08 left] [Ep 426] Reward: 278.74 | Coverage: 46.9% | Eps: 0.899 | Loss: 0.2176
[+00:07:49 | ~01:25:06 left] [Ep 427] Reward: 201.38 | Coverage: 56.2% | Eps: 0.899 | Loss: 0.2832
[+00:07:50 | ~01:25:05 left] [Ep 428] Reward: 405.56 | Coverage: 51.9% | Eps: 0.898 | Loss: 0.2976
[+00:07:51 | ~01:25:04 left] [Ep 429] Reward: 279.81 | Coverage: 53.9% | Eps: 0.898 | Loss: 0.1845
[+00:07:52 | ~01:25:03 left] [Ep 430] Reward: 279.26 | Coverage: 51.7% | Eps: 0.898 | Loss: 0.2070
[+00:07:53 | ~01:25:02 left] [Ep 431] Reward: 339.87 | Coverage: 62.1% | Eps: 0.898 | Loss: 0.1723
[+00:07:54 | ~01:25:01 left] [Ep 432] Reward: 281.41 | Coverage: 55.6% | Eps: 0.897 | Loss: 0.2427
[+00:07:55 | ~01:25:00 left] [Ep 433] Reward: 361.38 | Coverage: 59.6% | Eps: 0.897 | Loss: 0.2817
[+00:07:56 | ~01:24:59 left] [Ep 434] Reward: 398.96 | Coverage: 59.3% | Eps: 0.897 | Loss: 0.3127
[+00:07:57 | ~01:24:58 left] [Ep 435] Reward: 316.75 | Coverage: 51.1% | Eps: 0.897 | Loss: 0.2551
[+00:07:58 | ~01:24:57 left] [Ep 436] Reward: 422.31 | Coverage: 59.9% | Eps: 0.896 | Loss: 0.3168
[+00:08:00 | ~01:24:56 left] [Ep 437] Reward: 324.24 | Coverage: 58.5% | Eps: 0.896 | Loss: 0.1960
[+00:08:01 | ~01:24:55 left] [Ep 438] Reward: 201.49 | Coverage: 58.3% | Eps: 0.896 | Loss: 0.1827
[+00:08:02 | ~01:24:53 left] [Ep 439] Reward: 406.47 | Coverage: 53.7% | Eps: 0.896 | Loss: 0.2481
[+00:08:03 | ~01:24:52 left] [Ep 440] Reward: 219.45 | Coverage: 53.5% | Eps: 0.895 | Loss: 0.2653
[+00:08:04 | ~01:24:51 left] [Ep 441] Reward: 542.49 | Coverage: 61.3% | Eps: 0.895 | Loss: 0.2482
[+00:08:05 | ~01:24:50 left] [Ep 442] Reward: 269.75 | Coverage: 70.2% | Eps: 0.895 | Loss: 0.1664
[+00:08:06 | ~01:24:49 left] [Ep 443] Reward: 320.41 | Coverage: 51.0% | Eps: 0.895 | Loss: 0.2451
[+00:08:07 | ~01:24:48 left] [Ep 444] Reward: 361.44 | Coverage: 59.7% | Eps: 0.895 | Loss: 0.1960
[+00:08:08 | ~01:24:47 left] [Ep 445] Reward: 399.43 | Coverage: 53.9% | Eps: 0.894 | Loss: 0.2746
[+00:08:09 | ~01:24:46 left] [Ep 446] Reward: 491.76 | Coverage: 61.3% | Eps: 0.894 | Loss: 0.2620
[+00:08:10 | ~01:24:45 left] [Ep 447] Reward: 314.52 | Coverage: 59.1% | Eps: 0.894 | Loss: 0.2094
[+00:08:12 | ~01:24:44 left] [Ep 448] Reward: 413.97 | Coverage: 63.1% | Eps: 0.894 | Loss: 0.2260
[+00:08:13 | ~01:24:43 left] [Ep 449] Reward: 399.64 | Coverage: 38.4% | Eps: 0.893 | Loss: 0.2037
[+00:08:14 | ~01:24:42 left] [Ep 450] Reward: 465.59 | Coverage: 52.4% | Eps: 0.893 | Loss: 0.2432
[+00:08:15 | ~01:24:41 left] [Ep 451] Reward: 383.45 | Coverage: 50.0% | Eps: 0.893 | Loss: 0.2835
[+00:08:16 | ~01:24:39 left] [Ep 452] Reward: 365.06 | Coverage: 55.6% | Eps: 0.893 | Loss: 0.2055
[+00:08:17 | ~01:24:38 left] [Ep 453] Reward: 282.68 | Coverage: 51.7% | Eps: 0.892 | Loss: 0.2646
[+00:08:18 | ~01:24:37 left] [Ep 454] Reward: 335.40 | Coverage: 52.2% | Eps: 0.892 | Loss: 0.2229
[+00:08:19 | ~01:24:36 left] [Ep 455] Reward: 430.22 | Coverage: 60.6% | Eps: 0.892 | Loss: 0.2120
[+00:08:20 | ~01:24:35 left] [Ep 456] Reward: 322.36 | Coverage: 68.5% | Eps: 0.892 | Loss: 0.2390
[+00:08:21 | ~01:24:34 left] [Ep 457] Reward: 318.68 | Coverage: 38.2% | Eps: 0.891 | Loss: 0.2015
[+00:08:23 | ~01:24:33 left] [Ep 458] Reward: 418.38 | Coverage: 54.3% | Eps: 0.891 | Loss: 0.2204
[+00:08:24 | ~01:24:32 left] [Ep 459] Reward: 289.35 | Coverage: 58.3% | Eps: 0.891 | Loss: 0.1942
[+00:08:25 | ~01:24:30 left] [Ep 460] Reward: 432.22 | Coverage: 56.3% | Eps: 0.891 | Loss: 0.3203
[+00:08:26 | ~01:24:29 left] [Ep 461] Reward: 360.53 | Coverage: 54.1% | Eps: 0.891 | Loss: 0.2428
[+00:08:27 | ~01:24:28 left] [Ep 462] Reward: 311.79 | Coverage: 47.6% | Eps: 0.890 | Loss: 0.2130
[+00:08:28 | ~01:24:27 left] [Ep 463] Reward: 378.91 | Coverage: 50.3% | Eps: 0.890 | Loss: 0.2491
[+00:08:29 | ~01:24:26 left] [Ep 464] Reward: 251.60 | Coverage: 60.9% | Eps: 0.890 | Loss: 0.2357
[+00:08:30 | ~01:24:25 left] [Ep 465] Reward: 393.22 | Coverage: 63.2% | Eps: 0.890 | Loss: 0.2310
[+00:08:32 | ~01:24:24 left] [Ep 466] Reward: 444.68 | Coverage: 56.9% | Eps: 0.889 | Loss: 0.2640
[+00:08:33 | ~01:24:22 left] [Ep 467] Reward: 347.58 | Coverage: 50.9% | Eps: 0.889 | Loss: 0.2694
[+00:08:34 | ~01:24:21 left] [Ep 468] Reward: 354.23 | Coverage: 56.9% | Eps: 0.889 | Loss: 0.2175
[+00:08:35 | ~01:24:20 left] [Ep 469] Reward: 220.69 | Coverage: 54.8% | Eps: 0.889 | Loss: 0.2153
[+00:08:36 | ~01:24:19 left] [Ep 470] Reward: 443.30 | Coverage: 59.8% | Eps: 0.888 | Loss: 0.2270
[+00:08:37 | ~01:24:18 left] [Ep 471] Reward: 98.68 | Coverage: 57.1% | Eps: 0.888 | Loss: 0.1456
[+00:08:38 | ~01:24:17 left] [Ep 472] Reward: 215.33 | Coverage: 52.3% | Eps: 0.888 | Loss: 0.1767
[+00:08:40 | ~01:24:16 left] [Ep 473] Reward: 462.09 | Coverage: 57.5% | Eps: 0.888 | Loss: 0.2916
[+00:08:41 | ~01:24:15 left] [Ep 474] Reward: 291.47 | Coverage: 48.7% | Eps: 0.887 | Loss: 0.3024
[+00:08:42 | ~01:24:13 left] [Ep 475] Reward: 390.55 | Coverage: 61.5% | Eps: 0.887 | Loss: 0.2263
[+00:08:43 | ~01:24:12 left] [Ep 476] Reward: 393.42 | Coverage: 63.9% | Eps: 0.887 | Loss: 0.2590
[+00:08:44 | ~01:24:11 left] [Ep 477] Reward: 421.51 | Coverage: 48.8% | Eps: 0.887 | Loss: 0.2480
[+00:08:45 | ~01:24:10 left] [Ep 478] Reward: 376.83 | Coverage: 59.0% | Eps: 0.886 | Loss: 0.3584
[+00:08:46 | ~01:24:09 left] [Ep 479] Reward: 467.67 | Coverage: 50.0% | Eps: 0.886 | Loss: 0.2797
[+00:08:47 | ~01:24:08 left] [Ep 480] Reward: 390.88 | Coverage: 63.2% | Eps: 0.886 | Loss: 0.2295
[+00:08:48 | ~01:24:07 left] [Ep 481] Reward: 147.31 | Coverage: 62.1% | Eps: 0.886 | Loss: 0.1960
[+00:08:49 | ~01:24:06 left] [Ep 482] Reward: 258.45 | Coverage: 54.8% | Eps: 0.886 | Loss: 0.1697
[+00:08:51 | ~01:24:05 left] [Ep 483] Reward: 488.37 | Coverage: 62.7% | Eps: 0.885 | Loss: 0.2418
[+00:08:52 | ~01:24:04 left] [Ep 484] Reward: 381.60 | Coverage: 53.5% | Eps: 0.885 | Loss: 0.2031
[+00:08:53 | ~01:24:02 left] [Ep 485] Reward: 511.13 | Coverage: 52.2% | Eps: 0.885 | Loss: 0.1761
[+00:08:54 | ~01:24:01 left] [Ep 486] Reward: 404.95 | Coverage: 52.7% | Eps: 0.885 | Loss: 0.2068
[+00:08:55 | ~01:24:00 left] [Ep 487] Reward: 413.28 | Coverage: 55.4% | Eps: 0.884 | Loss: 0.1891
[+00:08:56 | ~01:23:59 left] [Ep 488] Reward: 370.18 | Coverage: 54.2% | Eps: 0.884 | Loss: 0.2996
[+00:08:57 | ~01:23:58 left] [Ep 489] Reward: 380.56 | Coverage: 57.3% | Eps: 0.884 | Loss: 0.2670
[+00:08:58 | ~01:23:57 left] [Ep 490] Reward: 552.76 | Coverage: 52.4% | Eps: 0.884 | Loss: 0.2312
[+00:08:59 | ~01:23:56 left] [Ep 491] Reward: 422.99 | Coverage: 61.2% | Eps: 0.883 | Loss: 0.2904
[+00:09:01 | ~01:23:55 left] [Ep 492] Reward: 310.37 | Coverage: 62.8% | Eps: 0.883 | Loss: 0.2340
[+00:09:02 | ~01:23:54 left] [Ep 493] Reward: 324.27 | Coverage: 53.1% | Eps: 0.883 | Loss: 0.1962
[+00:09:03 | ~01:23:52 left] [Ep 494] Reward: 451.63 | Coverage: 47.2% | Eps: 0.883 | Loss: 0.2913
[+00:09:04 | ~01:23:51 left] [Ep 495] Reward: 457.51 | Coverage: 60.9% | Eps: 0.882 | Loss: 0.2516
[+00:09:05 | ~01:23:50 left] [Ep 496] Reward: 388.43 | Coverage: 63.6% | Eps: 0.882 | Loss: 0.1883
[+00:09:06 | ~01:23:49 left] [Ep 497] Reward: 346.47 | Coverage: 55.3% | Eps: 0.882 | Loss: 0.2219
[+00:09:07 | ~01:23:48 left] [Ep 498] Reward: 381.64 | Coverage: 48.1% | Eps: 0.882 | Loss: 0.1942
[+00:09:08 | ~01:23:47 left] [Ep 499] Reward: 349.56 | Coverage: 58.0% | Eps: 0.881 | Loss: 0.1737
[+00:09:09 | ~01:23:46 left] [Ep 500] Reward: 572.15 | Coverage: 66.1% | Eps: 0.881 | Loss: 0.2658

[+00:09:09 | ~01:23:46 left] [Eval] Episode 500: Reward=573.42, Coverage=63.4%

[+00:09:10 | ~01:23:45 left] [Ep 501] Reward: 399.04 | Coverage: 44.3% | Eps: 0.881 | Loss: 0.3048
[+00:09:11 | ~01:23:44 left] [Ep 502] Reward: 342.95 | Coverage: 59.4% | Eps: 0.881 | Loss: 0.1723
[+00:09:12 | ~01:23:43 left] [Ep 503] Reward: 482.47 | Coverage: 54.3% | Eps: 0.881 | Loss: 0.2505
[+00:09:13 | ~01:23:42 left] [Ep 504] Reward: 244.67 | Coverage: 50.8% | Eps: 0.880 | Loss: 0.2017
[+00:09:14 | ~01:23:41 left] [Ep 505] Reward: 344.08 | Coverage: 59.5% | Eps: 0.880 | Loss: 0.2080
[+00:09:16 | ~01:23:40 left] [Ep 506] Reward: 188.48 | Coverage: 48.0% | Eps: 0.880 | Loss: 0.2035
[+00:09:17 | ~01:23:38 left] [Ep 507] Reward: 277.62 | Coverage: 58.2% | Eps: 0.880 | Loss: 0.1924
[+00:09:18 | ~01:23:37 left] [Ep 508] Reward: 435.30 | Coverage: 64.7% | Eps: 0.879 | Loss: 0.2287
[+00:09:19 | ~01:23:36 left] [Ep 509] Reward: 355.38 | Coverage: 57.4% | Eps: 0.879 | Loss: 0.1933
[+00:09:20 | ~01:23:35 left] [Ep 510] Reward: 395.62 | Coverage: 50.7% | Eps: 0.879 | Loss: 0.2371
[+00:09:21 | ~01:23:34 left] [Ep 511] Reward: 286.34 | Coverage: 44.9% | Eps: 0.879 | Loss: 0.2241
[+00:09:23 | ~01:23:33 left] [Ep 512] Reward: 219.47 | Coverage: 48.1% | Eps: 0.878 | Loss: 0.2163
[+00:09:23 | ~01:23:32 left] [Ep 513] Reward: 706.96 | Coverage: 44.5% | Eps: 0.878 | Loss: 0.1893
[+00:09:25 | ~01:23:31 left] [Ep 514] Reward: 203.28 | Coverage: 66.6% | Eps: 0.878 | Loss: 0.2024
[+00:09:26 | ~01:23:29 left] [Ep 515] Reward: 335.14 | Coverage: 54.7% | Eps: 0.878 | Loss: 0.2554
[+00:09:27 | ~01:23:28 left] [Ep 516] Reward: 329.06 | Coverage: 49.6% | Eps: 0.877 | Loss: 0.2451
[+00:09:28 | ~01:23:27 left] [Ep 517] Reward: 253.93 | Coverage: 48.0% | Eps: 0.877 | Loss: 0.1857
[+00:09:29 | ~01:23:26 left] [Ep 518] Reward: 393.05 | Coverage: 49.5% | Eps: 0.877 | Loss: 0.2286
[+00:09:30 | ~01:23:25 left] [Ep 519] Reward: 407.37 | Coverage: 54.2% | Eps: 0.877 | Loss: 0.2545
[+00:09:31 | ~01:23:24 left] [Ep 520] Reward: 444.31 | Coverage: 48.1% | Eps: 0.877 | Loss: 0.1575
[+00:09:32 | ~01:23:23 left] [Ep 521] Reward: 370.15 | Coverage: 67.1% | Eps: 0.876 | Loss: 0.2458
[+00:09:33 | ~01:23:22 left] [Ep 522] Reward: 178.32 | Coverage: 51.5% | Eps: 0.876 | Loss: 0.1974
[+00:09:34 | ~01:23:21 left] [Ep 523] Reward: 180.53 | Coverage: 51.3% | Eps: 0.876 | Loss: 0.2465
[+00:09:36 | ~01:23:20 left] [Ep 524] Reward: 502.36 | Coverage: 58.3% | Eps: 0.876 | Loss: 0.1930
[+00:09:37 | ~01:23:19 left] [Ep 525] Reward: 192.21 | Coverage: 65.6% | Eps: 0.875 | Loss: 0.1512
[+00:09:38 | ~01:23:17 left] [Ep 526] Reward: 236.02 | Coverage: 64.8% | Eps: 0.875 | Loss: 0.1581
[+00:09:39 | ~01:23:16 left] [Ep 527] Reward: 350.06 | Coverage: 53.2% | Eps: 0.875 | Loss: 0.2250
[+00:09:40 | ~01:23:15 left] [Ep 528] Reward: 423.60 | Coverage: 58.0% | Eps: 0.875 | Loss: 0.2333
[+00:09:41 | ~01:23:14 left] [Ep 529] Reward: 263.45 | Coverage: 57.3% | Eps: 0.874 | Loss: 0.1866
[+00:09:42 | ~01:23:13 left] [Ep 530] Reward: 252.70 | Coverage: 59.7% | Eps: 0.874 | Loss: 0.2481
[+00:09:43 | ~01:23:12 left] [Ep 531] Reward: 299.59 | Coverage: 58.0% | Eps: 0.874 | Loss: 0.1560
[+00:09:44 | ~01:23:11 left] [Ep 532] Reward: 226.30 | Coverage: 50.3% | Eps: 0.874 | Loss: 0.2197
[+00:09:45 | ~01:23:10 left] [Ep 533] Reward: 462.65 | Coverage: 48.3% | Eps: 0.873 | Loss: 0.1737
[+00:09:47 | ~01:23:09 left] [Ep 534] Reward: 285.26 | Coverage: 57.5% | Eps: 0.873 | Loss: 0.1960
[+00:09:48 | ~01:23:08 left] [Ep 535] Reward: 470.95 | Coverage: 48.8% | Eps: 0.873 | Loss: 0.2238
[+00:09:49 | ~01:23:06 left] [Ep 536] Reward: 299.31 | Coverage: 65.1% | Eps: 0.873 | Loss: 0.1874
[+00:09:50 | ~01:23:05 left] [Ep 537] Reward: 348.00 | Coverage: 56.6% | Eps: 0.872 | Loss: 0.2063
[+00:09:51 | ~01:23:04 left] [Ep 538] Reward: 466.16 | Coverage: 49.8% | Eps: 0.872 | Loss: 0.2618
[+00:09:52 | ~01:23:03 left] [Ep 539] Reward: 378.56 | Coverage: 54.3% | Eps: 0.872 | Loss: 0.1984
[+00:09:54 | ~01:23:02 left] [Ep 540] Reward: 431.81 | Coverage: 53.1% | Eps: 0.872 | Loss: 0.2548
[+00:09:54 | ~01:23:01 left] [Ep 541] Reward: 352.51 | Coverage: 55.5% | Eps: 0.872 | Loss: 0.1761
[+00:09:55 | ~01:23:00 left] [Ep 542] Reward: 269.75 | Coverage: 62.4% | Eps: 0.871 | Loss: 0.2423
[+00:09:57 | ~01:22:59 left] [Ep 543] Reward: 327.64 | Coverage: 47.1% | Eps: 0.871 | Loss: 0.2787
[+00:09:58 | ~01:22:58 left] [Ep 544] Reward: 324.08 | Coverage: 44.4% | Eps: 0.871 | Loss: 0.1221
[+00:09:59 | ~01:22:57 left] [Ep 545] Reward: 477.36 | Coverage: 58.5% | Eps: 0.871 | Loss: 0.1890
[+00:10:00 | ~01:22:55 left] [Ep 546] Reward: 286.80 | Coverage: 55.2% | Eps: 0.870 | Loss: 0.2439
[+00:10:01 | ~01:22:54 left] [Ep 547] Reward: 392.12 | Coverage: 57.4% | Eps: 0.870 | Loss: 0.2126
[+00:10:02 | ~01:22:53 left] [Ep 548] Reward: 336.65 | Coverage: 59.2% | Eps: 0.870 | Loss: 0.2355
[+00:10:03 | ~01:22:52 left] [Ep 549] Reward: 218.14 | Coverage: 55.2% | Eps: 0.870 | Loss: 0.1964
[+00:10:04 | ~01:22:51 left] [Ep 550] Reward: 301.52 | Coverage: 61.5% | Eps: 0.869 | Loss: 0.2240
[+00:10:05 | ~01:22:50 left] [Ep 551] Reward: 177.77 | Coverage: 50.6% | Eps: 0.869 | Loss: 0.2142
[+00:10:06 | ~01:22:49 left] [Ep 552] Reward: 348.98 | Coverage: 56.8% | Eps: 0.869 | Loss: 0.2671
[+00:10:08 | ~01:22:48 left] [Ep 553] Reward: 529.04 | Coverage: 51.0% | Eps: 0.869 | Loss: 0.2305
[+00:10:09 | ~01:22:47 left] [Ep 554] Reward: 304.82 | Coverage: 49.1% | Eps: 0.868 | Loss: 0.2338
[+00:10:10 | ~01:22:46 left] [Ep 555] Reward: 386.24 | Coverage: 60.3% | Eps: 0.868 | Loss: 0.2038
[+00:10:11 | ~01:22:44 left] [Ep 556] Reward: 340.90 | Coverage: 60.0% | Eps: 0.868 | Loss: 0.2007
[+00:10:12 | ~01:22:43 left] [Ep 557] Reward: 411.79 | Coverage: 43.9% | Eps: 0.868 | Loss: 0.2028
[+00:10:13 | ~01:22:42 left] [Ep 558] Reward: 443.98 | Coverage: 49.2% | Eps: 0.867 | Loss: 0.2359
[+00:10:14 | ~01:22:41 left] [Ep 559] Reward: 478.49 | Coverage: 58.2% | Eps: 0.867 | Loss: 0.2032
[+00:10:15 | ~01:22:40 left] [Ep 560] Reward: 431.36 | Coverage: 63.2% | Eps: 0.867 | Loss: 0.2317
[+00:10:16 | ~01:22:39 left] [Ep 561] Reward: 263.02 | Coverage: 52.1% | Eps: 0.867 | Loss: 0.3031
[+00:10:18 | ~01:22:38 left] [Ep 562] Reward: 348.88 | Coverage: 55.2% | Eps: 0.867 | Loss: 0.2549
[+00:10:19 | ~01:22:37 left] [Ep 563] Reward: 421.29 | Coverage: 47.3% | Eps: 0.866 | Loss: 0.2070
[+00:10:20 | ~01:22:36 left] [Ep 564] Reward: 410.57 | Coverage: 72.4% | Eps: 0.866 | Loss: 0.2681
[+00:10:21 | ~01:22:34 left] [Ep 565] Reward: 308.81 | Coverage: 59.4% | Eps: 0.866 | Loss: 0.2037
[+00:10:22 | ~01:22:33 left] [Ep 566] Reward: 344.57 | Coverage: 62.1% | Eps: 0.866 | Loss: 0.1385
[+00:10:23 | ~01:22:32 left] [Ep 567] Reward: 260.08 | Coverage: 60.6% | Eps: 0.865 | Loss: 0.1797
[+00:10:24 | ~01:22:31 left] [Ep 568] Reward: 309.89 | Coverage: 62.3% | Eps: 0.865 | Loss: 0.1452
[+00:10:25 | ~01:22:30 left] [Ep 569] Reward: 358.12 | Coverage: 60.2% | Eps: 0.865 | Loss: 0.2060
[+00:10:26 | ~01:22:29 left] [Ep 570] Reward: 535.76 | Coverage: 54.2% | Eps: 0.865 | Loss: 0.2208
[+00:10:27 | ~01:22:28 left] [Ep 571] Reward: 353.97 | Coverage: 61.1% | Eps: 0.864 | Loss: 0.2871
[+00:10:28 | ~01:22:27 left] [Ep 572] Reward: 397.55 | Coverage: 56.9% | Eps: 0.864 | Loss: 0.2332
[+00:10:30 | ~01:22:26 left] [Ep 573] Reward: 299.25 | Coverage: 64.7% | Eps: 0.864 | Loss: 0.2114
[+00:10:31 | ~01:22:24 left] [Ep 574] Reward: 416.11 | Coverage: 51.7% | Eps: 0.864 | Loss: 0.2533
[+00:10:32 | ~01:22:23 left] [Ep 575] Reward: 240.09 | Coverage: 52.9% | Eps: 0.863 | Loss: 0.1317
[+00:10:33 | ~01:22:22 left] [Ep 576] Reward: 365.87 | Coverage: 60.6% | Eps: 0.863 | Loss: 0.2297
[+00:10:34 | ~01:22:21 left] [Ep 577] Reward: 301.73 | Coverage: 64.6% | Eps: 0.863 | Loss: 0.2511
[+00:10:35 | ~01:22:20 left] [Ep 578] Reward: 246.86 | Coverage: 57.3% | Eps: 0.863 | Loss: 0.1612
[+00:10:36 | ~01:22:19 left] [Ep 579] Reward: 474.95 | Coverage: 51.8% | Eps: 0.862 | Loss: 0.2661
[+00:10:37 | ~01:22:18 left] [Ep 580] Reward: 412.06 | Coverage: 55.6% | Eps: 0.862 | Loss: 0.2340
[+00:10:39 | ~01:22:17 left] [Ep 581] Reward: 476.80 | Coverage: 53.2% | Eps: 0.862 | Loss: 0.2039
[+00:10:40 | ~01:22:16 left] [Ep 582] Reward: 424.91 | Coverage: 68.5% | Eps: 0.862 | Loss: 0.2459
[+00:10:41 | ~01:22:14 left] [Ep 583] Reward: 213.70 | Coverage: 62.1% | Eps: 0.862 | Loss: 0.3115
[+00:10:42 | ~01:22:13 left] [Ep 584] Reward: 384.99 | Coverage: 64.5% | Eps: 0.861 | Loss: 0.2280
[+00:10:43 | ~01:22:12 left] [Ep 585] Reward: 439.65 | Coverage: 58.3% | Eps: 0.861 | Loss: 0.2307
[+00:10:44 | ~01:22:11 left] [Ep 586] Reward: 316.72 | Coverage: 52.8% | Eps: 0.861 | Loss: 0.2025
[+00:10:45 | ~01:22:10 left] [Ep 587] Reward: 306.12 | Coverage: 63.9% | Eps: 0.861 | Loss: 0.1870
[+00:10:46 | ~01:22:09 left] [Ep 588] Reward: 499.89 | Coverage: 67.0% | Eps: 0.860 | Loss: 0.2543
[+00:10:47 | ~01:22:08 left] [Ep 589] Reward: 377.66 | Coverage: 60.1% | Eps: 0.860 | Loss: 0.1869
[+00:10:48 | ~01:22:07 left] [Ep 590] Reward: 278.68 | Coverage: 56.2% | Eps: 0.860 | Loss: 0.2241
[+00:10:49 | ~01:22:06 left] [Ep 591] Reward: 334.64 | Coverage: 63.3% | Eps: 0.860 | Loss: 0.2022
[+00:10:50 | ~01:22:05 left] [Ep 592] Reward: 385.06 | Coverage: 54.0% | Eps: 0.859 | Loss: 0.2406
[+00:10:52 | ~01:22:04 left] [Ep 593] Reward: 327.27 | Coverage: 61.3% | Eps: 0.859 | Loss: 0.2349
[+00:10:53 | ~01:22:03 left] [Ep 594] Reward: 396.66 | Coverage: 51.8% | Eps: 0.859 | Loss: 0.2632
[+00:10:54 | ~01:22:02 left] [Ep 595] Reward: 324.81 | Coverage: 50.2% | Eps: 0.859 | Loss: 0.2014
[+00:10:55 | ~01:22:00 left] [Ep 596] Reward: 250.62 | Coverage: 60.0% | Eps: 0.858 | Loss: 0.2111
[+00:10:56 | ~01:21:59 left] [Ep 597] Reward: 358.35 | Coverage: 58.5% | Eps: 0.858 | Loss: 0.1829
[+00:10:57 | ~01:21:58 left] [Ep 598] Reward: 341.13 | Coverage: 68.6% | Eps: 0.858 | Loss: 0.2044
[+00:10:59 | ~01:21:57 left] [Ep 599] Reward: 365.31 | Coverage: 54.6% | Eps: 0.858 | Loss: 0.2374
[+00:11:00 | ~01:21:56 left] [Ep 600] Reward: 377.15 | Coverage: 56.5% | Eps: 0.858 | Loss: 0.2527

[+00:11:00 | ~01:21:56 left] [Eval] Episode 600: Reward=391.49, Coverage=62.3%

[+00:11:01 | ~01:21:55 left] [Ep 601] Reward: 454.11 | Coverage: 49.1% | Eps: 0.857 | Loss: 0.1857
[+00:11:02 | ~01:21:54 left] [Ep 602] Reward: 419.63 | Coverage: 44.4% | Eps: 0.857 | Loss: 0.2575
[+00:11:03 | ~01:21:52 left] [Ep 603] Reward: 426.78 | Coverage: 45.0% | Eps: 0.857 | Loss: 0.2771
[+00:11:04 | ~01:21:51 left] [Ep 604] Reward: 479.21 | Coverage: 59.3% | Eps: 0.857 | Loss: 0.2396
[+00:11:05 | ~01:21:50 left] [Ep 605] Reward: 434.05 | Coverage: 48.8% | Eps: 0.856 | Loss: 0.2983
[+00:11:06 | ~01:21:49 left] [Ep 606] Reward: 297.72 | Coverage: 63.6% | Eps: 0.856 | Loss: 0.1924
[+00:11:07 | ~01:21:48 left] [Ep 607] Reward: 480.72 | Coverage: 65.5% | Eps: 0.856 | Loss: 0.1738
[+00:11:08 | ~01:21:47 left] [Ep 608] Reward: 448.86 | Coverage: 54.6% | Eps: 0.856 | Loss: 0.1526
[+00:11:09 | ~01:21:46 left] [Ep 609] Reward: 353.76 | Coverage: 67.0% | Eps: 0.855 | Loss: 0.2837
[+00:11:10 | ~01:21:45 left] [Ep 610] Reward: 354.76 | Coverage: 57.8% | Eps: 0.855 | Loss: 0.2503
[+00:11:11 | ~01:21:44 left] [Ep 611] Reward: 330.78 | Coverage: 63.6% | Eps: 0.855 | Loss: 0.2220
[+00:11:13 | ~01:21:43 left] [Ep 612] Reward: 372.34 | Coverage: 54.9% | Eps: 0.855 | Loss: 0.2356
[+00:11:14 | ~01:21:42 left] [Ep 613] Reward: 391.61 | Coverage: 62.5% | Eps: 0.854 | Loss: 0.1796
[+00:11:15 | ~01:21:41 left] [Ep 614] Reward: 381.76 | Coverage: 50.3% | Eps: 0.854 | Loss: 0.3227
[+00:11:16 | ~01:21:40 left] [Ep 615] Reward: 515.12 | Coverage: 60.4% | Eps: 0.854 | Loss: 0.2302
[+00:11:17 | ~01:21:38 left] [Ep 616] Reward: 418.15 | Coverage: 53.4% | Eps: 0.854 | Loss: 0.2296
[+00:11:18 | ~01:21:37 left] [Ep 617] Reward: 397.49 | Coverage: 55.6% | Eps: 0.853 | Loss: 0.2545
[+00:11:19 | ~01:21:36 left] [Ep 618] Reward: 425.62 | Coverage: 60.4% | Eps: 0.853 | Loss: 0.2449
[+00:11:20 | ~01:21:35 left] [Ep 619] Reward: 354.29 | Coverage: 57.5% | Eps: 0.853 | Loss: 0.2348
[+00:11:21 | ~01:21:34 left] [Ep 620] Reward: 285.06 | Coverage: 55.9% | Eps: 0.853 | Loss: 0.1945
[+00:11:22 | ~01:21:33 left] [Ep 621] Reward: 417.00 | Coverage: 61.0% | Eps: 0.853 | Loss: 0.2452
[+00:11:23 | ~01:21:32 left] [Ep 622] Reward: 404.97 | Coverage: 61.5% | Eps: 0.852 | Loss: 0.3018
[+00:11:24 | ~01:21:31 left] [Ep 623] Reward: 300.06 | Coverage: 47.5% | Eps: 0.852 | Loss: 0.2806
[+00:11:26 | ~01:21:30 left] [Ep 624] Reward: 642.61 | Coverage: 60.0% | Eps: 0.852 | Loss: 0.2907
[+00:11:27 | ~01:21:29 left] [Ep 625] Reward: 254.31 | Coverage: 60.7% | Eps: 0.852 | Loss: 0.2068
[+00:11:28 | ~01:21:27 left] [Ep 626] Reward: 499.11 | Coverage: 51.6% | Eps: 0.851 | Loss: 0.1879
[+00:11:29 | ~01:21:26 left] [Ep 627] Reward: 303.60 | Coverage: 58.9% | Eps: 0.851 | Loss: 0.2227
[+00:11:30 | ~01:21:25 left] [Ep 628] Reward: 421.10 | Coverage: 47.9% | Eps: 0.851 | Loss: 0.2302
[+00:11:31 | ~01:21:24 left] [Ep 629] Reward: 395.73 | Coverage: 65.6% | Eps: 0.851 | Loss: 0.2720
[+00:11:32 | ~01:21:23 left] [Ep 630] Reward: 318.10 | Coverage: 54.9% | Eps: 0.850 | Loss: 0.1608
[+00:11:33 | ~01:21:22 left] [Ep 631] Reward: 514.28 | Coverage: 55.9% | Eps: 0.850 | Loss: 0.2899
[+00:11:34 | ~01:21:21 left] [Ep 632] Reward: 202.10 | Coverage: 64.1% | Eps: 0.850 | Loss: 0.2227
[+00:11:35 | ~01:21:20 left] [Ep 633] Reward: 525.21 | Coverage: 55.5% | Eps: 0.850 | Loss: 0.2122
[+00:11:36 | ~01:21:19 left] [Ep 634] Reward: 493.45 | Coverage: 60.2% | Eps: 0.849 | Loss: 0.1890
[+00:11:38 | ~01:21:18 left] [Ep 635] Reward: 342.45 | Coverage: 49.7% | Eps: 0.849 | Loss: 0.1636
[+00:11:39 | ~01:21:17 left] [Ep 636] Reward: 444.02 | Coverage: 52.8% | Eps: 0.849 | Loss: 0.2630
[+00:11:40 | ~01:21:16 left] [Ep 637] Reward: 386.16 | Coverage: 47.5% | Eps: 0.849 | Loss: 0.2333
[+00:11:41 | ~01:21:14 left] [Ep 638] Reward: 502.82 | Coverage: 55.1% | Eps: 0.848 | Loss: 0.1790
[+00:11:42 | ~01:21:13 left] [Ep 639] Reward: 505.72 | Coverage: 63.0% | Eps: 0.848 | Loss: 0.1791
[+00:11:43 | ~01:21:12 left] [Ep 640] Reward: 434.72 | Coverage: 57.8% | Eps: 0.848 | Loss: 0.2178
[+00:11:44 | ~01:21:11 left] [Ep 641] Reward: 563.47 | Coverage: 62.1% | Eps: 0.848 | Loss: 0.2983
[+00:11:45 | ~01:21:10 left] [Ep 642] Reward: 571.63 | Coverage: 49.8% | Eps: 0.848 | Loss: 0.2214
[+00:11:46 | ~01:21:09 left] [Ep 643] Reward: 464.49 | Coverage: 50.7% | Eps: 0.847 | Loss: 0.1720
[+00:11:48 | ~01:21:08 left] [Ep 644] Reward: 476.49 | Coverage: 53.4% | Eps: 0.847 | Loss: 0.2226
[+00:11:49 | ~01:21:07 left] [Ep 645] Reward: 469.41 | Coverage: 60.1% | Eps: 0.847 | Loss: 0.2218
[+00:11:50 | ~01:21:06 left] [Ep 646] Reward: 291.54 | Coverage: 58.7% | Eps: 0.847 | Loss: 0.1251
[+00:11:51 | ~01:21:04 left] [Ep 647] Reward: 465.10 | Coverage: 56.3% | Eps: 0.846 | Loss: 0.2311
[+00:11:52 | ~01:21:03 left] [Ep 648] Reward: 382.57 | Coverage: 60.4% | Eps: 0.846 | Loss: 0.2244
[+00:11:53 | ~01:21:02 left] [Ep 649] Reward: 502.61 | Coverage: 55.4% | Eps: 0.846 | Loss: 0.2618
[+00:11:54 | ~01:21:01 left] [Ep 650] Reward: 516.58 | Coverage: 56.3% | Eps: 0.846 | Loss: 0.3082
[+00:11:55 | ~01:21:00 left] [Ep 651] Reward: 384.12 | Coverage: 64.8% | Eps: 0.845 | Loss: 0.2797
[+00:11:56 | ~01:20:59 left] [Ep 652] Reward: 355.87 | Coverage: 52.7% | Eps: 0.845 | Loss: 0.2242
[+00:11:57 | ~01:20:58 left] [Ep 653] Reward: 382.78 | Coverage: 57.6% | Eps: 0.845 | Loss: 0.1910
[+00:11:58 | ~01:20:57 left] [Ep 654] Reward: 454.17 | Coverage: 66.7% | Eps: 0.845 | Loss: 0.3385
[+00:11:59 | ~01:20:56 left] [Ep 655] Reward: 429.82 | Coverage: 57.1% | Eps: 0.844 | Loss: 0.2383
[+00:12:00 | ~01:20:55 left] [Ep 656] Reward: 518.04 | Coverage: 60.9% | Eps: 0.844 | Loss: 0.2368
[+00:12:01 | ~01:20:54 left] [Ep 657] Reward: 381.64 | Coverage: 52.5% | Eps: 0.844 | Loss: 0.2357
[+00:12:03 | ~01:20:53 left] [Ep 658] Reward: 560.71 | Coverage: 68.9% | Eps: 0.844 | Loss: 0.2449
[+00:12:04 | ~01:20:52 left] [Ep 659] Reward: 434.98 | Coverage: 42.0% | Eps: 0.843 | Loss: 0.2315
[+00:12:05 | ~01:20:51 left] [Ep 660] Reward: 515.84 | Coverage: 49.2% | Eps: 0.843 | Loss: 0.2147
[+00:12:06 | ~01:20:49 left] [Ep 661] Reward: 309.54 | Coverage: 49.7% | Eps: 0.843 | Loss: 0.2161
[+00:12:07 | ~01:20:48 left] [Ep 662] Reward: 434.61 | Coverage: 66.8% | Eps: 0.843 | Loss: 0.2371
[+00:12:08 | ~01:20:47 left] [Ep 663] Reward: 367.11 | Coverage: 58.7% | Eps: 0.843 | Loss: 0.2170
[+00:12:09 | ~01:20:46 left] [Ep 664] Reward: 435.02 | Coverage: 54.7% | Eps: 0.842 | Loss: 0.2106
[+00:12:10 | ~01:20:45 left] [Ep 665] Reward: 244.00 | Coverage: 48.2% | Eps: 0.842 | Loss: 0.2437
[+00:12:11 | ~01:20:44 left] [Ep 666] Reward: 299.60 | Coverage: 58.7% | Eps: 0.842 | Loss: 0.2296
[+00:12:12 | ~01:20:43 left] [Ep 667] Reward: 471.39 | Coverage: 57.1% | Eps: 0.842 | Loss: 0.3004
[+00:12:14 | ~01:20:42 left] [Ep 668] Reward: 369.38 | Coverage: 52.0% | Eps: 0.841 | Loss: 0.1346
[+00:12:15 | ~01:20:41 left] [Ep 669] Reward: 642.96 | Coverage: 46.9% | Eps: 0.841 | Loss: 0.2846
[+00:12:16 | ~01:20:40 left] [Ep 670] Reward: 577.43 | Coverage: 49.4% | Eps: 0.841 | Loss: 0.2912
[+00:12:17 | ~01:20:39 left] [Ep 671] Reward: 421.78 | Coverage: 57.8% | Eps: 0.841 | Loss: 0.1588
[+00:12:18 | ~01:20:38 left] [Ep 672] Reward: 449.98 | Coverage: 58.4% | Eps: 0.840 | Loss: 0.2284
[+00:12:19 | ~01:20:36 left] [Ep 673] Reward: 579.67 | Coverage: 56.9% | Eps: 0.840 | Loss: 0.2277
[+00:12:20 | ~01:20:35 left] [Ep 674] Reward: 534.32 | Coverage: 55.5% | Eps: 0.840 | Loss: 0.1866
[+00:12:21 | ~01:20:34 left] [Ep 675] Reward: 266.11 | Coverage: 45.1% | Eps: 0.840 | Loss: 0.2122
[+00:12:22 | ~01:20:33 left] [Ep 676] Reward: 360.82 | Coverage: 56.7% | Eps: 0.839 | Loss: 0.1993
[+00:12:23 | ~01:20:32 left] [Ep 677] Reward: 423.34 | Coverage: 49.8% | Eps: 0.839 | Loss: 0.3142
[+00:12:24 | ~01:20:31 left] [Ep 678] Reward: 443.64 | Coverage: 56.7% | Eps: 0.839 | Loss: 0.2819
[+00:12:25 | ~01:20:30 left] [Ep 679] Reward: 409.77 | Coverage: 59.4% | Eps: 0.839 | Loss: 0.2958
[+00:12:26 | ~01:20:29 left] [Ep 680] Reward: 484.33 | Coverage: 52.1% | Eps: 0.839 | Loss: 0.2742
[+00:12:27 | ~01:20:28 left] [Ep 681] Reward: 386.09 | Coverage: 49.9% | Eps: 0.838 | Loss: 0.2006
[+00:12:29 | ~01:20:27 left] [Ep 682] Reward: 327.61 | Coverage: 62.8% | Eps: 0.838 | Loss: 0.2251
[+00:12:30 | ~01:20:26 left] [Ep 683] Reward: 437.76 | Coverage: 58.7% | Eps: 0.838 | Loss: 0.2661
[+00:12:31 | ~01:20:25 left] [Ep 684] Reward: 476.46 | Coverage: 52.4% | Eps: 0.838 | Loss: 0.1981
[+00:12:32 | ~01:20:23 left] [Ep 685] Reward: 305.38 | Coverage: 37.2% | Eps: 0.837 | Loss: 0.2759
[+00:12:33 | ~01:20:22 left] [Ep 686] Reward: 418.46 | Coverage: 56.1% | Eps: 0.837 | Loss: 0.2382
[+00:12:34 | ~01:20:21 left] [Ep 687] Reward: 456.77 | Coverage: 60.5% | Eps: 0.837 | Loss: 0.2332
[+00:12:35 | ~01:20:20 left] [Ep 688] Reward: 434.38 | Coverage: 63.6% | Eps: 0.837 | Loss: 0.2771
[+00:12:36 | ~01:20:19 left] [Ep 689] Reward: 498.76 | Coverage: 52.1% | Eps: 0.836 | Loss: 0.2668
[+00:12:37 | ~01:20:18 left] [Ep 690] Reward: 498.89 | Coverage: 52.3% | Eps: 0.836 | Loss: 0.2351
[+00:12:38 | ~01:20:17 left] [Ep 691] Reward: 431.16 | Coverage: 53.6% | Eps: 0.836 | Loss: 0.2963
[+00:12:39 | ~01:20:16 left] [Ep 692] Reward: 426.89 | Coverage: 61.8% | Eps: 0.836 | Loss: 0.2071
[+00:12:41 | ~01:20:15 left] [Ep 693] Reward: 531.75 | Coverage: 48.9% | Eps: 0.835 | Loss: 0.2754
[+00:12:42 | ~01:20:14 left] [Ep 694] Reward: 562.67 | Coverage: 55.7% | Eps: 0.835 | Loss: 0.2750
[+00:12:43 | ~01:20:13 left] [Ep 695] Reward: 472.83 | Coverage: 50.5% | Eps: 0.835 | Loss: 0.2393
[+00:12:44 | ~01:20:11 left] [Ep 696] Reward: 457.64 | Coverage: 58.2% | Eps: 0.835 | Loss: 0.2652
[+00:12:45 | ~01:20:10 left] [Ep 697] Reward: 358.15 | Coverage: 46.5% | Eps: 0.834 | Loss: 0.2025
[+00:12:46 | ~01:20:09 left] [Ep 698] Reward: 439.37 | Coverage: 58.8% | Eps: 0.834 | Loss: 0.2900
[+00:12:47 | ~01:20:08 left] [Ep 699] Reward: 504.76 | Coverage: 53.3% | Eps: 0.834 | Loss: 0.2461
[+00:12:48 | ~01:20:07 left] [Ep 700] Reward: 353.08 | Coverage: 55.0% | Eps: 0.834 | Loss: 0.2330

[+00:12:48 | ~01:20:07 left] [Eval] Episode 700: Reward=352.83, Coverage=56.3%

[+00:12:49 | ~01:20:06 left] [Ep 701] Reward: 477.44 | Coverage: 59.8% | Eps: 0.834 | Loss: 0.2963
[+00:12:50 | ~01:20:05 left] [Ep 702] Reward: 451.14 | Coverage: 63.8% | Eps: 0.833 | Loss: 0.2266
[+00:12:51 | ~01:20:04 left] [Ep 703] Reward: 535.97 | Coverage: 45.6% | Eps: 0.833 | Loss: 0.1989
[+00:12:53 | ~01:20:03 left] [Ep 704] Reward: 368.81 | Coverage: 62.9% | Eps: 0.833 | Loss: 0.1935
[+00:12:54 | ~01:20:02 left] [Ep 705] Reward: 448.62 | Coverage: 60.0% | Eps: 0.833 | Loss: 0.2804
[+00:12:55 | ~01:20:01 left] [Ep 706] Reward: 432.23 | Coverage: 54.6% | Eps: 0.832 | Loss: 0.2054
[+00:12:56 | ~01:20:00 left] [Ep 707] Reward: 527.55 | Coverage: 65.4% | Eps: 0.832 | Loss: 0.3273
[+00:12:57 | ~01:19:58 left] [Ep 708] Reward: 479.03 | Coverage: 57.6% | Eps: 0.832 | Loss: 0.1743
[+00:12:58 | ~01:19:57 left] [Ep 709] Reward: 401.37 | Coverage: 64.7% | Eps: 0.832 | Loss: 0.3259
[+00:12:59 | ~01:19:56 left] [Ep 710] Reward: 370.87 | Coverage: 52.6% | Eps: 0.831 | Loss: 0.2669
[+00:13:00 | ~01:19:55 left] [Ep 711] Reward: 394.13 | Coverage: 50.9% | Eps: 0.831 | Loss: 0.2551
[+00:13:01 | ~01:19:54 left] [Ep 712] Reward: 363.48 | Coverage: 64.3% | Eps: 0.831 | Loss: 0.2376
[+00:13:03 | ~01:19:53 left] [Ep 713] Reward: 532.33 | Coverage: 70.3% | Eps: 0.831 | Loss: 0.2759
[+00:13:04 | ~01:19:52 left] [Ep 714] Reward: 243.51 | Coverage: 60.5% | Eps: 0.830 | Loss: 0.2589
[+00:13:05 | ~01:19:50 left] [Ep 715] Reward: 579.87 | Coverage: 62.2% | Eps: 0.830 | Loss: 0.3050
[+00:13:06 | ~01:19:50 left] [Ep 716] Reward: 649.83 | Coverage: 53.4% | Eps: 0.830 | Loss: 0.2659
[+00:13:07 | ~01:19:49 left] [Ep 717] Reward: 553.27 | Coverage: 48.0% | Eps: 0.830 | Loss: 0.2678
[+00:13:08 | ~01:19:47 left] [Ep 718] Reward: 385.49 | Coverage: 55.0% | Eps: 0.829 | Loss: 0.2477
[+00:13:09 | ~01:19:46 left] [Ep 719] Reward: 507.18 | Coverage: 66.1% | Eps: 0.829 | Loss: 0.2605
[+00:13:10 | ~01:19:45 left] [Ep 720] Reward: 573.15 | Coverage: 44.5% | Eps: 0.829 | Loss: 0.2755
[+00:13:11 | ~01:19:44 left] [Ep 721] Reward: 362.79 | Coverage: 53.3% | Eps: 0.829 | Loss: 0.1953
[+00:13:12 | ~01:19:43 left] [Ep 722] Reward: 435.20 | Coverage: 44.2% | Eps: 0.829 | Loss: 0.2103
[+00:13:14 | ~01:19:42 left] [Ep 723] Reward: 413.16 | Coverage: 57.1% | Eps: 0.828 | Loss: 0.2944
[+00:13:15 | ~01:19:41 left] [Ep 724] Reward: 510.95 | Coverage: 62.0% | Eps: 0.828 | Loss: 0.2720
[+00:13:16 | ~01:19:40 left] [Ep 725] Reward: 508.24 | Coverage: 48.5% | Eps: 0.828 | Loss: 0.2583
[+00:13:17 | ~01:19:38 left] [Ep 726] Reward: 376.20 | Coverage: 53.8% | Eps: 0.828 | Loss: 0.2669
[+00:13:18 | ~01:19:37 left] [Ep 727] Reward: 573.82 | Coverage: 64.9% | Eps: 0.827 | Loss: 0.2805
[+00:13:19 | ~01:19:36 left] [Ep 728] Reward: 429.84 | Coverage: 55.9% | Eps: 0.827 | Loss: 0.2455
[+00:13:20 | ~01:19:35 left] [Ep 729] Reward: 318.92 | Coverage: 48.5% | Eps: 0.827 | Loss: 0.2365
[+00:13:21 | ~01:19:34 left] [Ep 730] Reward: 452.83 | Coverage: 48.0% | Eps: 0.827 | Loss: 0.2759
[+00:13:23 | ~01:19:33 left] [Ep 731] Reward: 395.60 | Coverage: 43.6% | Eps: 0.826 | Loss: 0.2294
[+00:13:23 | ~01:19:32 left] [Ep 732] Reward: 429.45 | Coverage: 61.4% | Eps: 0.826 | Loss: 0.2854
[+00:13:25 | ~01:19:31 left] [Ep 733] Reward: 367.14 | Coverage: 51.7% | Eps: 0.826 | Loss: 0.2015
[+00:13:26 | ~01:19:29 left] [Ep 734] Reward: 428.07 | Coverage: 63.2% | Eps: 0.826 | Loss: 0.3112
[+00:13:27 | ~01:19:28 left] [Ep 735] Reward: 520.27 | Coverage: 62.0% | Eps: 0.825 | Loss: 0.2895
[+00:13:28 | ~01:19:27 left] [Ep 736] Reward: 539.55 | Coverage: 52.2% | Eps: 0.825 | Loss: 0.2813
[+00:13:29 | ~01:19:26 left] [Ep 737] Reward: 437.63 | Coverage: 53.1% | Eps: 0.825 | Loss: 0.3108
[+00:13:30 | ~01:19:25 left] [Ep 738] Reward: 534.44 | Coverage: 61.4% | Eps: 0.825 | Loss: 0.3387
[+00:13:31 | ~01:19:24 left] [Ep 739] Reward: 486.53 | Coverage: 57.4% | Eps: 0.824 | Loss: 0.3131
[+00:13:32 | ~01:19:23 left] [Ep 740] Reward: 377.94 | Coverage: 58.2% | Eps: 0.824 | Loss: 0.1994
[+00:13:34 | ~01:19:22 left] [Ep 741] Reward: 433.46 | Coverage: 45.9% | Eps: 0.824 | Loss: 0.2223
[+00:13:35 | ~01:19:21 left] [Ep 742] Reward: 450.47 | Coverage: 62.2% | Eps: 0.824 | Loss: 0.2490
[+00:13:36 | ~01:19:20 left] [Ep 743] Reward: 533.72 | Coverage: 50.9% | Eps: 0.824 | Loss: 0.2756
[+00:13:37 | ~01:19:19 left] [Ep 744] Reward: 405.18 | Coverage: 41.9% | Eps: 0.823 | Loss: 0.2957
[+00:13:38 | ~01:19:18 left] [Ep 745] Reward: 417.98 | Coverage: 52.5% | Eps: 0.823 | Loss: 0.2465
[+00:13:39 | ~01:19:16 left] [Ep 746] Reward: 319.55 | Coverage: 59.2% | Eps: 0.823 | Loss: 0.2835
[+00:13:40 | ~01:19:15 left] [Ep 747] Reward: 325.28 | Coverage: 69.9% | Eps: 0.823 | Loss: 0.2463
[+00:13:41 | ~01:19:14 left] [Ep 748] Reward: 508.44 | Coverage: 54.1% | Eps: 0.822 | Loss: 0.2525
[+00:13:42 | ~01:19:13 left] [Ep 749] Reward: 232.92 | Coverage: 48.0% | Eps: 0.822 | Loss: 0.2212
[+00:13:43 | ~01:19:12 left] [Ep 750] Reward: 373.82 | Coverage: 70.1% | Eps: 0.822 | Loss: 0.2411
[+00:13:44 | ~01:19:11 left] [Ep 751] Reward: 556.71 | Coverage: 57.5% | Eps: 0.822 | Loss: 0.2244
[+00:13:45 | ~01:19:10 left] [Ep 752] Reward: 479.23 | Coverage: 54.8% | Eps: 0.821 | Loss: 0.2400
[+00:13:46 | ~01:19:09 left] [Ep 753] Reward: 386.52 | Coverage: 49.6% | Eps: 0.821 | Loss: 0.3217
[+00:13:47 | ~01:19:08 left] [Ep 754] Reward: 376.05 | Coverage: 50.0% | Eps: 0.821 | Loss: 0.2420
[+00:13:49 | ~01:19:07 left] [Ep 755] Reward: 760.68 | Coverage: 65.9% | Eps: 0.821 | Loss: 0.3858
[+00:13:50 | ~01:19:06 left] [Ep 756] Reward: 477.24 | Coverage: 54.7% | Eps: 0.820 | Loss: 0.3007
[+00:13:51 | ~01:19:04 left] [Ep 757] Reward: 381.16 | Coverage: 53.0% | Eps: 0.820 | Loss: 0.2889
[+00:13:52 | ~01:19:03 left] [Ep 758] Reward: 293.17 | Coverage: 53.2% | Eps: 0.820 | Loss: 0.2477
[+00:13:53 | ~01:19:02 left] [Ep 759] Reward: 376.78 | Coverage: 66.5% | Eps: 0.820 | Loss: 0.3105
[+00:13:54 | ~01:19:01 left] [Ep 760] Reward: 297.11 | Coverage: 52.7% | Eps: 0.820 | Loss: 0.2600
[+00:13:55 | ~01:19:00 left] [Ep 761] Reward: 559.53 | Coverage: 60.5% | Eps: 0.819 | Loss: 0.2884
[+00:13:56 | ~01:18:59 left] [Ep 762] Reward: 532.82 | Coverage: 58.2% | Eps: 0.819 | Loss: 0.3864
[+00:13:57 | ~01:18:58 left] [Ep 763] Reward: 616.31 | Coverage: 58.0% | Eps: 0.819 | Loss: 0.2807
[+00:13:58 | ~01:18:57 left] [Ep 764] Reward: 349.94 | Coverage: 50.9% | Eps: 0.819 | Loss: 0.3310
[+00:13:59 | ~01:18:56 left] [Ep 765] Reward: 439.44 | Coverage: 60.7% | Eps: 0.818 | Loss: 0.2574
[+00:14:01 | ~01:18:55 left] [Ep 766] Reward: 520.41 | Coverage: 66.8% | Eps: 0.818 | Loss: 0.2846
[+00:14:02 | ~01:18:54 left] [Ep 767] Reward: 437.53 | Coverage: 56.1% | Eps: 0.818 | Loss: 0.3573
[+00:14:03 | ~01:18:53 left] [Ep 768] Reward: 433.03 | Coverage: 50.6% | Eps: 0.818 | Loss: 0.2619
[+00:14:03 | ~01:18:52 left] [Ep 769] Reward: 479.60 | Coverage: 48.2% | Eps: 0.817 | Loss: 0.3600
[+00:14:05 | ~01:18:51 left] [Ep 770] Reward: 359.14 | Coverage: 57.7% | Eps: 0.817 | Loss: 0.3163
[+00:14:06 | ~01:18:50 left] [Ep 771] Reward: 406.04 | Coverage: 54.7% | Eps: 0.817 | Loss: 0.2660
[+00:14:07 | ~01:18:48 left] [Ep 772] Reward: 480.15 | Coverage: 55.8% | Eps: 0.817 | Loss: 0.3143
[+00:14:08 | ~01:18:47 left] [Ep 773] Reward: 541.18 | Coverage: 56.6% | Eps: 0.816 | Loss: 0.3284
[+00:14:09 | ~01:18:46 left] [Ep 774] Reward: 542.66 | Coverage: 47.0% | Eps: 0.816 | Loss: 0.3148
[+00:14:10 | ~01:18:45 left] [Ep 775] Reward: 499.82 | Coverage: 61.5% | Eps: 0.816 | Loss: 0.2276
[+00:14:11 | ~01:18:44 left] [Ep 776] Reward: 397.08 | Coverage: 58.0% | Eps: 0.816 | Loss: 0.2619
[+00:14:12 | ~01:18:43 left] [Ep 777] Reward: 466.15 | Coverage: 56.0% | Eps: 0.815 | Loss: 0.2815
[+00:14:13 | ~01:18:42 left] [Ep 778] Reward: 497.24 | Coverage: 58.0% | Eps: 0.815 | Loss: 0.2890
[+00:14:14 | ~01:18:41 left] [Ep 779] Reward: 351.99 | Coverage: 62.4% | Eps: 0.815 | Loss: 0.3172
[+00:14:15 | ~01:18:40 left] [Ep 780] Reward: 630.09 | Coverage: 56.8% | Eps: 0.815 | Loss: 0.3000
[+00:14:16 | ~01:18:39 left] [Ep 781] Reward: 329.73 | Coverage: 51.0% | Eps: 0.815 | Loss: 0.2400
[+00:14:17 | ~01:18:38 left] [Ep 782] Reward: 584.16 | Coverage: 64.0% | Eps: 0.814 | Loss: 0.3091
[+00:14:18 | ~01:18:37 left] [Ep 783] Reward: 475.69 | Coverage: 53.7% | Eps: 0.814 | Loss: 0.3188
[+00:14:20 | ~01:18:36 left] [Ep 784] Reward: 388.29 | Coverage: 51.8% | Eps: 0.814 | Loss: 0.3172
[+00:14:21 | ~01:18:35 left] [Ep 785] Reward: 488.10 | Coverage: 46.5% | Eps: 0.814 | Loss: 0.3386
[+00:14:22 | ~01:18:34 left] [Ep 786] Reward: 600.02 | Coverage: 56.5% | Eps: 0.813 | Loss: 0.3292
[+00:14:23 | ~01:18:32 left] [Ep 787] Reward: 351.57 | Coverage: 49.8% | Eps: 0.813 | Loss: 0.3147
[+00:14:24 | ~01:18:31 left] [Ep 788] Reward: 363.88 | Coverage: 53.2% | Eps: 0.813 | Loss: 0.2940
[+00:14:25 | ~01:18:30 left] [Ep 789] Reward: 404.04 | Coverage: 59.4% | Eps: 0.813 | Loss: 0.2308
[+00:14:26 | ~01:18:29 left] [Ep 790] Reward: 334.46 | Coverage: 56.7% | Eps: 0.812 | Loss: 0.3149
[+00:14:27 | ~01:18:28 left] [Ep 791] Reward: 430.11 | Coverage: 63.0% | Eps: 0.812 | Loss: 0.3065
[+00:14:28 | ~01:18:27 left] [Ep 792] Reward: 486.14 | Coverage: 58.4% | Eps: 0.812 | Loss: 0.3096
[+00:14:29 | ~01:18:26 left] [Ep 793] Reward: 316.81 | Coverage: 53.9% | Eps: 0.812 | Loss: 0.2481
[+00:14:30 | ~01:18:25 left] [Ep 794] Reward: 426.10 | Coverage: 54.4% | Eps: 0.811 | Loss: 0.2564
[+00:14:31 | ~01:18:24 left] [Ep 795] Reward: 636.53 | Coverage: 53.2% | Eps: 0.811 | Loss: 0.3422
[+00:14:32 | ~01:18:23 left] [Ep 796] Reward: 508.44 | Coverage: 60.6% | Eps: 0.811 | Loss: 0.2990
[+00:14:33 | ~01:18:22 left] [Ep 797] Reward: 411.39 | Coverage: 56.6% | Eps: 0.811 | Loss: 0.3283
[+00:14:35 | ~01:18:21 left] [Ep 798] Reward: 460.76 | Coverage: 53.9% | Eps: 0.810 | Loss: 0.3027
[+00:14:36 | ~01:18:20 left] [Ep 799] Reward: 494.16 | Coverage: 61.9% | Eps: 0.810 | Loss: 0.3032
[+00:14:37 | ~01:18:18 left] [Ep 800] Reward: 655.75 | Coverage: 56.7% | Eps: 0.810 | Loss: 0.3400

[+00:14:37 | ~01:18:18 left] [Eval] Episode 800: Reward=657.02, Coverage=54.9%

[+00:14:38 | ~01:18:17 left] [Ep 801] Reward: 389.12 | Coverage: 53.1% | Eps: 0.810 | Loss: 0.2823
[+00:14:39 | ~01:18:16 left] [Ep 802] Reward: 262.50 | Coverage: 46.4% | Eps: 0.810 | Loss: 0.3072
[+00:14:40 | ~01:18:15 left] [Ep 803] Reward: 569.08 | Coverage: 58.9% | Eps: 0.809 | Loss: 0.2853
[+00:14:41 | ~01:18:14 left] [Ep 804] Reward: 311.86 | Coverage: 57.6% | Eps: 0.809 | Loss: 0.2869
[+00:14:42 | ~01:18:13 left] [Ep 805] Reward: 384.03 | Coverage: 56.4% | Eps: 0.809 | Loss: 0.2924
[+00:14:43 | ~01:18:12 left] [Ep 806] Reward: 419.19 | Coverage: 53.3% | Eps: 0.809 | Loss: 0.3141
[+00:14:44 | ~01:18:11 left] [Ep 807] Reward: 460.12 | Coverage: 50.7% | Eps: 0.808 | Loss: 0.2865
[+00:14:45 | ~01:18:10 left] [Ep 808] Reward: 446.33 | Coverage: 54.6% | Eps: 0.808 | Loss: 0.3563
[+00:14:46 | ~01:18:09 left] [Ep 809] Reward: 415.75 | Coverage: 57.5% | Eps: 0.808 | Loss: 0.2708
[+00:14:47 | ~01:18:08 left] [Ep 810] Reward: 493.09 | Coverage: 55.2% | Eps: 0.808 | Loss: 0.2995
[+00:14:49 | ~01:18:07 left] [Ep 811] Reward: 595.09 | Coverage: 55.1% | Eps: 0.807 | Loss: 0.2899
[+00:14:50 | ~01:18:06 left] [Ep 812] Reward: 424.73 | Coverage: 53.1% | Eps: 0.807 | Loss: 0.3658
[+00:14:51 | ~01:18:05 left] [Ep 813] Reward: 471.41 | Coverage: 58.2% | Eps: 0.807 | Loss: 0.3162
[+00:14:52 | ~01:18:04 left] [Ep 814] Reward: 490.89 | Coverage: 57.6% | Eps: 0.807 | Loss: 0.3500
[+00:14:53 | ~01:18:03 left] [Ep 815] Reward: 488.31 | Coverage: 51.2% | Eps: 0.806 | Loss: 0.2498
[+00:14:54 | ~01:18:02 left] [Ep 816] Reward: 499.72 | Coverage: 60.9% | Eps: 0.806 | Loss: 0.3203
[+00:14:55 | ~01:18:00 left] [Ep 817] Reward: 563.75 | Coverage: 61.1% | Eps: 0.806 | Loss: 0.3457
[+00:14:56 | ~01:17:59 left] [Ep 818] Reward: 322.74 | Coverage: 61.3% | Eps: 0.806 | Loss: 0.3138
[+00:14:57 | ~01:17:58 left] [Ep 819] Reward: 489.72 | Coverage: 55.2% | Eps: 0.805 | Loss: 0.3536
[+00:14:58 | ~01:17:57 left] [Ep 820] Reward: 552.73 | Coverage: 54.8% | Eps: 0.805 | Loss: 0.2907
[+00:14:59 | ~01:17:56 left] [Ep 821] Reward: 549.93 | Coverage: 48.6% | Eps: 0.805 | Loss: 0.3682
[+00:15:00 | ~01:17:55 left] [Ep 822] Reward: 432.47 | Coverage: 60.9% | Eps: 0.805 | Loss: 0.4042
[+00:15:01 | ~01:17:54 left] [Ep 823] Reward: 440.34 | Coverage: 42.4% | Eps: 0.805 | Loss: 0.2981
[+00:15:02 | ~01:17:53 left] [Ep 824] Reward: 472.16 | Coverage: 53.6% | Eps: 0.804 | Loss: 0.2952
[+00:15:04 | ~01:17:52 left] [Ep 825] Reward: 604.33 | Coverage: 53.9% | Eps: 0.804 | Loss: 0.3716
[+00:15:05 | ~01:17:51 left] [Ep 826] Reward: 623.65 | Coverage: 61.5% | Eps: 0.804 | Loss: 0.3771
[+00:15:06 | ~01:17:50 left] [Ep 827] Reward: 417.78 | Coverage: 56.1% | Eps: 0.804 | Loss: 0.2934
[+00:15:07 | ~01:17:49 left] [Ep 828] Reward: 441.48 | Coverage: 49.9% | Eps: 0.803 | Loss: 0.2979
[+00:15:08 | ~01:17:47 left] [Ep 829] Reward: 402.93 | Coverage: 46.9% | Eps: 0.803 | Loss: 0.3038
[+00:15:09 | ~01:17:46 left] [Ep 830] Reward: 491.63 | Coverage: 51.4% | Eps: 0.803 | Loss: 0.2617
[+00:15:10 | ~01:17:45 left] [Ep 831] Reward: 490.74 | Coverage: 56.8% | Eps: 0.803 | Loss: 0.2792
[+00:15:11 | ~01:17:44 left] [Ep 832] Reward: 434.00 | Coverage: 56.4% | Eps: 0.802 | Loss: 0.2762
[+00:15:12 | ~01:17:43 left] [Ep 833] Reward: 413.84 | Coverage: 54.8% | Eps: 0.802 | Loss: 0.2860
[+00:15:13 | ~01:17:42 left] [Ep 834] Reward: 534.46 | Coverage: 51.7% | Eps: 0.802 | Loss: 0.3157
[+00:15:14 | ~01:17:41 left] [Ep 835] Reward: 435.08 | Coverage: 54.7% | Eps: 0.802 | Loss: 0.3269
[+00:15:15 | ~01:17:40 left] [Ep 836] Reward: 390.59 | Coverage: 62.5% | Eps: 0.801 | Loss: 0.3799
[+00:15:16 | ~01:17:39 left] [Ep 837] Reward: 405.38 | Coverage: 49.0% | Eps: 0.801 | Loss: 0.2783
[+00:15:18 | ~01:17:38 left] [Ep 838] Reward: 423.75 | Coverage: 56.3% | Eps: 0.801 | Loss: 0.3580
[+00:15:19 | ~01:17:37 left] [Ep 839] Reward: 469.55 | Coverage: 66.4% | Eps: 0.801 | Loss: 0.3105
[+00:15:20 | ~01:17:35 left] [Ep 840] Reward: 559.93 | Coverage: 59.6% | Eps: 0.800 | Loss: 0.3174
[+00:15:21 | ~01:17:34 left] [Ep 841] Reward: 467.17 | Coverage: 53.2% | Eps: 0.800 | Loss: 0.3468
[+00:15:22 | ~01:17:33 left] [Ep 842] Reward: 377.58 | Coverage: 60.3% | Eps: 0.800 | Loss: 0.2753
[+00:15:23 | ~01:17:32 left] [Ep 843] Reward: 422.92 | Coverage: 51.3% | Eps: 0.800 | Loss: 0.3358
[+00:15:24 | ~01:17:31 left] [Ep 844] Reward: 406.04 | Coverage: 56.1% | Eps: 0.800 | Loss: 0.3276
[+00:15:25 | ~01:17:30 left] [Ep 845] Reward: 404.86 | Coverage: 66.0% | Eps: 0.799 | Loss: 0.3410
[+00:15:26 | ~01:17:29 left] [Ep 846] Reward: 434.42 | Coverage: 68.2% | Eps: 0.799 | Loss: 0.3332
[+00:15:27 | ~01:17:28 left] [Ep 847] Reward: 638.11 | Coverage: 45.1% | Eps: 0.799 | Loss: 0.4202
[+00:15:29 | ~01:17:27 left] [Ep 848] Reward: 601.38 | Coverage: 60.6% | Eps: 0.799 | Loss: 0.2968
[+00:15:30 | ~01:17:26 left] [Ep 849] Reward: 617.99 | Coverage: 68.5% | Eps: 0.798 | Loss: 0.3015
[+00:15:31 | ~01:17:25 left] [Ep 850] Reward: 461.79 | Coverage: 52.6% | Eps: 0.798 | Loss: 0.2981
[+00:15:32 | ~01:17:24 left] [Ep 851] Reward: 418.39 | Coverage: 57.7% | Eps: 0.798 | Loss: 0.3012
[+00:15:33 | ~01:17:22 left] [Ep 852] Reward: 509.48 | Coverage: 65.7% | Eps: 0.798 | Loss: 0.2982
[+00:15:34 | ~01:17:21 left] [Ep 853] Reward: 590.11 | Coverage: 52.9% | Eps: 0.797 | Loss: 0.3716
[+00:15:35 | ~01:17:20 left] [Ep 854] Reward: 551.18 | Coverage: 59.0% | Eps: 0.797 | Loss: 0.3812
[+00:15:36 | ~01:17:19 left] [Ep 855] Reward: 430.82 | Coverage: 55.7% | Eps: 0.797 | Loss: 0.3019
[+00:15:37 | ~01:17:18 left] [Ep 856] Reward: 584.10 | Coverage: 43.8% | Eps: 0.797 | Loss: 0.2918
[+00:15:38 | ~01:17:17 left] [Ep 857] Reward: 568.43 | Coverage: 58.3% | Eps: 0.796 | Loss: 0.3443
[+00:15:39 | ~01:17:16 left] [Ep 858] Reward: 395.52 | Coverage: 54.9% | Eps: 0.796 | Loss: 0.3036
[+00:15:40 | ~01:17:15 left] [Ep 859] Reward: 519.15 | Coverage: 62.0% | Eps: 0.796 | Loss: 0.3514
[+00:15:42 | ~01:17:14 left] [Ep 860] Reward: 458.32 | Coverage: 69.5% | Eps: 0.796 | Loss: 0.3345
[+00:15:43 | ~01:17:13 left] [Ep 861] Reward: 505.36 | Coverage: 60.5% | Eps: 0.796 | Loss: 0.2661
[+00:15:44 | ~01:17:11 left] [Ep 862] Reward: 500.05 | Coverage: 53.7% | Eps: 0.795 | Loss: 0.3889
[+00:15:45 | ~01:17:10 left] [Ep 863] Reward: 691.01 | Coverage: 59.0% | Eps: 0.795 | Loss: 0.3991
[+00:15:46 | ~01:17:09 left] [Ep 864] Reward: 316.14 | Coverage: 57.4% | Eps: 0.795 | Loss: 0.3031
[+00:15:47 | ~01:17:08 left] [Ep 865] Reward: 355.00 | Coverage: 62.6% | Eps: 0.795 | Loss: 0.3124
[+00:15:48 | ~01:17:07 left] [Ep 866] Reward: 409.33 | Coverage: 46.9% | Eps: 0.794 | Loss: 0.3397
[+00:15:50 | ~01:17:06 left] [Ep 867] Reward: 556.33 | Coverage: 48.6% | Eps: 0.794 | Loss: 0.3419
[+00:15:51 | ~01:17:05 left] [Ep 868] Reward: 419.85 | Coverage: 43.0% | Eps: 0.794 | Loss: 0.3552
[+00:15:52 | ~01:17:04 left] [Ep 869] Reward: 576.25 | Coverage: 60.0% | Eps: 0.794 | Loss: 0.4095
[+00:15:53 | ~01:17:03 left] [Ep 870] Reward: 372.11 | Coverage: 56.0% | Eps: 0.793 | Loss: 0.3223
[+00:15:54 | ~01:17:01 left] [Ep 871] Reward: 595.31 | Coverage: 52.0% | Eps: 0.793 | Loss: 0.2977
[+00:15:55 | ~01:17:00 left] [Ep 872] Reward: 550.28 | Coverage: 51.4% | Eps: 0.793 | Loss: 0.2748
[+00:15:56 | ~01:16:59 left] [Ep 873] Reward: 428.36 | Coverage: 52.4% | Eps: 0.793 | Loss: 0.3010
[+00:15:57 | ~01:16:58 left] [Ep 874] Reward: 355.71 | Coverage: 50.1% | Eps: 0.792 | Loss: 0.3292
[+00:15:58 | ~01:16:57 left] [Ep 875] Reward: 528.06 | Coverage: 54.0% | Eps: 0.792 | Loss: 0.4025
[+00:15:59 | ~01:16:56 left] [Ep 876] Reward: 467.99 | Coverage: 52.9% | Eps: 0.792 | Loss: 0.3103
[+00:16:00 | ~01:16:55 left] [Ep 877] Reward: 607.90 | Coverage: 65.0% | Eps: 0.792 | Loss: 0.3402
[+00:16:01 | ~01:16:54 left] [Ep 878] Reward: 403.80 | Coverage: 58.2% | Eps: 0.791 | Loss: 0.3309
[+00:16:03 | ~01:16:53 left] [Ep 879] Reward: 433.03 | Coverage: 50.8% | Eps: 0.791 | Loss: 0.3793
[+00:16:04 | ~01:16:52 left] [Ep 880] Reward: 509.82 | Coverage: 52.3% | Eps: 0.791 | Loss: 0.4331
[+00:16:05 | ~01:16:50 left] [Ep 881] Reward: 334.33 | Coverage: 63.8% | Eps: 0.791 | Loss: 0.3111
[+00:16:06 | ~01:16:49 left] [Ep 882] Reward: 464.40 | Coverage: 59.0% | Eps: 0.791 | Loss: 0.3130
[+00:16:07 | ~01:16:48 left] [Ep 883] Reward: 507.08 | Coverage: 58.0% | Eps: 0.790 | Loss: 0.3745
[+00:16:08 | ~01:16:47 left] [Ep 884] Reward: 426.42 | Coverage: 60.7% | Eps: 0.790 | Loss: 0.3603
[+00:16:09 | ~01:16:46 left] [Ep 885] Reward: 538.95 | Coverage: 66.2% | Eps: 0.790 | Loss: 0.4071
[+00:16:10 | ~01:16:45 left] [Ep 886] Reward: 503.14 | Coverage: 48.3% | Eps: 0.790 | Loss: 0.3568
[+00:16:12 | ~01:16:44 left] [Ep 887] Reward: 419.99 | Coverage: 51.3% | Eps: 0.789 | Loss: 0.3193
[+00:16:13 | ~01:16:42 left] [Ep 888] Reward: 448.34 | Coverage: 44.9% | Eps: 0.789 | Loss: 0.3575
[+00:16:14 | ~01:16:41 left] [Ep 889] Reward: 571.90 | Coverage: 59.3% | Eps: 0.789 | Loss: 0.3785
[+00:16:15 | ~01:16:40 left] [Ep 890] Reward: 630.01 | Coverage: 53.7% | Eps: 0.789 | Loss: 0.3672
[+00:16:16 | ~01:16:39 left] [Ep 891] Reward: 475.94 | Coverage: 51.8% | Eps: 0.788 | Loss: 0.3549
[+00:16:17 | ~01:16:38 left] [Ep 892] Reward: 547.88 | Coverage: 51.2% | Eps: 0.788 | Loss: 0.3774
[+00:16:19 | ~01:16:37 left] [Ep 893] Reward: 505.45 | Coverage: 60.5% | Eps: 0.788 | Loss: 0.3817
[+00:16:20 | ~01:16:36 left] [Ep 894] Reward: 587.60 | Coverage: 55.2% | Eps: 0.788 | Loss: 0.3905
[+00:16:21 | ~01:16:35 left] [Ep 895] Reward: 509.98 | Coverage: 52.7% | Eps: 0.787 | Loss: 0.3613
[+00:16:22 | ~01:16:33 left] [Ep 896] Reward: 450.55 | Coverage: 64.1% | Eps: 0.787 | Loss: 0.3289
[+00:16:23 | ~01:16:32 left] [Ep 897] Reward: 543.82 | Coverage: 49.4% | Eps: 0.787 | Loss: 0.3416
[+00:16:24 | ~01:16:31 left] [Ep 898] Reward: 515.31 | Coverage: 48.0% | Eps: 0.787 | Loss: 0.3842
[+00:16:25 | ~01:16:30 left] [Ep 899] Reward: 506.24 | Coverage: 72.7% | Eps: 0.786 | Loss: 0.3034
[+00:16:26 | ~01:16:29 left] [Ep 900] Reward: 475.84 | Coverage: 53.7% | Eps: 0.786 | Loss: 0.3510

[+00:16:26 | ~01:16:29 left] [Eval] Episode 900: Reward=448.52, Coverage=52.0%

[+00:16:27 | ~01:16:28 left] [Ep 901] Reward: 503.56 | Coverage: 52.6% | Eps: 0.786 | Loss: 0.3207
[+00:16:28 | ~01:16:27 left] [Ep 902] Reward: 441.81 | Coverage: 51.4% | Eps: 0.786 | Loss: 0.3378
[+00:16:30 | ~01:16:26 left] [Ep 903] Reward: 564.20 | Coverage: 55.2% | Eps: 0.786 | Loss: 0.3879
[+00:16:31 | ~01:16:25 left] [Ep 904] Reward: 535.65 | Coverage: 61.1% | Eps: 0.785 | Loss: 0.3446
[+00:16:32 | ~01:16:23 left] [Ep 905] Reward: 398.89 | Coverage: 60.9% | Eps: 0.785 | Loss: 0.3390
[+00:16:33 | ~01:16:22 left] [Ep 906] Reward: 490.31 | Coverage: 59.6% | Eps: 0.785 | Loss: 0.2829
[+00:16:34 | ~01:16:21 left] [Ep 907] Reward: 582.77 | Coverage: 54.3% | Eps: 0.785 | Loss: 0.3672
[+00:16:35 | ~01:16:20 left] [Ep 908] Reward: 527.93 | Coverage: 46.6% | Eps: 0.784 | Loss: 0.3634
[+00:16:37 | ~01:16:19 left] [Ep 909] Reward: 463.61 | Coverage: 57.9% | Eps: 0.784 | Loss: 0.4242
[+00:16:38 | ~01:16:18 left] [Ep 910] Reward: 393.18 | Coverage: 65.8% | Eps: 0.784 | Loss: 0.3255
[+00:16:39 | ~01:16:16 left] [Ep 911] Reward: 386.84 | Coverage: 62.9% | Eps: 0.784 | Loss: 0.3467
[+00:16:40 | ~01:16:15 left] [Ep 912] Reward: 495.36 | Coverage: 55.0% | Eps: 0.783 | Loss: 0.3481
[+00:16:41 | ~01:16:14 left] [Ep 913] Reward: 494.74 | Coverage: 61.2% | Eps: 0.783 | Loss: 0.4013
[+00:16:42 | ~01:16:13 left] [Ep 914] Reward: 547.92 | Coverage: 53.6% | Eps: 0.783 | Loss: 0.3345
[+00:16:43 | ~01:16:12 left] [Ep 915] Reward: 495.42 | Coverage: 55.7% | Eps: 0.783 | Loss: 0.3496
[+00:16:44 | ~01:16:11 left] [Ep 916] Reward: 621.84 | Coverage: 48.2% | Eps: 0.782 | Loss: 0.3629
[+00:16:45 | ~01:16:10 left] [Ep 917] Reward: 476.58 | Coverage: 54.1% | Eps: 0.782 | Loss: 0.3461
[+00:16:46 | ~01:16:09 left] [Ep 918] Reward: 609.01 | Coverage: 57.0% | Eps: 0.782 | Loss: 0.3209
[+00:16:48 | ~01:16:08 left] [Ep 919] Reward: 524.95 | Coverage: 55.0% | Eps: 0.782 | Loss: 0.3466
[+00:16:49 | ~01:16:07 left] [Ep 920] Reward: 522.92 | Coverage: 61.0% | Eps: 0.781 | Loss: 0.3819
[+00:16:50 | ~01:16:05 left] [Ep 921] Reward: 598.42 | Coverage: 68.2% | Eps: 0.781 | Loss: 0.2980
[+00:16:51 | ~01:16:04 left] [Ep 922] Reward: 572.97 | Coverage: 64.6% | Eps: 0.781 | Loss: 0.3444
[+00:16:52 | ~01:16:03 left] [Ep 923] Reward: 544.01 | Coverage: 54.2% | Eps: 0.781 | Loss: 0.3112
[+00:16:53 | ~01:16:02 left] [Ep 924] Reward: 593.39 | Coverage: 51.4% | Eps: 0.781 | Loss: 0.3871
[+00:16:54 | ~01:16:01 left] [Ep 925] Reward: 736.43 | Coverage: 51.9% | Eps: 0.780 | Loss: 0.2784
[+00:16:55 | ~01:16:00 left] [Ep 926] Reward: 531.74 | Coverage: 49.8% | Eps: 0.780 | Loss: 0.3171
[+00:16:56 | ~01:15:59 left] [Ep 927] Reward: 556.44 | Coverage: 56.3% | Eps: 0.780 | Loss: 0.3546
[+00:16:57 | ~01:15:58 left] [Ep 928] Reward: 492.52 | Coverage: 58.8% | Eps: 0.780 | Loss: 0.4022
[+00:16:58 | ~01:15:57 left] [Ep 929] Reward: 432.29 | Coverage: 57.3% | Eps: 0.779 | Loss: 0.3370
[+00:16:59 | ~01:15:56 left] [Ep 930] Reward: 445.13 | Coverage: 57.3% | Eps: 0.779 | Loss: 0.3175
[+00:17:01 | ~01:15:55 left] [Ep 931] Reward: 663.27 | Coverage: 57.1% | Eps: 0.779 | Loss: 0.4150
[+00:17:02 | ~01:15:54 left] [Ep 932] Reward: 551.95 | Coverage: 55.3% | Eps: 0.779 | Loss: 0.2819
[+00:17:03 | ~01:15:53 left] [Ep 933] Reward: 464.95 | Coverage: 51.4% | Eps: 0.778 | Loss: 0.2519
[+00:17:04 | ~01:15:51 left] [Ep 934] Reward: 574.61 | Coverage: 67.1% | Eps: 0.778 | Loss: 0.3575
[+00:17:05 | ~01:15:50 left] [Ep 935] Reward: 511.15 | Coverage: 62.8% | Eps: 0.778 | Loss: 0.3198
[+00:17:06 | ~01:15:49 left] [Ep 936] Reward: 517.68 | Coverage: 50.3% | Eps: 0.778 | Loss: 0.2991
[+00:17:07 | ~01:15:48 left] [Ep 937] Reward: 526.46 | Coverage: 50.3% | Eps: 0.777 | Loss: 0.3683
[+00:17:08 | ~01:15:47 left] [Ep 938] Reward: 645.83 | Coverage: 52.4% | Eps: 0.777 | Loss: 0.3497
[+00:17:09 | ~01:15:46 left] [Ep 939] Reward: 555.93 | Coverage: 56.3% | Eps: 0.777 | Loss: 0.3174
[+00:17:11 | ~01:15:45 left] [Ep 940] Reward: 691.48 | Coverage: 64.2% | Eps: 0.777 | Loss: 0.2888
[+00:17:12 | ~01:15:44 left] [Ep 941] Reward: 577.61 | Coverage: 62.6% | Eps: 0.777 | Loss: 0.3749
[+00:17:13 | ~01:15:42 left] [Ep 942] Reward: 542.32 | Coverage: 62.9% | Eps: 0.776 | Loss: 0.3660
[+00:17:14 | ~01:15:41 left] [Ep 943] Reward: 510.35 | Coverage: 63.1% | Eps: 0.776 | Loss: 0.3360
[+00:17:15 | ~01:15:40 left] [Ep 944] Reward: 553.03 | Coverage: 63.2% | Eps: 0.776 | Loss: 0.4139
[+00:17:16 | ~01:15:39 left] [Ep 945] Reward: 380.69 | Coverage: 60.8% | Eps: 0.776 | Loss: 0.2972
[+00:17:17 | ~01:15:38 left] [Ep 946] Reward: 399.75 | Coverage: 59.0% | Eps: 0.775 | Loss: 0.2790
[+00:17:18 | ~01:15:37 left] [Ep 947] Reward: 507.76 | Coverage: 55.4% | Eps: 0.775 | Loss: 0.3123
[+00:17:20 | ~01:15:36 left] [Ep 948] Reward: 499.73 | Coverage: 45.0% | Eps: 0.775 | Loss: 0.3381
[+00:17:21 | ~01:15:34 left] [Ep 949] Reward: 596.46 | Coverage: 55.3% | Eps: 0.775 | Loss: 0.3496
[+00:17:22 | ~01:15:33 left] [Ep 950] Reward: 661.70 | Coverage: 67.6% | Eps: 0.774 | Loss: 0.3302
[+00:17:23 | ~01:15:32 left] [Ep 951] Reward: 659.74 | Coverage: 52.7% | Eps: 0.774 | Loss: 0.3539
[+00:17:24 | ~01:15:31 left] [Ep 952] Reward: 380.88 | Coverage: 52.1% | Eps: 0.774 | Loss: 0.2897
[+00:17:25 | ~01:15:30 left] [Ep 953] Reward: 474.18 | Coverage: 62.6% | Eps: 0.774 | Loss: 0.3975
[+00:17:26 | ~01:15:29 left] [Ep 954] Reward: 477.63 | Coverage: 56.6% | Eps: 0.773 | Loss: 0.3364
[+00:17:27 | ~01:15:28 left] [Ep 955] Reward: 498.34 | Coverage: 53.0% | Eps: 0.773 | Loss: 0.3844
[+00:17:28 | ~01:15:27 left] [Ep 956] Reward: 478.97 | Coverage: 66.1% | Eps: 0.773 | Loss: 0.3533
[+00:17:29 | ~01:15:26 left] [Ep 957] Reward: 622.63 | Coverage: 60.1% | Eps: 0.773 | Loss: 0.3578
[+00:17:30 | ~01:15:25 left] [Ep 958] Reward: 531.73 | Coverage: 61.0% | Eps: 0.772 | Loss: 0.3623
[+00:17:31 | ~01:15:24 left] [Ep 959] Reward: 553.46 | Coverage: 52.5% | Eps: 0.772 | Loss: 0.3573
[+00:17:32 | ~01:15:23 left] [Ep 960] Reward: 555.60 | Coverage: 59.3% | Eps: 0.772 | Loss: 0.3651
[+00:17:33 | ~01:15:22 left] [Ep 961] Reward: 527.24 | Coverage: 58.5% | Eps: 0.772 | Loss: 0.3925
[+00:17:35 | ~01:15:21 left] [Ep 962] Reward: 647.39 | Coverage: 61.1% | Eps: 0.772 | Loss: 0.3471
[+00:17:36 | ~01:15:20 left] [Ep 963] Reward: 544.71 | Coverage: 63.5% | Eps: 0.771 | Loss: 0.3675
[+00:17:37 | ~01:15:19 left] [Ep 964] Reward: 483.16 | Coverage: 63.3% | Eps: 0.771 | Loss: 0.3354
[+00:17:38 | ~01:15:17 left] [Ep 965] Reward: 607.22 | Coverage: 57.2% | Eps: 0.771 | Loss: 0.3966
[+00:17:39 | ~01:15:16 left] [Ep 966] Reward: 554.41 | Coverage: 60.5% | Eps: 0.771 | Loss: 0.3118
[+00:17:40 | ~01:15:15 left] [Ep 967] Reward: 535.54 | Coverage: 48.8% | Eps: 0.770 | Loss: 0.4108
[+00:17:42 | ~01:15:14 left] [Ep 968] Reward: 480.72 | Coverage: 60.2% | Eps: 0.770 | Loss: 0.3370
[+00:17:43 | ~01:15:13 left] [Ep 969] Reward: 671.67 | Coverage: 60.5% | Eps: 0.770 | Loss: 0.2813
[+00:17:44 | ~01:15:12 left] [Ep 970] Reward: 674.85 | Coverage: 53.6% | Eps: 0.770 | Loss: 0.3436
[+00:17:45 | ~01:15:10 left] [Ep 971] Reward: 499.32 | Coverage: 51.2% | Eps: 0.769 | Loss: 0.3111
[+00:17:46 | ~01:15:09 left] [Ep 972] Reward: 599.61 | Coverage: 55.8% | Eps: 0.769 | Loss: 0.3718
[+00:17:47 | ~01:15:08 left] [Ep 973] Reward: 413.49 | Coverage: 48.4% | Eps: 0.769 | Loss: 0.3120
[+00:17:48 | ~01:15:07 left] [Ep 974] Reward: 500.13 | Coverage: 58.3% | Eps: 0.769 | Loss: 0.3201
[+00:17:49 | ~01:15:06 left] [Ep 975] Reward: 486.67 | Coverage: 58.0% | Eps: 0.768 | Loss: 0.2622
[+00:17:50 | ~01:15:05 left] [Ep 976] Reward: 474.69 | Coverage: 50.1% | Eps: 0.768 | Loss: 0.3196
[+00:17:52 | ~01:15:04 left] [Ep 977] Reward: 603.71 | Coverage: 56.4% | Eps: 0.768 | Loss: 0.2406
[+00:17:53 | ~01:15:03 left] [Ep 978] Reward: 392.69 | Coverage: 63.0% | Eps: 0.768 | Loss: 0.2740
[+00:17:54 | ~01:15:01 left] [Ep 979] Reward: 595.52 | Coverage: 62.9% | Eps: 0.767 | Loss: 0.3677
[+00:17:55 | ~01:15:00 left] [Ep 980] Reward: 617.63 | Coverage: 62.6% | Eps: 0.767 | Loss: 0.3685
[+00:17:56 | ~01:14:59 left] [Ep 981] Reward: 472.55 | Coverage: 55.2% | Eps: 0.767 | Loss: 0.3540
[+00:17:57 | ~01:14:58 left] [Ep 982] Reward: 628.37 | Coverage: 54.0% | Eps: 0.767 | Loss: 0.2981
[+00:17:58 | ~01:14:57 left] [Ep 983] Reward: 566.82 | Coverage: 53.6% | Eps: 0.767 | Loss: 0.3347
[+00:18:00 | ~01:14:56 left] [Ep 984] Reward: 737.88 | Coverage: 59.9% | Eps: 0.766 | Loss: 0.3363
[+00:18:01 | ~01:14:54 left] [Ep 985] Reward: 572.72 | Coverage: 71.2% | Eps: 0.766 | Loss: 0.2899
[+00:18:02 | ~01:14:53 left] [Ep 986] Reward: 632.91 | Coverage: 65.1% | Eps: 0.766 | Loss: 0.3962
[+00:18:03 | ~01:14:52 left] [Ep 987] Reward: 702.59 | Coverage: 66.3% | Eps: 0.766 | Loss: 0.3710
[+00:18:04 | ~01:14:51 left] [Ep 988] Reward: 467.11 | Coverage: 64.8% | Eps: 0.765 | Loss: 0.3269
[+00:18:06 | ~01:14:50 left] [Ep 989] Reward: 495.86 | Coverage: 45.8% | Eps: 0.765 | Loss: 0.3366
[+00:18:07 | ~01:14:49 left] [Ep 990] Reward: 445.52 | Coverage: 54.9% | Eps: 0.765 | Loss: 0.3437
[+00:18:08 | ~01:14:48 left] [Ep 991] Reward: 378.73 | Coverage: 53.4% | Eps: 0.765 | Loss: 0.2535
[+00:18:09 | ~01:14:47 left] [Ep 992] Reward: 396.93 | Coverage: 64.1% | Eps: 0.764 | Loss: 0.3251
[+00:18:10 | ~01:14:45 left] [Ep 993] Reward: 674.16 | Coverage: 66.9% | Eps: 0.764 | Loss: 0.3075
[+00:18:11 | ~01:14:44 left] [Ep 994] Reward: 583.34 | Coverage: 51.9% | Eps: 0.764 | Loss: 0.2945
[+00:18:12 | ~01:14:43 left] [Ep 995] Reward: 591.98 | Coverage: 56.4% | Eps: 0.764 | Loss: 0.3231
[+00:18:13 | ~01:14:42 left] [Ep 996] Reward: 577.86 | Coverage: 59.7% | Eps: 0.763 | Loss: 0.4060
[+00:18:14 | ~01:14:41 left] [Ep 997] Reward: 603.18 | Coverage: 53.0% | Eps: 0.763 | Loss: 0.3595
[+00:18:15 | ~01:14:40 left] [Ep 998] Reward: 589.89 | Coverage: 52.1% | Eps: 0.763 | Loss: 0.3108
[+00:18:17 | ~01:14:39 left] [Ep 999] Reward: 431.70 | Coverage: 51.8% | Eps: 0.763 | Loss: 0.3564
[+00:18:18 | ~01:14:37 left] [Ep 1000] Reward: 639.02 | Coverage: 61.8% | Eps: 0.762 | Loss: 0.3892

[+00:18:18 | ~01:14:37 left] [Eval] Episode 1000: Reward=618.14, Coverage=66.1%

[+00:18:19 | ~01:14:36 left] [Ep 1001] Reward: 547.61 | Coverage: 50.3% | Eps: 0.762 | Loss: 0.3700
[+00:18:20 | ~01:14:35 left] [Ep 1002] Reward: 681.07 | Coverage: 63.4% | Eps: 0.762 | Loss: 0.3352
[+00:18:21 | ~01:14:34 left] [Ep 1003] Reward: 576.67 | Coverage: 56.7% | Eps: 0.762 | Loss: 0.3067
[+00:18:22 | ~01:14:33 left] [Ep 1004] Reward: 538.12 | Coverage: 61.0% | Eps: 0.762 | Loss: 0.3602
[+00:18:23 | ~01:14:32 left] [Ep 1005] Reward: 520.16 | Coverage: 66.0% | Eps: 0.761 | Loss: 0.3478
[+00:18:24 | ~01:14:31 left] [Ep 1006] Reward: 522.00 | Coverage: 51.9% | Eps: 0.761 | Loss: 0.3676
[+00:18:25 | ~01:14:30 left] [Ep 1007] Reward: 587.60 | Coverage: 50.9% | Eps: 0.761 | Loss: 0.3569
[+00:18:27 | ~01:14:29 left] [Ep 1008] Reward: 699.48 | Coverage: 58.9% | Eps: 0.761 | Loss: 0.3733
[+00:18:28 | ~01:14:28 left] [Ep 1009] Reward: 620.78 | Coverage: 49.5% | Eps: 0.760 | Loss: 0.3096
[+00:18:29 | ~01:14:26 left] [Ep 1010] Reward: 568.45 | Coverage: 51.5% | Eps: 0.760 | Loss: 0.3834
[+00:18:30 | ~01:14:25 left] [Ep 1011] Reward: 571.82 | Coverage: 55.4% | Eps: 0.760 | Loss: 0.3384
[+00:18:31 | ~01:14:24 left] [Ep 1012] Reward: 573.59 | Coverage: 57.2% | Eps: 0.760 | Loss: 0.4132
[+00:18:32 | ~01:14:23 left] [Ep 1013] Reward: 689.33 | Coverage: 48.2% | Eps: 0.759 | Loss: 0.3024
[+00:18:33 | ~01:14:22 left] [Ep 1014] Reward: 712.07 | Coverage: 53.7% | Eps: 0.759 | Loss: 0.3991
[+00:18:34 | ~01:14:21 left] [Ep 1015] Reward: 649.15 | Coverage: 59.9% | Eps: 0.759 | Loss: 0.3373
[+00:18:35 | ~01:14:20 left] [Ep 1016] Reward: 454.75 | Coverage: 64.8% | Eps: 0.759 | Loss: 0.3030
[+00:18:36 | ~01:14:19 left] [Ep 1017] Reward: 637.27 | Coverage: 43.6% | Eps: 0.758 | Loss: 0.3094
[+00:18:38 | ~01:14:18 left] [Ep 1018] Reward: 506.54 | Coverage: 64.5% | Eps: 0.758 | Loss: 0.3157
[+00:18:39 | ~01:14:17 left] [Ep 1019] Reward: 687.31 | Coverage: 61.8% | Eps: 0.758 | Loss: 0.3452
[+00:18:40 | ~01:14:16 left] [Ep 1020] Reward: 419.55 | Coverage: 49.2% | Eps: 0.758 | Loss: 0.3488
[+00:18:41 | ~01:14:14 left] [Ep 1021] Reward: 561.57 | Coverage: 46.8% | Eps: 0.758 | Loss: 0.3047
[+00:18:42 | ~01:14:13 left] [Ep 1022] Reward: 462.24 | Coverage: 58.8% | Eps: 0.757 | Loss: 0.3263
[+00:18:43 | ~01:14:12 left] [Ep 1023] Reward: 869.87 | Coverage: 53.5% | Eps: 0.757 | Loss: 0.4127
[+00:18:44 | ~01:14:11 left] [Ep 1024] Reward: 641.48 | Coverage: 57.0% | Eps: 0.757 | Loss: 0.3958
[+00:18:45 | ~01:14:10 left] [Ep 1025] Reward: 684.70 | Coverage: 61.7% | Eps: 0.757 | Loss: 0.3438
[+00:18:46 | ~01:14:09 left] [Ep 1026] Reward: 612.27 | Coverage: 53.8% | Eps: 0.756 | Loss: 0.3276
[+00:18:47 | ~01:14:08 left] [Ep 1027] Reward: 424.54 | Coverage: 57.2% | Eps: 0.756 | Loss: 0.3305
[+00:18:48 | ~01:14:07 left] [Ep 1028] Reward: 501.33 | Coverage: 59.2% | Eps: 0.756 | Loss: 0.3499
[+00:18:49 | ~01:14:06 left] [Ep 1029] Reward: 586.35 | Coverage: 61.8% | Eps: 0.756 | Loss: 0.2842
[+00:18:50 | ~01:14:05 left] [Ep 1030] Reward: 348.04 | Coverage: 67.4% | Eps: 0.755 | Loss: 0.3144
[+00:18:52 | ~01:14:04 left] [Ep 1031] Reward: 372.02 | Coverage: 67.0% | Eps: 0.755 | Loss: 0.2577
[+00:18:53 | ~01:14:02 left] [Ep 1032] Reward: 671.89 | Coverage: 57.7% | Eps: 0.755 | Loss: 0.3400
[+00:18:54 | ~01:14:01 left] [Ep 1033] Reward: 423.57 | Coverage: 54.7% | Eps: 0.755 | Loss: 0.3496
[+00:18:55 | ~01:14:00 left] [Ep 1034] Reward: 569.04 | Coverage: 71.3% | Eps: 0.754 | Loss: 0.3041
[+00:18:56 | ~01:13:59 left] [Ep 1035] Reward: 701.83 | Coverage: 60.3% | Eps: 0.754 | Loss: 0.3860
[+00:18:57 | ~01:13:58 left] [Ep 1036] Reward: 347.84 | Coverage: 58.9% | Eps: 0.754 | Loss: 0.2737
[+00:18:58 | ~01:13:57 left] [Ep 1037] Reward: 598.76 | Coverage: 49.2% | Eps: 0.754 | Loss: 0.2638
[+00:18:59 | ~01:13:56 left] [Ep 1038] Reward: 635.58 | Coverage: 61.1% | Eps: 0.753 | Loss: 0.3310
[+00:19:00 | ~01:13:55 left] [Ep 1039] Reward: 724.94 | Coverage: 51.2% | Eps: 0.753 | Loss: 0.3635
[+00:19:02 | ~01:13:54 left] [Ep 1040] Reward: 714.08 | Coverage: 53.3% | Eps: 0.753 | Loss: 0.3886
[+00:19:03 | ~01:13:53 left] [Ep 1041] Reward: 445.11 | Coverage: 47.7% | Eps: 0.753 | Loss: 0.3025
[+00:19:04 | ~01:13:52 left] [Ep 1042] Reward: 591.61 | Coverage: 52.9% | Eps: 0.753 | Loss: 0.3637
[+00:19:05 | ~01:13:51 left] [Ep 1043] Reward: 596.44 | Coverage: 56.6% | Eps: 0.752 | Loss: 0.3186
[+00:19:06 | ~01:13:49 left] [Ep 1044] Reward: 572.48 | Coverage: 46.6% | Eps: 0.752 | Loss: 0.3129
[+00:19:07 | ~01:13:48 left] [Ep 1045] Reward: 654.73 | Coverage: 50.5% | Eps: 0.752 | Loss: 0.3547
[+00:19:08 | ~01:13:47 left] [Ep 1046] Reward: 627.59 | Coverage: 55.7% | Eps: 0.752 | Loss: 0.3451
[+00:19:09 | ~01:13:46 left] [Ep 1047] Reward: 588.58 | Coverage: 48.1% | Eps: 0.751 | Loss: 0.2556
[+00:19:10 | ~01:13:45 left] [Ep 1048] Reward: 697.03 | Coverage: 48.2% | Eps: 0.751 | Loss: 0.3773
[+00:19:11 | ~01:13:44 left] [Ep 1049] Reward: 546.48 | Coverage: 50.9% | Eps: 0.751 | Loss: 0.3731
[+00:19:13 | ~01:13:43 left] [Ep 1050] Reward: 732.60 | Coverage: 47.2% | Eps: 0.751 | Loss: 0.2925
[+00:19:14 | ~01:13:42 left] [Ep 1051] Reward: 530.47 | Coverage: 60.1% | Eps: 0.750 | Loss: 0.3329
[+00:19:15 | ~01:13:41 left] [Ep 1052] Reward: 535.96 | Coverage: 49.9% | Eps: 0.750 | Loss: 0.3365
[+00:19:16 | ~01:13:39 left] [Ep 1053] Reward: 507.47 | Coverage: 61.1% | Eps: 0.750 | Loss: 0.3267
[+00:19:17 | ~01:13:38 left] [Ep 1054] Reward: 563.97 | Coverage: 62.1% | Eps: 0.750 | Loss: 0.2939
[+00:19:18 | ~01:13:37 left] [Ep 1055] Reward: 549.24 | Coverage: 48.6% | Eps: 0.749 | Loss: 0.2886
[+00:19:19 | ~01:13:36 left] [Ep 1056] Reward: 554.10 | Coverage: 56.4% | Eps: 0.749 | Loss: 0.3141
[+00:19:20 | ~01:13:35 left] [Ep 1057] Reward: 560.80 | Coverage: 53.1% | Eps: 0.749 | Loss: 0.3616
[+00:19:21 | ~01:13:34 left] [Ep 1058] Reward: 549.53 | Coverage: 48.9% | Eps: 0.749 | Loss: 0.3360
[+00:19:23 | ~01:13:33 left] [Ep 1059] Reward: 660.17 | Coverage: 54.1% | Eps: 0.748 | Loss: 0.2990
[+00:19:24 | ~01:13:32 left] [Ep 1060] Reward: 588.24 | Coverage: 54.7% | Eps: 0.748 | Loss: 0.3443
[+00:19:25 | ~01:13:31 left] [Ep 1061] Reward: 502.99 | Coverage: 60.7% | Eps: 0.748 | Loss: 0.1991
[+00:19:26 | ~01:13:30 left] [Ep 1062] Reward: 601.01 | Coverage: 62.7% | Eps: 0.748 | Loss: 0.3586
[+00:19:27 | ~01:13:28 left] [Ep 1063] Reward: 469.77 | Coverage: 49.2% | Eps: 0.748 | Loss: 0.2426
[+00:19:28 | ~01:13:27 left] [Ep 1064] Reward: 650.80 | Coverage: 53.6% | Eps: 0.747 | Loss: 0.2973
[+00:19:29 | ~01:13:26 left] [Ep 1065] Reward: 562.80 | Coverage: 59.6% | Eps: 0.747 | Loss: 0.2666
[+00:19:30 | ~01:13:25 left] [Ep 1066] Reward: 562.49 | Coverage: 63.7% | Eps: 0.747 | Loss: 0.2591
[+00:19:31 | ~01:13:24 left] [Ep 1067] Reward: 539.80 | Coverage: 40.6% | Eps: 0.747 | Loss: 0.3569
[+00:19:32 | ~01:13:23 left] [Ep 1068] Reward: 565.18 | Coverage: 64.4% | Eps: 0.746 | Loss: 0.2914
[+00:19:34 | ~01:13:22 left] [Ep 1069] Reward: 697.15 | Coverage: 55.1% | Eps: 0.746 | Loss: 0.3235
[+00:19:35 | ~01:13:21 left] [Ep 1070] Reward: 652.97 | Coverage: 66.0% | Eps: 0.746 | Loss: 0.3073
[+00:19:36 | ~01:13:20 left] [Ep 1071] Reward: 545.12 | Coverage: 53.5% | Eps: 0.746 | Loss: 0.3278
[+00:19:37 | ~01:13:18 left] [Ep 1072] Reward: 503.64 | Coverage: 50.9% | Eps: 0.745 | Loss: 0.3114
[+00:19:38 | ~01:13:17 left] [Ep 1073] Reward: 447.46 | Coverage: 56.5% | Eps: 0.745 | Loss: 0.2566
[+00:19:39 | ~01:13:16 left] [Ep 1074] Reward: 739.88 | Coverage: 63.7% | Eps: 0.745 | Loss: 0.3473
[+00:19:40 | ~01:13:15 left] [Ep 1075] Reward: 604.54 | Coverage: 56.4% | Eps: 0.745 | Loss: 0.2872
[+00:19:41 | ~01:13:14 left] [Ep 1076] Reward: 637.93 | Coverage: 41.2% | Eps: 0.744 | Loss: 0.2443
[+00:19:42 | ~01:13:13 left] [Ep 1077] Reward: 566.04 | Coverage: 60.6% | Eps: 0.744 | Loss: 0.2890
[+00:19:43 | ~01:13:12 left] [Ep 1078] Reward: 509.10 | Coverage: 45.9% | Eps: 0.744 | Loss: 0.3657
[+00:19:44 | ~01:13:11 left] [Ep 1079] Reward: 483.73 | Coverage: 50.0% | Eps: 0.744 | Loss: 0.3392
[+00:19:46 | ~01:13:10 left] [Ep 1080] Reward: 661.47 | Coverage: 48.8% | Eps: 0.744 | Loss: 0.2908
[+00:19:47 | ~01:13:09 left] [Ep 1081] Reward: 625.73 | Coverage: 44.5% | Eps: 0.743 | Loss: 0.2903
[+00:19:48 | ~01:13:08 left] [Ep 1082] Reward: 572.71 | Coverage: 48.2% | Eps: 0.743 | Loss: 0.2909
[+00:19:49 | ~01:13:07 left] [Ep 1083] Reward: 574.38 | Coverage: 49.9% | Eps: 0.743 | Loss: 0.3864
[+00:19:50 | ~01:13:05 left] [Ep 1084] Reward: 539.96 | Coverage: 52.3% | Eps: 0.743 | Loss: 0.3182
[+00:19:51 | ~01:13:04 left] [Ep 1085] Reward: 584.29 | Coverage: 55.9% | Eps: 0.742 | Loss: 0.3196
[+00:19:52 | ~01:13:03 left] [Ep 1086] Reward: 735.83 | Coverage: 54.1% | Eps: 0.742 | Loss: 0.3432
[+00:19:53 | ~01:13:02 left] [Ep 1087] Reward: 471.59 | Coverage: 46.7% | Eps: 0.742 | Loss: 0.3110
[+00:19:54 | ~01:13:01 left] [Ep 1088] Reward: 607.30 | Coverage: 55.1% | Eps: 0.742 | Loss: 0.2907
[+00:19:55 | ~01:13:00 left] [Ep 1089] Reward: 457.89 | Coverage: 62.4% | Eps: 0.741 | Loss: 0.2927
[+00:19:56 | ~01:12:59 left] [Ep 1090] Reward: 661.77 | Coverage: 62.3% | Eps: 0.741 | Loss: 0.2972
[+00:19:57 | ~01:12:58 left] [Ep 1091] Reward: 649.47 | Coverage: 57.1% | Eps: 0.741 | Loss: 0.2981
[+00:19:59 | ~01:12:57 left] [Ep 1092] Reward: 632.31 | Coverage: 60.2% | Eps: 0.741 | Loss: 0.3283
[+00:20:00 | ~01:12:56 left] [Ep 1093] Reward: 689.81 | Coverage: 61.9% | Eps: 0.740 | Loss: 0.3007
[+00:20:01 | ~01:12:55 left] [Ep 1094] Reward: 591.67 | Coverage: 64.9% | Eps: 0.740 | Loss: 0.3275
[+00:20:02 | ~01:12:53 left] [Ep 1095] Reward: 553.41 | Coverage: 67.1% | Eps: 0.740 | Loss: 0.2945
[+00:20:03 | ~01:12:52 left] [Ep 1096] Reward: 681.24 | Coverage: 54.2% | Eps: 0.740 | Loss: 0.3004
[+00:20:04 | ~01:12:51 left] [Ep 1097] Reward: 492.78 | Coverage: 54.5% | Eps: 0.739 | Loss: 0.2168
[+00:20:05 | ~01:12:50 left] [Ep 1098] Reward: 860.92 | Coverage: 65.7% | Eps: 0.739 | Loss: 0.3329
[+00:20:06 | ~01:12:49 left] [Ep 1099] Reward: 526.19 | Coverage: 66.2% | Eps: 0.739 | Loss: 0.3097
[+00:20:07 | ~01:12:48 left] [Ep 1100] Reward: 631.24 | Coverage: 66.1% | Eps: 0.739 | Loss: 0.3352

[+00:20:07 | ~01:12:48 left] [Eval] Episode 1100: Reward=629.52, Coverage=65.2%

[+00:20:08 | ~01:12:47 left] [Ep 1101] Reward: 528.77 | Coverage: 41.2% | Eps: 0.739 | Loss: 0.1790
[+00:20:09 | ~01:12:46 left] [Ep 1102] Reward: 748.34 | Coverage: 54.8% | Eps: 0.738 | Loss: 0.3779
[+00:20:10 | ~01:12:45 left] [Ep 1103] Reward: 638.20 | Coverage: 35.4% | Eps: 0.738 | Loss: 0.2883
[+00:20:12 | ~01:12:44 left] [Ep 1104] Reward: 467.42 | Coverage: 60.9% | Eps: 0.738 | Loss: 0.3377
[+00:20:13 | ~01:12:42 left] [Ep 1105] Reward: 692.47 | Coverage: 56.6% | Eps: 0.738 | Loss: 0.2513
[+00:20:14 | ~01:12:41 left] [Ep 1106] Reward: 537.30 | Coverage: 56.6% | Eps: 0.737 | Loss: 0.3169
[+00:20:15 | ~01:12:40 left] [Ep 1107] Reward: 557.74 | Coverage: 55.4% | Eps: 0.737 | Loss: 0.2498
[+00:20:16 | ~01:12:39 left] [Ep 1108] Reward: 499.53 | Coverage: 64.6% | Eps: 0.737 | Loss: 0.2665
[+00:20:17 | ~01:12:38 left] [Ep 1109] Reward: 620.77 | Coverage: 54.4% | Eps: 0.737 | Loss: 0.3675
[+00:20:18 | ~01:12:37 left] [Ep 1110] Reward: 650.23 | Coverage: 62.9% | Eps: 0.736 | Loss: 0.2828
[+00:20:19 | ~01:12:36 left] [Ep 1111] Reward: 563.25 | Coverage: 59.8% | Eps: 0.736 | Loss: 0.2986
[+00:20:21 | ~01:12:35 left] [Ep 1112] Reward: 560.74 | Coverage: 58.5% | Eps: 0.736 | Loss: 0.3242
[+00:20:22 | ~01:12:34 left] [Ep 1113] Reward: 427.05 | Coverage: 59.2% | Eps: 0.736 | Loss: 0.3088
[+00:20:23 | ~01:12:32 left] [Ep 1114] Reward: 743.27 | Coverage: 57.0% | Eps: 0.735 | Loss: 0.2945
[+00:20:24 | ~01:12:31 left] [Ep 1115] Reward: 603.24 | Coverage: 49.2% | Eps: 0.735 | Loss: 0.3026
[+00:20:25 | ~01:12:30 left] [Ep 1116] Reward: 570.48 | Coverage: 60.8% | Eps: 0.735 | Loss: 0.3836
[+00:20:26 | ~01:12:29 left] [Ep 1117] Reward: 549.60 | Coverage: 60.8% | Eps: 0.735 | Loss: 0.2847
[+00:20:27 | ~01:12:28 left] [Ep 1118] Reward: 537.05 | Coverage: 55.3% | Eps: 0.734 | Loss: 0.2945
[+00:20:28 | ~01:12:27 left] [Ep 1119] Reward: 550.91 | Coverage: 60.9% | Eps: 0.734 | Loss: 0.3280
[+00:20:29 | ~01:12:26 left] [Ep 1120] Reward: 617.50 | Coverage: 62.0% | Eps: 0.734 | Loss: 0.3297
[+00:20:30 | ~01:12:25 left] [Ep 1121] Reward: 768.26 | Coverage: 48.0% | Eps: 0.734 | Loss: 0.3325
[+00:20:31 | ~01:12:24 left] [Ep 1122] Reward: 711.18 | Coverage: 55.3% | Eps: 0.734 | Loss: 0.3100
[+00:20:32 | ~01:12:23 left] [Ep 1123] Reward: 623.68 | Coverage: 53.4% | Eps: 0.733 | Loss: 0.2383
[+00:20:34 | ~01:12:22 left] [Ep 1124] Reward: 580.21 | Coverage: 50.5% | Eps: 0.733 | Loss: 0.3488
[+00:20:35 | ~01:12:21 left] [Ep 1125] Reward: 357.48 | Coverage: 58.3% | Eps: 0.733 | Loss: 0.2371
[+00:20:36 | ~01:12:20 left] [Ep 1126] Reward: 616.67 | Coverage: 50.9% | Eps: 0.733 | Loss: 0.2946
[+00:20:37 | ~01:12:19 left] [Ep 1127] Reward: 493.73 | Coverage: 53.5% | Eps: 0.732 | Loss: 0.2518
[+00:20:38 | ~01:12:17 left] [Ep 1128] Reward: 499.60 | Coverage: 57.8% | Eps: 0.732 | Loss: 0.2789
[+00:20:39 | ~01:12:16 left] [Ep 1129] Reward: 638.90 | Coverage: 58.5% | Eps: 0.732 | Loss: 0.2941
[+00:20:40 | ~01:12:15 left] [Ep 1130] Reward: 545.03 | Coverage: 58.3% | Eps: 0.732 | Loss: 0.2933
[+00:20:41 | ~01:12:14 left] [Ep 1131] Reward: 487.28 | Coverage: 70.6% | Eps: 0.731 | Loss: 0.2969
[+00:20:43 | ~01:12:13 left] [Ep 1132] Reward: 514.85 | Coverage: 53.0% | Eps: 0.731 | Loss: 0.3440
[+00:20:44 | ~01:12:12 left] [Ep 1133] Reward: 573.08 | Coverage: 57.9% | Eps: 0.731 | Loss: 0.2971
[+00:20:45 | ~01:12:11 left] [Ep 1134] Reward: 669.15 | Coverage: 48.5% | Eps: 0.731 | Loss: 0.2687
[+00:20:46 | ~01:12:10 left] [Ep 1135] Reward: 597.29 | Coverage: 59.3% | Eps: 0.730 | Loss: 0.3166
[+00:20:47 | ~01:12:08 left] [Ep 1136] Reward: 559.21 | Coverage: 63.6% | Eps: 0.730 | Loss: 0.3251
[+00:20:48 | ~01:12:07 left] [Ep 1137] Reward: 672.25 | Coverage: 64.0% | Eps: 0.730 | Loss: 0.2279
[+00:20:49 | ~01:12:06 left] [Ep 1138] Reward: 489.83 | Coverage: 52.2% | Eps: 0.730 | Loss: 0.3004
[+00:20:50 | ~01:12:05 left] [Ep 1139] Reward: 741.25 | Coverage: 54.5% | Eps: 0.729 | Loss: 0.3040
[+00:20:51 | ~01:12:04 left] [Ep 1140] Reward: 474.93 | Coverage: 64.4% | Eps: 0.729 | Loss: 0.2636
[+00:20:52 | ~01:12:03 left] [Ep 1141] Reward: 630.30 | Coverage: 55.7% | Eps: 0.729 | Loss: 0.3300
[+00:20:53 | ~01:12:02 left] [Ep 1142] Reward: 639.03 | Coverage: 62.4% | Eps: 0.729 | Loss: 0.2685
[+00:20:54 | ~01:12:01 left] [Ep 1143] Reward: 645.82 | Coverage: 50.1% | Eps: 0.729 | Loss: 0.2790
[+00:20:55 | ~01:12:00 left] [Ep 1144] Reward: 645.37 | Coverage: 65.1% | Eps: 0.728 | Loss: 0.2666
[+00:20:57 | ~01:11:59 left] [Ep 1145] Reward: 324.75 | Coverage: 62.9% | Eps: 0.728 | Loss: 0.2736
[+00:20:58 | ~01:11:58 left] [Ep 1146] Reward: 680.39 | Coverage: 59.2% | Eps: 0.728 | Loss: 0.2287
[+00:20:59 | ~01:11:56 left] [Ep 1147] Reward: 539.49 | Coverage: 51.2% | Eps: 0.728 | Loss: 0.2144
[+00:21:00 | ~01:11:55 left] [Ep 1148] Reward: 496.45 | Coverage: 55.3% | Eps: 0.727 | Loss: 0.3353
[+00:21:01 | ~01:11:54 left] [Ep 1149] Reward: 558.09 | Coverage: 57.3% | Eps: 0.727 | Loss: 0.2371
[+00:21:02 | ~01:11:53 left] [Ep 1150] Reward: 489.78 | Coverage: 58.0% | Eps: 0.727 | Loss: 0.2309
[+00:21:03 | ~01:11:52 left] [Ep 1151] Reward: 484.57 | Coverage: 55.6% | Eps: 0.727 | Loss: 0.1839
[+00:21:04 | ~01:11:51 left] [Ep 1152] Reward: 623.75 | Coverage: 54.9% | Eps: 0.726 | Loss: 0.2440
[+00:21:05 | ~01:11:50 left] [Ep 1153] Reward: 560.40 | Coverage: 57.5% | Eps: 0.726 | Loss: 0.2161
[+00:21:07 | ~01:11:49 left] [Ep 1154] Reward: 537.39 | Coverage: 65.2% | Eps: 0.726 | Loss: 0.3342
[+00:21:08 | ~01:11:48 left] [Ep 1155] Reward: 585.76 | Coverage: 43.4% | Eps: 0.726 | Loss: 0.3085
[+00:21:09 | ~01:11:46 left] [Ep 1156] Reward: 771.36 | Coverage: 47.5% | Eps: 0.725 | Loss: 0.2401
[+00:21:10 | ~01:11:45 left] [Ep 1157] Reward: 569.11 | Coverage: 46.4% | Eps: 0.725 | Loss: 0.3572
[+00:21:11 | ~01:11:44 left] [Ep 1158] Reward: 712.99 | Coverage: 51.9% | Eps: 0.725 | Loss: 0.3059
[+00:21:12 | ~01:11:43 left] [Ep 1159] Reward: 545.92 | Coverage: 45.2% | Eps: 0.725 | Loss: 0.2531
[+00:21:13 | ~01:11:42 left] [Ep 1160] Reward: 436.31 | Coverage: 59.8% | Eps: 0.725 | Loss: 0.1657
[+00:21:14 | ~01:11:41 left] [Ep 1161] Reward: 610.85 | Coverage: 56.9% | Eps: 0.724 | Loss: 0.3568
[+00:21:15 | ~01:11:40 left] [Ep 1162] Reward: 580.85 | Coverage: 54.7% | Eps: 0.724 | Loss: 0.2091
[+00:21:16 | ~01:11:39 left] [Ep 1163] Reward: 365.34 | Coverage: 51.9% | Eps: 0.724 | Loss: 0.1984
[+00:21:17 | ~01:11:38 left] [Ep 1164] Reward: 636.09 | Coverage: 57.3% | Eps: 0.724 | Loss: 0.3046
[+00:21:18 | ~01:11:37 left] [Ep 1165] Reward: 716.03 | Coverage: 57.4% | Eps: 0.723 | Loss: 0.3608
[+00:21:20 | ~01:11:36 left] [Ep 1166] Reward: 522.18 | Coverage: 58.4% | Eps: 0.723 | Loss: 0.3181
[+00:21:21 | ~01:11:35 left] [Ep 1167] Reward: 609.79 | Coverage: 51.6% | Eps: 0.723 | Loss: 0.2848
[+00:21:22 | ~01:11:34 left] [Ep 1168] Reward: 554.54 | Coverage: 60.5% | Eps: 0.723 | Loss: 0.2856
[+00:21:23 | ~01:11:32 left] [Ep 1169] Reward: 601.60 | Coverage: 46.9% | Eps: 0.722 | Loss: 0.2954
[+00:21:24 | ~01:11:31 left] [Ep 1170] Reward: 506.28 | Coverage: 64.3% | Eps: 0.722 | Loss: 0.2912
[+00:21:25 | ~01:11:30 left] [Ep 1171] Reward: 477.82 | Coverage: 36.6% | Eps: 0.722 | Loss: 0.2716
[+00:21:26 | ~01:11:29 left] [Ep 1172] Reward: 651.04 | Coverage: 52.5% | Eps: 0.722 | Loss: 0.2641
[+00:21:27 | ~01:11:28 left] [Ep 1173] Reward: 607.62 | Coverage: 48.6% | Eps: 0.721 | Loss: 0.2569
[+00:21:28 | ~01:11:27 left] [Ep 1174] Reward: 678.21 | Coverage: 61.4% | Eps: 0.721 | Loss: 0.2288
[+00:21:30 | ~01:11:26 left] [Ep 1175] Reward: 650.35 | Coverage: 46.8% | Eps: 0.721 | Loss: 0.2473
[+00:21:31 | ~01:11:25 left] [Ep 1176] Reward: 599.76 | Coverage: 68.0% | Eps: 0.721 | Loss: 0.1903
[+00:21:32 | ~01:11:24 left] [Ep 1177] Reward: 574.76 | Coverage: 46.4% | Eps: 0.720 | Loss: 0.2536
[+00:21:33 | ~01:11:22 left] [Ep 1178] Reward: 665.81 | Coverage: 69.3% | Eps: 0.720 | Loss: 0.2175
[+00:21:34 | ~01:11:21 left] [Ep 1179] Reward: 661.09 | Coverage: 59.2% | Eps: 0.720 | Loss: 0.2125
[+00:21:35 | ~01:11:20 left] [Ep 1180] Reward: 696.15 | Coverage: 56.5% | Eps: 0.720 | Loss: 0.2634
[+00:21:36 | ~01:11:19 left] [Ep 1181] Reward: 794.75 | Coverage: 59.1% | Eps: 0.720 | Loss: 0.3114
[+00:21:37 | ~01:11:18 left] [Ep 1182] Reward: 596.17 | Coverage: 70.4% | Eps: 0.719 | Loss: 0.2920
[+00:21:38 | ~01:11:17 left] [Ep 1183] Reward: 662.79 | Coverage: 62.0% | Eps: 0.719 | Loss: 0.1920
[+00:21:39 | ~01:11:16 left] [Ep 1184] Reward: 538.53 | Coverage: 42.0% | Eps: 0.719 | Loss: 0.2148
[+00:21:40 | ~01:11:15 left] [Ep 1185] Reward: 611.50 | Coverage: 64.0% | Eps: 0.719 | Loss: 0.2915
[+00:21:42 | ~01:11:14 left] [Ep 1186] Reward: 433.22 | Coverage: 57.8% | Eps: 0.718 | Loss: 0.2141
[+00:21:43 | ~01:11:12 left] [Ep 1187] Reward: 544.85 | Coverage: 46.0% | Eps: 0.718 | Loss: 0.2440
[+00:21:44 | ~01:11:11 left] [Ep 1188] Reward: 689.22 | Coverage: 61.2% | Eps: 0.718 | Loss: 0.2745
[+00:21:45 | ~01:11:10 left] [Ep 1189] Reward: 545.93 | Coverage: 48.6% | Eps: 0.718 | Loss: 0.2134
[+00:21:46 | ~01:11:09 left] [Ep 1190] Reward: 578.61 | Coverage: 57.5% | Eps: 0.717 | Loss: 0.2559
[+00:21:47 | ~01:11:08 left] [Ep 1191] Reward: 472.52 | Coverage: 57.8% | Eps: 0.717 | Loss: 0.1979
[+00:21:48 | ~01:11:07 left] [Ep 1192] Reward: 525.00 | Coverage: 52.2% | Eps: 0.717 | Loss: 0.2267
[+00:21:49 | ~01:11:06 left] [Ep 1193] Reward: 513.13 | Coverage: 60.5% | Eps: 0.717 | Loss: 0.2631
[+00:21:51 | ~01:11:05 left] [Ep 1194] Reward: 622.31 | Coverage: 49.8% | Eps: 0.716 | Loss: 0.1862
[+00:21:52 | ~01:11:04 left] [Ep 1195] Reward: 522.89 | Coverage: 57.6% | Eps: 0.716 | Loss: 0.2671
[+00:21:53 | ~01:11:02 left] [Ep 1196] Reward: 464.25 | Coverage: 52.8% | Eps: 0.716 | Loss: 0.2483
[+00:21:54 | ~01:11:01 left] [Ep 1197] Reward: 684.30 | Coverage: 55.2% | Eps: 0.716 | Loss: 0.2707
[+00:21:55 | ~01:11:00 left] [Ep 1198] Reward: 645.11 | Coverage: 68.7% | Eps: 0.715 | Loss: 0.2572
[+00:21:56 | ~01:10:59 left] [Ep 1199] Reward: 552.39 | Coverage: 57.1% | Eps: 0.715 | Loss: 0.3023
[+00:21:57 | ~01:10:58 left] [Ep 1200] Reward: 441.89 | Coverage: 49.4% | Eps: 0.715 | Loss: 0.2524

[+00:21:57 | ~01:10:58 left] [Eval] Episode 1200: Reward=455.23, Coverage=46.6%

[+00:21:58 | ~01:10:57 left] [Ep 1201] Reward: 450.73 | Coverage: 55.6% | Eps: 0.715 | Loss: 0.2298
[+00:21:59 | ~01:10:56 left] [Ep 1202] Reward: 674.20 | Coverage: 51.4% | Eps: 0.715 | Loss: 0.2514
[+00:22:01 | ~01:10:55 left] [Ep 1203] Reward: 498.65 | Coverage: 56.5% | Eps: 0.714 | Loss: 0.2678
[+00:22:02 | ~01:10:54 left] [Ep 1204] Reward: 613.18 | Coverage: 57.4% | Eps: 0.714 | Loss: 0.2477
[+00:22:03 | ~01:10:53 left] [Ep 1205] Reward: 492.89 | Coverage: 56.9% | Eps: 0.714 | Loss: 0.2469
[+00:22:04 | ~01:10:52 left] [Ep 1206] Reward: 678.05 | Coverage: 56.9% | Eps: 0.714 | Loss: 0.2168
[+00:22:05 | ~01:10:50 left] [Ep 1207] Reward: 604.57 | Coverage: 52.9% | Eps: 0.713 | Loss: 0.2180
[+00:22:06 | ~01:10:49 left] [Ep 1208] Reward: 563.36 | Coverage: 59.2% | Eps: 0.713 | Loss: 0.1880
[+00:22:07 | ~01:10:48 left] [Ep 1209] Reward: 579.52 | Coverage: 63.1% | Eps: 0.713 | Loss: 0.3137
[+00:22:08 | ~01:10:47 left] [Ep 1210] Reward: 509.00 | Coverage: 52.4% | Eps: 0.713 | Loss: 0.1935
[+00:22:09 | ~01:10:46 left] [Ep 1211] Reward: 667.35 | Coverage: 56.0% | Eps: 0.712 | Loss: 0.2152
[+00:22:10 | ~01:10:45 left] [Ep 1212] Reward: 629.25 | Coverage: 56.8% | Eps: 0.712 | Loss: 0.2138
[+00:22:12 | ~01:10:44 left] [Ep 1213] Reward: 608.19 | Coverage: 64.4% | Eps: 0.712 | Loss: 0.2779
[+00:22:13 | ~01:10:43 left] [Ep 1214] Reward: 621.51 | Coverage: 63.3% | Eps: 0.712 | Loss: 0.2299
[+00:22:14 | ~01:10:41 left] [Ep 1215] Reward: 675.74 | Coverage: 51.7% | Eps: 0.711 | Loss: 0.2912
[+00:22:15 | ~01:10:40 left] [Ep 1216] Reward: 546.12 | Coverage: 56.8% | Eps: 0.711 | Loss: 0.2140
[+00:22:16 | ~01:10:39 left] [Ep 1217] Reward: 558.93 | Coverage: 46.8% | Eps: 0.711 | Loss: 0.2517
[+00:22:17 | ~01:10:38 left] [Ep 1218] Reward: 434.51 | Coverage: 50.2% | Eps: 0.711 | Loss: 0.2068
[+00:22:18 | ~01:10:37 left] [Ep 1219] Reward: 624.52 | Coverage: 56.5% | Eps: 0.710 | Loss: 0.3256
[+00:22:19 | ~01:10:36 left] [Ep 1220] Reward: 579.41 | Coverage: 60.4% | Eps: 0.710 | Loss: 0.1920
[+00:22:21 | ~01:10:35 left] [Ep 1221] Reward: 605.38 | Coverage: 62.5% | Eps: 0.710 | Loss: 0.2515
[+00:22:22 | ~01:10:34 left] [Ep 1222] Reward: 673.40 | Coverage: 54.4% | Eps: 0.710 | Loss: 0.2641
[+00:22:23 | ~01:10:33 left] [Ep 1223] Reward: 740.12 | Coverage: 47.7% | Eps: 0.710 | Loss: 0.2549
[+00:22:24 | ~01:10:32 left] [Ep 1224] Reward: 579.48 | Coverage: 58.9% | Eps: 0.709 | Loss: 0.2306
[+00:22:25 | ~01:10:31 left] [Ep 1225] Reward: 488.78 | Coverage: 55.3% | Eps: 0.709 | Loss: 0.2325
[+00:22:26 | ~01:10:30 left] [Ep 1226] Reward: 558.28 | Coverage: 59.1% | Eps: 0.709 | Loss: 0.2391
[+00:22:27 | ~01:10:29 left] [Ep 1227] Reward: 570.12 | Coverage: 57.4% | Eps: 0.709 | Loss: 0.2311
[+00:22:28 | ~01:10:27 left] [Ep 1228] Reward: 592.51 | Coverage: 61.0% | Eps: 0.708 | Loss: 0.2752
[+00:22:29 | ~01:10:26 left] [Ep 1229] Reward: 567.38 | Coverage: 60.6% | Eps: 0.708 | Loss: 0.3247
[+00:22:30 | ~01:10:25 left] [Ep 1230] Reward: 472.76 | Coverage: 61.8% | Eps: 0.708 | Loss: 0.2136
[+00:22:31 | ~01:10:24 left] [Ep 1231] Reward: 640.33 | Coverage: 53.5% | Eps: 0.708 | Loss: 0.1808
[+00:22:32 | ~01:10:23 left] [Ep 1232] Reward: 508.49 | Coverage: 62.8% | Eps: 0.707 | Loss: 0.2317
[+00:22:33 | ~01:10:22 left] [Ep 1233] Reward: 526.15 | Coverage: 53.2% | Eps: 0.707 | Loss: 0.3381
[+00:22:35 | ~01:10:21 left] [Ep 1234] Reward: 589.70 | Coverage: 57.0% | Eps: 0.707 | Loss: 0.2024
[+00:22:36 | ~01:10:20 left] [Ep 1235] Reward: 788.26 | Coverage: 68.3% | Eps: 0.707 | Loss: 0.2998
[+00:22:37 | ~01:10:19 left] [Ep 1236] Reward: 616.99 | Coverage: 58.7% | Eps: 0.706 | Loss: 0.3010
[+00:22:38 | ~01:10:17 left] [Ep 1237] Reward: 399.38 | Coverage: 49.0% | Eps: 0.706 | Loss: 0.2115
[+00:22:39 | ~01:10:16 left] [Ep 1238] Reward: 656.91 | Coverage: 66.0% | Eps: 0.706 | Loss: 0.2561
[+00:22:40 | ~01:10:15 left] [Ep 1239] Reward: 568.71 | Coverage: 62.8% | Eps: 0.706 | Loss: 0.2981
[+00:22:41 | ~01:10:14 left] [Ep 1240] Reward: 686.05 | Coverage: 63.7% | Eps: 0.706 | Loss: 0.2175
[+00:22:42 | ~01:10:13 left] [Ep 1241] Reward: 659.59 | Coverage: 57.7% | Eps: 0.705 | Loss: 0.2242
[+00:22:44 | ~01:10:12 left] [Ep 1242] Reward: 472.47 | Coverage: 58.6% | Eps: 0.705 | Loss: 0.2088
[+00:22:45 | ~01:10:11 left] [Ep 1243] Reward: 481.96 | Coverage: 54.9% | Eps: 0.705 | Loss: 0.1912
[+00:22:46 | ~01:10:09 left] [Ep 1244] Reward: 588.51 | Coverage: 51.9% | Eps: 0.705 | Loss: 0.2055
[+00:22:47 | ~01:10:08 left] [Ep 1245] Reward: 443.21 | Coverage: 66.2% | Eps: 0.704 | Loss: 0.1822
[+00:22:48 | ~01:10:07 left] [Ep 1246] Reward: 473.89 | Coverage: 54.1% | Eps: 0.704 | Loss: 0.2323
[+00:22:49 | ~01:10:06 left] [Ep 1247] Reward: 648.65 | Coverage: 53.4% | Eps: 0.704 | Loss: 0.1998
[+00:22:50 | ~01:10:05 left] [Ep 1248] Reward: 540.06 | Coverage: 53.6% | Eps: 0.704 | Loss: 0.2397
[+00:22:52 | ~01:10:04 left] [Ep 1249] Reward: 673.18 | Coverage: 68.4% | Eps: 0.703 | Loss: 0.1678
[+00:22:53 | ~01:10:03 left] [Ep 1250] Reward: 757.59 | Coverage: 62.1% | Eps: 0.703 | Loss: 0.2430
[+00:22:54 | ~01:10:02 left] [Ep 1251] Reward: 780.17 | Coverage: 54.1% | Eps: 0.703 | Loss: 0.2628
[+00:22:55 | ~01:10:01 left] [Ep 1252] Reward: 596.82 | Coverage: 56.2% | Eps: 0.703 | Loss: 0.1495
[+00:22:56 | ~01:09:59 left] [Ep 1253] Reward: 807.17 | Coverage: 59.7% | Eps: 0.702 | Loss: 0.2439
[+00:22:57 | ~01:09:58 left] [Ep 1254] Reward: 591.80 | Coverage: 62.1% | Eps: 0.702 | Loss: 0.2778
[+00:22:58 | ~01:09:57 left] [Ep 1255] Reward: 550.61 | Coverage: 46.1% | Eps: 0.702 | Loss: 0.1801
[+00:22:59 | ~01:09:56 left] [Ep 1256] Reward: 612.83 | Coverage: 62.2% | Eps: 0.702 | Loss: 0.2951
[+00:23:00 | ~01:09:55 left] [Ep 1257] Reward: 455.91 | Coverage: 55.1% | Eps: 0.701 | Loss: 0.2447
[+00:23:01 | ~01:09:54 left] [Ep 1258] Reward: 512.52 | Coverage: 52.1% | Eps: 0.701 | Loss: 0.1995
[+00:23:03 | ~01:09:53 left] [Ep 1259] Reward: 578.99 | Coverage: 54.0% | Eps: 0.701 | Loss: 0.2252
[+00:23:04 | ~01:09:52 left] [Ep 1260] Reward: 636.52 | Coverage: 61.5% | Eps: 0.701 | Loss: 0.2496
[+00:23:05 | ~01:09:51 left] [Ep 1261] Reward: 491.49 | Coverage: 67.7% | Eps: 0.701 | Loss: 0.2300
[+00:23:06 | ~01:09:49 left] [Ep 1262] Reward: 715.78 | Coverage: 57.4% | Eps: 0.700 | Loss: 0.2483
[+00:23:07 | ~01:09:48 left] [Ep 1263] Reward: 588.03 | Coverage: 60.0% | Eps: 0.700 | Loss: 0.1897
[+00:23:08 | ~01:09:47 left] [Ep 1264] Reward: 577.18 | Coverage: 51.3% | Eps: 0.700 | Loss: 0.2331
[+00:23:09 | ~01:09:46 left] [Ep 1265] Reward: 525.04 | Coverage: 59.6% | Eps: 0.700 | Loss: 0.1695
[+00:23:10 | ~01:09:45 left] [Ep 1266] Reward: 584.48 | Coverage: 61.7% | Eps: 0.699 | Loss: 0.2214
[+00:23:11 | ~01:09:44 left] [Ep 1267] Reward: 550.72 | Coverage: 47.0% | Eps: 0.699 | Loss: 0.1895
[+00:23:12 | ~01:09:43 left] [Ep 1268] Reward: 675.13 | Coverage: 53.2% | Eps: 0.699 | Loss: 0.1960
[+00:23:13 | ~01:09:42 left] [Ep 1269] Reward: 628.93 | Coverage: 61.5% | Eps: 0.699 | Loss: 0.2747
[+00:23:15 | ~01:09:41 left] [Ep 1270] Reward: 799.42 | Coverage: 45.2% | Eps: 0.698 | Loss: 0.2687
[+00:23:16 | ~01:09:40 left] [Ep 1271] Reward: 440.07 | Coverage: 54.1% | Eps: 0.698 | Loss: 0.2492
[+00:23:17 | ~01:09:39 left] [Ep 1272] Reward: 467.28 | Coverage: 60.3% | Eps: 0.698 | Loss: 0.1809
[+00:23:18 | ~01:09:37 left] [Ep 1273] Reward: 657.36 | Coverage: 45.7% | Eps: 0.698 | Loss: 0.2118
[+00:23:19 | ~01:09:36 left] [Ep 1274] Reward: 665.59 | Coverage: 54.0% | Eps: 0.697 | Loss: 0.2728
[+00:23:20 | ~01:09:35 left] [Ep 1275] Reward: 532.08 | Coverage: 56.8% | Eps: 0.697 | Loss: 0.2297
[+00:23:21 | ~01:09:34 left] [Ep 1276] Reward: 546.25 | Coverage: 62.2% | Eps: 0.697 | Loss: 0.3167
[+00:23:22 | ~01:09:33 left] [Ep 1277] Reward: 505.50 | Coverage: 48.3% | Eps: 0.697 | Loss: 0.2395
[+00:23:23 | ~01:09:32 left] [Ep 1278] Reward: 702.70 | Coverage: 63.6% | Eps: 0.696 | Loss: 0.2312
[+00:23:24 | ~01:09:31 left] [Ep 1279] Reward: 300.42 | Coverage: 58.5% | Eps: 0.696 | Loss: 0.2110
[+00:23:25 | ~01:09:30 left] [Ep 1280] Reward: 284.98 | Coverage: 64.2% | Eps: 0.696 | Loss: 0.2286
[+00:23:26 | ~01:09:29 left] [Ep 1281] Reward: 588.05 | Coverage: 63.9% | Eps: 0.696 | Loss: 0.2170
[+00:23:28 | ~01:09:28 left] [Ep 1282] Reward: 507.72 | Coverage: 58.7% | Eps: 0.696 | Loss: 0.2512
[+00:23:29 | ~01:09:27 left] [Ep 1283] Reward: 552.48 | Coverage: 59.6% | Eps: 0.695 | Loss: 0.2610
[+00:23:30 | ~01:09:26 left] [Ep 1284] Reward: 326.34 | Coverage: 45.4% | Eps: 0.695 | Loss: 0.1912
[+00:23:31 | ~01:09:25 left] [Ep 1285] Reward: 505.83 | Coverage: 47.9% | Eps: 0.695 | Loss: 0.1692
[+00:23:32 | ~01:09:23 left] [Ep 1286] Reward: 362.69 | Coverage: 50.1% | Eps: 0.695 | Loss: 0.1489
[+00:23:33 | ~01:09:22 left] [Ep 1287] Reward: 512.55 | Coverage: 54.3% | Eps: 0.694 | Loss: 0.2425
[+00:23:34 | ~01:09:21 left] [Ep 1288] Reward: 421.92 | Coverage: 62.5% | Eps: 0.694 | Loss: 0.1779
[+00:23:35 | ~01:09:20 left] [Ep 1289] Reward: 412.65 | Coverage: 45.1% | Eps: 0.694 | Loss: 0.1358
[+00:23:36 | ~01:09:19 left] [Ep 1290] Reward: 532.03 | Coverage: 54.5% | Eps: 0.694 | Loss: 0.2373
[+00:23:38 | ~01:09:18 left] [Ep 1291] Reward: 434.39 | Coverage: 48.1% | Eps: 0.693 | Loss: 0.3214
[+00:23:39 | ~01:09:17 left] [Ep 1292] Reward: 377.30 | Coverage: 46.6% | Eps: 0.693 | Loss: 0.2213
[+00:23:40 | ~01:09:16 left] [Ep 1293] Reward: 324.85 | Coverage: 66.0% | Eps: 0.693 | Loss: 0.2550
[+00:23:41 | ~01:09:15 left] [Ep 1294] Reward: 394.02 | Coverage: 57.2% | Eps: 0.693 | Loss: 0.2246
[+00:23:42 | ~01:09:14 left] [Ep 1295] Reward: 636.76 | Coverage: 67.0% | Eps: 0.692 | Loss: 0.2173
[+00:23:43 | ~01:09:12 left] [Ep 1296] Reward: 531.09 | Coverage: 64.1% | Eps: 0.692 | Loss: 0.2579
[+00:23:44 | ~01:09:11 left] [Ep 1297] Reward: 486.50 | Coverage: 50.6% | Eps: 0.692 | Loss: 0.2094
[+00:23:45 | ~01:09:10 left] [Ep 1298] Reward: 532.16 | Coverage: 44.7% | Eps: 0.692 | Loss: 0.2317
[+00:23:46 | ~01:09:09 left] [Ep 1299] Reward: 476.78 | Coverage: 69.8% | Eps: 0.691 | Loss: 0.2337
[+00:23:47 | ~01:09:08 left] [Ep 1300] Reward: 530.35 | Coverage: 54.0% | Eps: 0.691 | Loss: 0.1941

[+00:23:47 | ~01:09:08 left] [Eval] Episode 1300: Reward=518.85, Coverage=54.1%

[+00:23:49 | ~01:09:07 left] [Ep 1301] Reward: 371.00 | Coverage: 49.2% | Eps: 0.691 | Loss: 0.2604
[+00:23:50 | ~01:09:06 left] [Ep 1302] Reward: 230.63 | Coverage: 61.0% | Eps: 0.691 | Loss: 0.2136
[+00:23:51 | ~01:09:04 left] [Ep 1303] Reward: 258.24 | Coverage: 57.4% | Eps: 0.691 | Loss: 0.1903
[+00:23:52 | ~01:09:03 left] [Ep 1304] Reward: 639.63 | Coverage: 52.3% | Eps: 0.690 | Loss: 0.2420
[+00:23:53 | ~01:09:02 left] [Ep 1305] Reward: 541.01 | Coverage: 54.3% | Eps: 0.690 | Loss: 0.1845
[+00:23:54 | ~01:09:01 left] [Ep 1306] Reward: 409.02 | Coverage: 57.6% | Eps: 0.690 | Loss: 0.2215
[+00:23:55 | ~01:09:00 left] [Ep 1307] Reward: 515.74 | Coverage: 57.0% | Eps: 0.690 | Loss: 0.2200
[+00:23:56 | ~01:08:59 left] [Ep 1308] Reward: 621.45 | Coverage: 61.4% | Eps: 0.689 | Loss: 0.2637
[+00:23:58 | ~01:08:58 left] [Ep 1309] Reward: 327.87 | Coverage: 54.3% | Eps: 0.689 | Loss: 0.2392
[+00:23:59 | ~01:08:57 left] [Ep 1310] Reward: 488.44 | Coverage: 54.4% | Eps: 0.689 | Loss: 0.2192
[+00:24:00 | ~01:08:55 left] [Ep 1311] Reward: 320.43 | Coverage: 60.4% | Eps: 0.689 | Loss: 0.2529
[+00:24:01 | ~01:08:54 left] [Ep 1312] Reward: 608.89 | Coverage: 58.6% | Eps: 0.688 | Loss: 0.2757
[+00:24:02 | ~01:08:53 left] [Ep 1313] Reward: 493.28 | Coverage: 63.6% | Eps: 0.688 | Loss: 0.2424
[+00:24:03 | ~01:08:52 left] [Ep 1314] Reward: 593.05 | Coverage: 55.0% | Eps: 0.688 | Loss: 0.2205
[+00:24:04 | ~01:08:51 left] [Ep 1315] Reward: 404.80 | Coverage: 56.0% | Eps: 0.688 | Loss: 0.1676
[+00:24:05 | ~01:08:50 left] [Ep 1316] Reward: 270.47 | Coverage: 49.2% | Eps: 0.687 | Loss: 0.1774
[+00:24:06 | ~01:08:49 left] [Ep 1317] Reward: 587.93 | Coverage: 66.2% | Eps: 0.687 | Loss: 0.2078
[+00:24:07 | ~01:08:48 left] [Ep 1318] Reward: 492.81 | Coverage: 47.7% | Eps: 0.687 | Loss: 0.1956
[+00:24:08 | ~01:08:47 left] [Ep 1319] Reward: 442.42 | Coverage: 57.9% | Eps: 0.687 | Loss: 0.2125
[+00:24:09 | ~01:08:46 left] [Ep 1320] Reward: 323.23 | Coverage: 50.9% | Eps: 0.686 | Loss: 0.2223
[+00:24:11 | ~01:08:45 left] [Ep 1321] Reward: 444.47 | Coverage: 58.8% | Eps: 0.686 | Loss: 0.2412
[+00:24:12 | ~01:08:44 left] [Ep 1322] Reward: 543.41 | Coverage: 61.4% | Eps: 0.686 | Loss: 0.2172
[+00:24:13 | ~01:08:43 left] [Ep 1323] Reward: 565.61 | Coverage: 46.1% | Eps: 0.686 | Loss: 0.2395
[+00:24:14 | ~01:08:41 left] [Ep 1324] Reward: 526.42 | Coverage: 55.3% | Eps: 0.686 | Loss: 0.2226
[+00:24:15 | ~01:08:41 left] [Ep 1325] Reward: 298.68 | Coverage: 45.4% | Eps: 0.685 | Loss: 0.1410
[+00:24:16 | ~01:08:39 left] [Ep 1326] Reward: 185.24 | Coverage: 65.6% | Eps: 0.685 | Loss: 0.1825
[+00:24:17 | ~01:08:38 left] [Ep 1327] Reward: 384.88 | Coverage: 53.8% | Eps: 0.685 | Loss: 0.2144
[+00:24:18 | ~01:08:37 left] [Ep 1328] Reward: 499.41 | Coverage: 46.5% | Eps: 0.685 | Loss: 0.1718
[+00:24:19 | ~01:08:36 left] [Ep 1329] Reward: 412.11 | Coverage: 52.1% | Eps: 0.684 | Loss: 0.2442
[+00:24:20 | ~01:08:35 left] [Ep 1330] Reward: 466.81 | Coverage: 65.0% | Eps: 0.684 | Loss: 0.2815
[+00:24:22 | ~01:08:34 left] [Ep 1331] Reward: 250.82 | Coverage: 66.1% | Eps: 0.684 | Loss: 0.2690
[+00:24:23 | ~01:08:33 left] [Ep 1332] Reward: 534.46 | Coverage: 64.8% | Eps: 0.684 | Loss: 0.2118
[+00:24:24 | ~01:08:32 left] [Ep 1333] Reward: 426.65 | Coverage: 51.6% | Eps: 0.683 | Loss: 0.2800
[+00:24:25 | ~01:08:31 left] [Ep 1334] Reward: 535.24 | Coverage: 55.7% | Eps: 0.683 | Loss: 0.2264
[+00:24:26 | ~01:08:29 left] [Ep 1335] Reward: 393.36 | Coverage: 67.1% | Eps: 0.683 | Loss: 0.2070
[+00:24:27 | ~01:08:28 left] [Ep 1336] Reward: 354.36 | Coverage: 52.0% | Eps: 0.683 | Loss: 0.1960
[+00:24:28 | ~01:08:27 left] [Ep 1337] Reward: 527.61 | Coverage: 54.5% | Eps: 0.682 | Loss: 0.2085
[+00:24:29 | ~01:08:26 left] [Ep 1338] Reward: 306.57 | Coverage: 50.5% | Eps: 0.682 | Loss: 0.2052
[+00:24:30 | ~01:08:25 left] [Ep 1339] Reward: 251.70 | Coverage: 49.2% | Eps: 0.682 | Loss: 0.2276
[+00:24:31 | ~01:08:24 left] [Ep 1340] Reward: 387.64 | Coverage: 64.4% | Eps: 0.682 | Loss: 0.2273
[+00:24:32 | ~01:08:23 left] [Ep 1341] Reward: 657.74 | Coverage: 60.7% | Eps: 0.682 | Loss: 0.2211
[+00:24:33 | ~01:08:22 left] [Ep 1342] Reward: 504.73 | Coverage: 59.5% | Eps: 0.681 | Loss: 0.2385
[+00:24:35 | ~01:08:21 left] [Ep 1343] Reward: 453.93 | Coverage: 60.4% | Eps: 0.681 | Loss: 0.2688
[+00:24:36 | ~01:08:20 left] [Ep 1344] Reward: 384.95 | Coverage: 63.2% | Eps: 0.681 | Loss: 0.2592
[+00:24:37 | ~01:08:18 left] [Ep 1345] Reward: 378.16 | Coverage: 66.3% | Eps: 0.681 | Loss: 0.1620
[+00:24:38 | ~01:08:17 left] [Ep 1346] Reward: 343.33 | Coverage: 56.6% | Eps: 0.680 | Loss: 0.1193
[+00:24:39 | ~01:08:16 left] [Ep 1347] Reward: 309.21 | Coverage: 54.5% | Eps: 0.680 | Loss: 0.2589
[+00:24:40 | ~01:08:15 left] [Ep 1348] Reward: 391.20 | Coverage: 50.1% | Eps: 0.680 | Loss: 0.1670
[+00:24:41 | ~01:08:14 left] [Ep 1349] Reward: 184.01 | Coverage: 63.6% | Eps: 0.680 | Loss: 0.2128
[+00:24:42 | ~01:08:13 left] [Ep 1350] Reward: 475.70 | Coverage: 53.4% | Eps: 0.679 | Loss: 0.1751
[+00:24:43 | ~01:08:12 left] [Ep 1351] Reward: 202.06 | Coverage: 47.1% | Eps: 0.679 | Loss: 0.1500
[+00:24:44 | ~01:08:11 left] [Ep 1352] Reward: 471.77 | Coverage: 55.0% | Eps: 0.679 | Loss: 0.2438
[+00:24:46 | ~01:08:10 left] [Ep 1353] Reward: 485.59 | Coverage: 56.8% | Eps: 0.679 | Loss: 0.2527
[+00:24:47 | ~01:08:08 left] [Ep 1354] Reward: 549.36 | Coverage: 62.0% | Eps: 0.678 | Loss: 0.1994
[+00:24:48 | ~01:08:07 left] [Ep 1355] Reward: 633.78 | Coverage: 63.1% | Eps: 0.678 | Loss: 0.1190
[+00:24:49 | ~01:08:06 left] [Ep 1356] Reward: 322.79 | Coverage: 52.0% | Eps: 0.678 | Loss: 0.2009
[+00:24:50 | ~01:08:05 left] [Ep 1357] Reward: 268.25 | Coverage: 51.6% | Eps: 0.678 | Loss: 0.2386
[+00:24:51 | ~01:08:04 left] [Ep 1358] Reward: 273.68 | Coverage: 54.6% | Eps: 0.677 | Loss: 0.1639
[+00:24:52 | ~01:08:03 left] [Ep 1359] Reward: 463.35 | Coverage: 48.9% | Eps: 0.677 | Loss: 0.2306
[+00:24:53 | ~01:08:02 left] [Ep 1360] Reward: 431.40 | Coverage: 56.0% | Eps: 0.677 | Loss: 0.2228
[+00:24:54 | ~01:08:01 left] [Ep 1361] Reward: 380.32 | Coverage: 59.7% | Eps: 0.677 | Loss: 0.2467
[+00:24:55 | ~01:08:00 left] [Ep 1362] Reward: 429.93 | Coverage: 57.0% | Eps: 0.677 | Loss: 0.2285
[+00:24:56 | ~01:07:59 left] [Ep 1363] Reward: 224.01 | Coverage: 46.4% | Eps: 0.676 | Loss: 0.1850
[+00:24:57 | ~01:07:58 left] [Ep 1364] Reward: 282.56 | Coverage: 49.1% | Eps: 0.676 | Loss: 0.2719
[+00:24:58 | ~01:07:57 left] [Ep 1365] Reward: 289.53 | Coverage: 64.9% | Eps: 0.676 | Loss: 0.2179
[+00:24:59 | ~01:07:56 left] [Ep 1366] Reward: 376.08 | Coverage: 50.2% | Eps: 0.676 | Loss: 0.2234
[+00:25:00 | ~01:07:55 left] [Ep 1367] Reward: 415.49 | Coverage: 61.5% | Eps: 0.675 | Loss: 0.1873
[+00:25:01 | ~01:07:54 left] [Ep 1368] Reward: 249.49 | Coverage: 60.8% | Eps: 0.675 | Loss: 0.2071
[+00:25:03 | ~01:07:53 left] [Ep 1369] Reward: 168.96 | Coverage: 54.7% | Eps: 0.675 | Loss: 0.1896
[+00:25:04 | ~01:07:52 left] [Ep 1370] Reward: 454.52 | Coverage: 50.4% | Eps: 0.675 | Loss: 0.2183
[+00:25:05 | ~01:07:51 left] [Ep 1371] Reward: 616.42 | Coverage: 58.1% | Eps: 0.674 | Loss: 0.2939
[+00:25:06 | ~01:07:50 left] [Ep 1372] Reward: 340.47 | Coverage: 51.1% | Eps: 0.674 | Loss: 0.1708
[+00:25:07 | ~01:07:48 left] [Ep 1373] Reward: 422.60 | Coverage: 55.6% | Eps: 0.674 | Loss: 0.1613
[+00:25:08 | ~01:07:48 left] [Ep 1374] Reward: 526.20 | Coverage: 57.4% | Eps: 0.674 | Loss: 0.2849
[+00:25:09 | ~01:07:46 left] [Ep 1375] Reward: 538.13 | Coverage: 52.2% | Eps: 0.673 | Loss: 0.2179
[+00:25:10 | ~01:07:45 left] [Ep 1376] Reward: 342.47 | Coverage: 55.3% | Eps: 0.673 | Loss: 0.1998
[+00:25:11 | ~01:07:44 left] [Ep 1377] Reward: 299.78 | Coverage: 54.8% | Eps: 0.673 | Loss: 0.2684
[+00:25:12 | ~01:07:43 left] [Ep 1378] Reward: 415.51 | Coverage: 48.9% | Eps: 0.673 | Loss: 0.2028
[+00:25:13 | ~01:07:42 left] [Ep 1379] Reward: 468.02 | Coverage: 55.5% | Eps: 0.672 | Loss: 0.3003
[+00:25:14 | ~01:07:41 left] [Ep 1380] Reward: 346.37 | Coverage: 52.7% | Eps: 0.672 | Loss: 0.2546
[+00:25:15 | ~01:07:40 left] [Ep 1381] Reward: 541.73 | Coverage: 45.1% | Eps: 0.672 | Loss: 0.2082
[+00:25:16 | ~01:07:39 left] [Ep 1382] Reward: 625.82 | Coverage: 54.6% | Eps: 0.672 | Loss: 0.3143
[+00:25:17 | ~01:07:38 left] [Ep 1383] Reward: 537.21 | Coverage: 55.0% | Eps: 0.672 | Loss: 0.2040
[+00:25:18 | ~01:07:37 left] [Ep 1384] Reward: 558.25 | Coverage: 52.9% | Eps: 0.671 | Loss: 0.2582
[+00:25:20 | ~01:07:36 left] [Ep 1385] Reward: 333.25 | Coverage: 43.6% | Eps: 0.671 | Loss: 0.2407
[+00:25:21 | ~01:07:35 left] [Ep 1386] Reward: 265.28 | Coverage: 61.8% | Eps: 0.671 | Loss: 0.2811
[+00:25:22 | ~01:07:34 left] [Ep 1387] Reward: 238.86 | Coverage: 61.2% | Eps: 0.671 | Loss: 0.2917
[+00:25:23 | ~01:07:33 left] [Ep 1388] Reward: 271.28 | Coverage: 61.0% | Eps: 0.670 | Loss: 0.2308
[+00:25:24 | ~01:07:31 left] [Ep 1389] Reward: 298.92 | Coverage: 58.9% | Eps: 0.670 | Loss: 0.1997
[+00:25:25 | ~01:07:30 left] [Ep 1390] Reward: 341.24 | Coverage: 48.8% | Eps: 0.670 | Loss: 0.2485
[+00:25:26 | ~01:07:29 left] [Ep 1391] Reward: 576.73 | Coverage: 57.6% | Eps: 0.670 | Loss: 0.2032
[+00:25:27 | ~01:07:28 left] [Ep 1392] Reward: 621.06 | Coverage: 50.9% | Eps: 0.669 | Loss: 0.3112
[+00:25:28 | ~01:07:27 left] [Ep 1393] Reward: 211.67 | Coverage: 70.8% | Eps: 0.669 | Loss: 0.2364
[+00:25:29 | ~01:07:26 left] [Ep 1394] Reward: 270.61 | Coverage: 53.5% | Eps: 0.669 | Loss: 0.2166
[+00:25:30 | ~01:07:25 left] [Ep 1395] Reward: 306.74 | Coverage: 61.1% | Eps: 0.669 | Loss: 0.2389
[+00:25:31 | ~01:07:24 left] [Ep 1396] Reward: 600.05 | Coverage: 46.9% | Eps: 0.668 | Loss: 0.1779
[+00:25:32 | ~01:07:23 left] [Ep 1397] Reward: 359.43 | Coverage: 49.3% | Eps: 0.668 | Loss: 0.1932
[+00:25:34 | ~01:07:22 left] [Ep 1398] Reward: 289.10 | Coverage: 53.4% | Eps: 0.668 | Loss: 0.2804
[+00:25:35 | ~01:07:21 left] [Ep 1399] Reward: 390.65 | Coverage: 61.3% | Eps: 0.668 | Loss: 0.2064
[+00:25:35 | ~01:07:20 left] [Ep 1400] Reward: 324.45 | Coverage: 60.3% | Eps: 0.667 | Loss: 0.1911

[+00:25:35 | ~01:07:20 left] [Eval] Episode 1400: Reward=339.88, Coverage=61.6%

[+00:25:37 | ~01:07:19 left] [Ep 1401] Reward: 116.72 | Coverage: 58.7% | Eps: 0.667 | Loss: 0.2548
[+00:25:38 | ~01:07:18 left] [Ep 1402] Reward: 546.86 | Coverage: 45.0% | Eps: 0.667 | Loss: 0.2811
[+00:25:39 | ~01:07:16 left] [Ep 1403] Reward: 523.59 | Coverage: 64.1% | Eps: 0.667 | Loss: 0.2627
[+00:25:40 | ~01:07:15 left] [Ep 1404] Reward: 368.34 | Coverage: 50.9% | Eps: 0.667 | Loss: 0.2741
[+00:25:41 | ~01:07:14 left] [Ep 1405] Reward: 400.65 | Coverage: 67.2% | Eps: 0.666 | Loss: 0.2043
[+00:25:42 | ~01:07:13 left] [Ep 1406] Reward: 305.58 | Coverage: 68.8% | Eps: 0.666 | Loss: 0.1781
[+00:25:43 | ~01:07:12 left] [Ep 1407] Reward: 607.51 | Coverage: 62.1% | Eps: 0.666 | Loss: 0.2953
[+00:25:44 | ~01:07:11 left] [Ep 1408] Reward: 539.58 | Coverage: 63.2% | Eps: 0.666 | Loss: 0.2227
[+00:25:45 | ~01:07:10 left] [Ep 1409] Reward: 428.36 | Coverage: 48.8% | Eps: 0.665 | Loss: 0.2259
[+00:25:46 | ~01:07:09 left] [Ep 1410] Reward: 494.21 | Coverage: 73.4% | Eps: 0.665 | Loss: 0.2894
[+00:25:48 | ~01:07:08 left] [Ep 1411] Reward: 439.98 | Coverage: 58.3% | Eps: 0.665 | Loss: 0.2589
[+00:25:49 | ~01:07:07 left] [Ep 1412] Reward: 406.64 | Coverage: 63.3% | Eps: 0.665 | Loss: 0.2552
[+00:25:50 | ~01:07:06 left] [Ep 1413] Reward: 374.96 | Coverage: 51.4% | Eps: 0.664 | Loss: 0.3239
[+00:25:51 | ~01:07:04 left] [Ep 1414] Reward: 336.88 | Coverage: 56.5% | Eps: 0.664 | Loss: 0.2119
[+00:25:52 | ~01:07:03 left] [Ep 1415] Reward: 412.32 | Coverage: 49.3% | Eps: 0.664 | Loss: 0.2751
[+00:25:53 | ~01:07:02 left] [Ep 1416] Reward: 463.58 | Coverage: 55.4% | Eps: 0.664 | Loss: 0.2407
[+00:25:54 | ~01:07:01 left] [Ep 1417] Reward: 290.51 | Coverage: 57.0% | Eps: 0.663 | Loss: 0.2495
[+00:25:55 | ~01:07:00 left] [Ep 1418] Reward: 367.16 | Coverage: 58.5% | Eps: 0.663 | Loss: 0.3003
[+00:25:57 | ~01:06:59 left] [Ep 1419] Reward: 367.38 | Coverage: 65.8% | Eps: 0.663 | Loss: 0.2598
[+00:25:58 | ~01:06:58 left] [Ep 1420] Reward: 294.76 | Coverage: 60.0% | Eps: 0.663 | Loss: 0.2614
[+00:25:59 | ~01:06:57 left] [Ep 1421] Reward: 357.80 | Coverage: 58.5% | Eps: 0.663 | Loss: 0.2831
[+00:26:00 | ~01:06:55 left] [Ep 1422] Reward: 455.14 | Coverage: 57.2% | Eps: 0.662 | Loss: 0.2260
[+00:26:01 | ~01:06:54 left] [Ep 1423] Reward: 346.89 | Coverage: 69.8% | Eps: 0.662 | Loss: 0.2074
[+00:26:02 | ~01:06:53 left] [Ep 1424] Reward: 302.56 | Coverage: 53.2% | Eps: 0.662 | Loss: 0.1996
[+00:26:03 | ~01:06:52 left] [Ep 1425] Reward: 445.58 | Coverage: 64.5% | Eps: 0.662 | Loss: 0.1631
[+00:26:04 | ~01:06:51 left] [Ep 1426] Reward: 453.74 | Coverage: 44.4% | Eps: 0.661 | Loss: 0.3244
[+00:26:05 | ~01:06:50 left] [Ep 1427] Reward: 349.78 | Coverage: 51.3% | Eps: 0.661 | Loss: 0.1984
[+00:26:07 | ~01:06:49 left] [Ep 1428] Reward: 112.17 | Coverage: 59.6% | Eps: 0.661 | Loss: 0.2341
[+00:26:08 | ~01:06:48 left] [Ep 1429] Reward: 433.35 | Coverage: 55.9% | Eps: 0.661 | Loss: 0.2322
[+00:26:09 | ~01:06:47 left] [Ep 1430] Reward: 396.44 | Coverage: 76.2% | Eps: 0.660 | Loss: 0.2560
[+00:26:10 | ~01:06:45 left] [Ep 1431] Reward: 601.71 | Coverage: 73.5% | Eps: 0.660 | Loss: 0.2767
[+00:26:11 | ~01:06:44 left] [Ep 1432] Reward: 496.99 | Coverage: 47.2% | Eps: 0.660 | Loss: 0.2789
[+00:26:12 | ~01:06:43 left] [Ep 1433] Reward: 183.69 | Coverage: 50.1% | Eps: 0.660 | Loss: 0.2216
[+00:26:13 | ~01:06:42 left] [Ep 1434] Reward: 335.58 | Coverage: 56.0% | Eps: 0.659 | Loss: 0.2386
[+00:26:14 | ~01:06:41 left] [Ep 1435] Reward: 568.57 | Coverage: 68.1% | Eps: 0.659 | Loss: 0.2570
[+00:26:16 | ~01:06:40 left] [Ep 1436] Reward: 489.78 | Coverage: 64.2% | Eps: 0.659 | Loss: 0.2362
[+00:26:17 | ~01:06:39 left] [Ep 1437] Reward: 322.08 | Coverage: 59.1% | Eps: 0.659 | Loss: 0.3108
[+00:26:18 | ~01:06:37 left] [Ep 1438] Reward: 493.23 | Coverage: 47.9% | Eps: 0.658 | Loss: 0.2666
[+00:26:19 | ~01:06:36 left] [Ep 1439] Reward: 318.89 | Coverage: 51.6% | Eps: 0.658 | Loss: 0.2768
[+00:26:20 | ~01:06:35 left] [Ep 1440] Reward: 366.74 | Coverage: 39.8% | Eps: 0.658 | Loss: 0.2743
[+00:26:21 | ~01:06:34 left] [Ep 1441] Reward: 443.21 | Coverage: 47.2% | Eps: 0.658 | Loss: 0.2952
[+00:26:22 | ~01:06:33 left] [Ep 1442] Reward: 357.83 | Coverage: 59.7% | Eps: 0.658 | Loss: 0.2559
[+00:26:23 | ~01:06:32 left] [Ep 1443] Reward: 313.64 | Coverage: 62.1% | Eps: 0.657 | Loss: 0.1972
[+00:26:24 | ~01:06:31 left] [Ep 1444] Reward: 513.97 | Coverage: 48.7% | Eps: 0.657 | Loss: 0.2655
[+00:26:25 | ~01:06:30 left] [Ep 1445] Reward: 398.20 | Coverage: 57.7% | Eps: 0.657 | Loss: 0.2239
[+00:26:26 | ~01:06:29 left] [Ep 1446] Reward: 502.18 | Coverage: 67.4% | Eps: 0.657 | Loss: 0.2292
[+00:26:28 | ~01:06:28 left] [Ep 1447] Reward: 417.93 | Coverage: 58.1% | Eps: 0.656 | Loss: 0.2743
[+00:26:29 | ~01:06:27 left] [Ep 1448] Reward: 752.51 | Coverage: 55.1% | Eps: 0.656 | Loss: 0.3008
[+00:26:30 | ~01:06:25 left] [Ep 1449] Reward: 623.03 | Coverage: 61.0% | Eps: 0.656 | Loss: 0.2525
[+00:26:31 | ~01:06:24 left] [Ep 1450] Reward: 508.63 | Coverage: 60.4% | Eps: 0.656 | Loss: 0.2645
[+00:26:32 | ~01:06:23 left] [Ep 1451] Reward: 443.01 | Coverage: 57.6% | Eps: 0.655 | Loss: 0.3207
[+00:26:33 | ~01:06:22 left] [Ep 1452] Reward: 356.28 | Coverage: 53.6% | Eps: 0.655 | Loss: 0.2627
[+00:26:34 | ~01:06:21 left] [Ep 1453] Reward: 654.39 | Coverage: 54.3% | Eps: 0.655 | Loss: 0.3575
[+00:26:35 | ~01:06:20 left] [Ep 1454] Reward: 320.25 | Coverage: 57.6% | Eps: 0.655 | Loss: 0.2765
[+00:26:36 | ~01:06:19 left] [Ep 1455] Reward: 361.34 | Coverage: 53.6% | Eps: 0.654 | Loss: 0.1839
[+00:26:38 | ~01:06:18 left] [Ep 1456] Reward: 640.36 | Coverage: 65.6% | Eps: 0.654 | Loss: 0.2850
[+00:26:39 | ~01:06:17 left] [Ep 1457] Reward: 433.30 | Coverage: 62.8% | Eps: 0.654 | Loss: 0.2705
[+00:26:40 | ~01:06:15 left] [Ep 1458] Reward: 571.47 | Coverage: 64.0% | Eps: 0.654 | Loss: 0.3073
[+00:26:41 | ~01:06:14 left] [Ep 1459] Reward: 369.44 | Coverage: 70.1% | Eps: 0.653 | Loss: 0.2831
[+00:26:42 | ~01:06:13 left] [Ep 1460] Reward: 513.85 | Coverage: 67.2% | Eps: 0.653 | Loss: 0.2511
[+00:26:43 | ~01:06:12 left] [Ep 1461] Reward: 569.70 | Coverage: 66.2% | Eps: 0.653 | Loss: 0.2081
[+00:26:44 | ~01:06:11 left] [Ep 1462] Reward: 387.48 | Coverage: 59.5% | Eps: 0.653 | Loss: 0.2492
[+00:26:46 | ~01:06:10 left] [Ep 1463] Reward: 221.59 | Coverage: 55.9% | Eps: 0.653 | Loss: 0.2240
[+00:26:47 | ~01:06:09 left] [Ep 1464] Reward: 487.95 | Coverage: 71.8% | Eps: 0.652 | Loss: 0.2353
[+00:26:48 | ~01:06:08 left] [Ep 1465] Reward: 612.16 | Coverage: 52.8% | Eps: 0.652 | Loss: 0.2825
[+00:26:49 | ~01:06:07 left] [Ep 1466] Reward: 245.55 | Coverage: 53.2% | Eps: 0.652 | Loss: 0.3262
[+00:26:50 | ~01:06:06 left] [Ep 1467] Reward: 478.65 | Coverage: 51.6% | Eps: 0.652 | Loss: 0.2757
[+00:26:51 | ~01:06:05 left] [Ep 1468] Reward: 402.19 | Coverage: 58.5% | Eps: 0.651 | Loss: 0.2125
[+00:26:52 | ~01:06:04 left] [Ep 1469] Reward: 546.67 | Coverage: 59.8% | Eps: 0.651 | Loss: 0.2786
[+00:26:53 | ~01:06:03 left] [Ep 1470] Reward: 308.79 | Coverage: 63.7% | Eps: 0.651 | Loss: 0.3092
[+00:26:54 | ~01:06:01 left] [Ep 1471] Reward: 371.83 | Coverage: 55.7% | Eps: 0.651 | Loss: 0.2374
[+00:26:55 | ~01:06:00 left] [Ep 1472] Reward: 457.90 | Coverage: 46.0% | Eps: 0.650 | Loss: 0.2569
[+00:26:56 | ~01:05:59 left] [Ep 1473] Reward: 455.70 | Coverage: 59.2% | Eps: 0.650 | Loss: 0.2634
[+00:26:57 | ~01:05:58 left] [Ep 1474] Reward: 512.44 | Coverage: 63.4% | Eps: 0.650 | Loss: 0.2318
[+00:26:58 | ~01:05:57 left] [Ep 1475] Reward: 433.70 | Coverage: 57.4% | Eps: 0.650 | Loss: 0.2897
[+00:26:59 | ~01:05:56 left] [Ep 1476] Reward: 443.48 | Coverage: 56.3% | Eps: 0.649 | Loss: 0.2594
[+00:27:00 | ~01:05:55 left] [Ep 1477] Reward: 559.94 | Coverage: 60.8% | Eps: 0.649 | Loss: 0.2815
[+00:27:02 | ~01:05:54 left] [Ep 1478] Reward: 329.25 | Coverage: 66.3% | Eps: 0.649 | Loss: 0.2297
[+00:27:03 | ~01:05:53 left] [Ep 1479] Reward: 559.20 | Coverage: 56.7% | Eps: 0.649 | Loss: 0.2482
[+00:27:04 | ~01:05:52 left] [Ep 1480] Reward: 359.20 | Coverage: 48.1% | Eps: 0.649 | Loss: 0.2950
[+00:27:05 | ~01:05:51 left] [Ep 1481] Reward: 634.22 | Coverage: 53.6% | Eps: 0.648 | Loss: 0.2517
[+00:27:06 | ~01:05:50 left] [Ep 1482] Reward: 434.90 | Coverage: 56.1% | Eps: 0.648 | Loss: 0.3362
[+00:27:07 | ~01:05:48 left] [Ep 1483] Reward: 253.64 | Coverage: 45.7% | Eps: 0.648 | Loss: 0.2516
[+00:27:08 | ~01:05:47 left] [Ep 1484] Reward: 521.52 | Coverage: 62.1% | Eps: 0.648 | Loss: 0.2771
[+00:27:09 | ~01:05:46 left] [Ep 1485] Reward: 459.61 | Coverage: 52.3% | Eps: 0.647 | Loss: 0.3059
[+00:27:10 | ~01:05:45 left] [Ep 1486] Reward: 298.91 | Coverage: 60.4% | Eps: 0.647 | Loss: 0.2123
[+00:27:12 | ~01:05:44 left] [Ep 1487] Reward: 212.35 | Coverage: 58.4% | Eps: 0.647 | Loss: 0.1991
[+00:27:13 | ~01:05:43 left] [Ep 1488] Reward: 165.91 | Coverage: 55.2% | Eps: 0.647 | Loss: 0.2090
[+00:27:14 | ~01:05:41 left] [Ep 1489] Reward: 415.85 | Coverage: 67.6% | Eps: 0.646 | Loss: 0.3211
[+00:27:15 | ~01:05:40 left] [Ep 1490] Reward: 379.96 | Coverage: 53.6% | Eps: 0.646 | Loss: 0.2490
[+00:27:16 | ~01:05:39 left] [Ep 1491] Reward: 399.60 | Coverage: 52.9% | Eps: 0.646 | Loss: 0.3739
[+00:27:17 | ~01:05:38 left] [Ep 1492] Reward: 680.70 | Coverage: 59.1% | Eps: 0.646 | Loss: 0.2495
[+00:27:18 | ~01:05:37 left] [Ep 1493] Reward: 361.06 | Coverage: 62.6% | Eps: 0.645 | Loss: 0.2799
[+00:27:20 | ~01:05:36 left] [Ep 1494] Reward: 277.39 | Coverage: 57.2% | Eps: 0.645 | Loss: 0.3347
[+00:27:21 | ~01:05:35 left] [Ep 1495] Reward: 380.88 | Coverage: 50.9% | Eps: 0.645 | Loss: 0.3538
[+00:27:22 | ~01:05:33 left] [Ep 1496] Reward: 477.62 | Coverage: 61.7% | Eps: 0.645 | Loss: 0.3565
[+00:27:23 | ~01:05:32 left] [Ep 1497] Reward: 327.79 | Coverage: 61.1% | Eps: 0.644 | Loss: 0.3229
[+00:27:24 | ~01:05:31 left] [Ep 1498] Reward: 467.36 | Coverage: 70.5% | Eps: 0.644 | Loss: 0.3160
[+00:27:25 | ~01:05:30 left] [Ep 1499] Reward: 335.55 | Coverage: 55.8% | Eps: 0.644 | Loss: 0.2992
[+00:27:26 | ~01:05:29 left] [Ep 1500] Reward: 365.49 | Coverage: 58.6% | Eps: 0.644 | Loss: 0.3072

[+00:27:26 | ~01:05:29 left] [Eval] Episode 1500: Reward=369.22, Coverage=58.8%

[+00:27:27 | ~01:05:28 left] [Ep 1501] Reward: 290.88 | Coverage: 53.6% | Eps: 0.644 | Loss: 0.2545
[+00:27:29 | ~01:05:27 left] [Ep 1502] Reward: 291.54 | Coverage: 47.7% | Eps: 0.643 | Loss: 0.2443
[+00:27:30 | ~01:05:26 left] [Ep 1503] Reward: 474.21 | Coverage: 57.7% | Eps: 0.643 | Loss: 0.2774
[+00:27:31 | ~01:05:25 left] [Ep 1504] Reward: 482.16 | Coverage: 62.7% | Eps: 0.643 | Loss: 0.2712
[+00:27:32 | ~01:05:24 left] [Ep 1505] Reward: 262.14 | Coverage: 50.8% | Eps: 0.643 | Loss: 0.2604
[+00:27:33 | ~01:05:23 left] [Ep 1506] Reward: 537.60 | Coverage: 53.0% | Eps: 0.642 | Loss: 0.3069
[+00:27:34 | ~01:05:21 left] [Ep 1507] Reward: 412.28 | Coverage: 49.8% | Eps: 0.642 | Loss: 0.3177
[+00:27:35 | ~01:05:20 left] [Ep 1508] Reward: 289.24 | Coverage: 65.9% | Eps: 0.642 | Loss: 0.2836
[+00:27:36 | ~01:05:19 left] [Ep 1509] Reward: 300.89 | Coverage: 53.2% | Eps: 0.642 | Loss: 0.3396
[+00:27:37 | ~01:05:18 left] [Ep 1510] Reward: 513.68 | Coverage: 61.0% | Eps: 0.641 | Loss: 0.2354
[+00:27:38 | ~01:05:17 left] [Ep 1511] Reward: 313.71 | Coverage: 51.8% | Eps: 0.641 | Loss: 0.2738
[+00:27:39 | ~01:05:16 left] [Ep 1512] Reward: 623.73 | Coverage: 57.8% | Eps: 0.641 | Loss: 0.2533
[+00:27:41 | ~01:05:15 left] [Ep 1513] Reward: 497.64 | Coverage: 53.3% | Eps: 0.641 | Loss: 0.2079
[+00:27:42 | ~01:05:14 left] [Ep 1514] Reward: 313.57 | Coverage: 42.3% | Eps: 0.640 | Loss: 0.2797
[+00:27:43 | ~01:05:13 left] [Ep 1515] Reward: 442.13 | Coverage: 57.8% | Eps: 0.640 | Loss: 0.2786
[+00:27:44 | ~01:05:12 left] [Ep 1516] Reward: 411.40 | Coverage: 60.7% | Eps: 0.640 | Loss: 0.3446
[+00:27:45 | ~01:05:11 left] [Ep 1517] Reward: 569.55 | Coverage: 44.0% | Eps: 0.640 | Loss: 0.3097
[+00:27:46 | ~01:05:09 left] [Ep 1518] Reward: 376.87 | Coverage: 56.2% | Eps: 0.639 | Loss: 0.2440
[+00:27:47 | ~01:05:08 left] [Ep 1519] Reward: 598.05 | Coverage: 54.6% | Eps: 0.639 | Loss: 0.3597
[+00:27:48 | ~01:05:07 left] [Ep 1520] Reward: 376.67 | Coverage: 50.4% | Eps: 0.639 | Loss: 0.3348
[+00:27:49 | ~01:05:06 left] [Ep 1521] Reward: 393.85 | Coverage: 55.7% | Eps: 0.639 | Loss: 0.3098
[+00:27:50 | ~01:05:05 left] [Ep 1522] Reward: 438.22 | Coverage: 44.9% | Eps: 0.639 | Loss: 0.2779
[+00:27:51 | ~01:05:04 left] [Ep 1523] Reward: 430.10 | Coverage: 59.0% | Eps: 0.638 | Loss: 0.2491
[+00:27:52 | ~01:05:03 left] [Ep 1524] Reward: 304.64 | Coverage: 65.0% | Eps: 0.638 | Loss: 0.2731
[+00:27:53 | ~01:05:02 left] [Ep 1525] Reward: 453.08 | Coverage: 49.3% | Eps: 0.638 | Loss: 0.3320
[+00:27:54 | ~01:05:01 left] [Ep 1526] Reward: 573.58 | Coverage: 57.0% | Eps: 0.638 | Loss: 0.3644
[+00:27:56 | ~01:05:00 left] [Ep 1527] Reward: 427.34 | Coverage: 66.5% | Eps: 0.637 | Loss: 0.3512
[+00:27:57 | ~01:04:59 left] [Ep 1528] Reward: 268.79 | Coverage: 58.2% | Eps: 0.637 | Loss: 0.2704
[+00:27:58 | ~01:04:57 left] [Ep 1529] Reward: 376.23 | Coverage: 54.1% | Eps: 0.637 | Loss: 0.2457
[+00:27:59 | ~01:04:56 left] [Ep 1530] Reward: 361.69 | Coverage: 51.6% | Eps: 0.637 | Loss: 0.2966
[+00:28:00 | ~01:04:55 left] [Ep 1531] Reward: 323.34 | Coverage: 58.5% | Eps: 0.636 | Loss: 0.2207
[+00:28:01 | ~01:04:54 left] [Ep 1532] Reward: 642.94 | Coverage: 56.6% | Eps: 0.636 | Loss: 0.3049
[+00:28:02 | ~01:04:53 left] [Ep 1533] Reward: 325.62 | Coverage: 61.5% | Eps: 0.636 | Loss: 0.2865
[+00:28:03 | ~01:04:52 left] [Ep 1534] Reward: 333.16 | Coverage: 47.7% | Eps: 0.636 | Loss: 0.2743
[+00:28:04 | ~01:04:51 left] [Ep 1535] Reward: 382.48 | Coverage: 64.3% | Eps: 0.635 | Loss: 0.2296
[+00:28:05 | ~01:04:50 left] [Ep 1536] Reward: 410.29 | Coverage: 54.8% | Eps: 0.635 | Loss: 0.3144
[+00:28:07 | ~01:04:49 left] [Ep 1537] Reward: 650.98 | Coverage: 61.5% | Eps: 0.635 | Loss: 0.2731
[+00:28:08 | ~01:04:48 left] [Ep 1538] Reward: 349.64 | Coverage: 52.8% | Eps: 0.635 | Loss: 0.2481
[+00:28:09 | ~01:04:46 left] [Ep 1539] Reward: 505.29 | Coverage: 49.1% | Eps: 0.634 | Loss: 0.1805
[+00:28:10 | ~01:04:45 left] [Ep 1540] Reward: 272.92 | Coverage: 53.8% | Eps: 0.634 | Loss: 0.2947
[+00:28:11 | ~01:04:44 left] [Ep 1541] Reward: 384.02 | Coverage: 51.3% | Eps: 0.634 | Loss: 0.3672
[+00:28:12 | ~01:04:43 left] [Ep 1542] Reward: 567.94 | Coverage: 55.1% | Eps: 0.634 | Loss: 0.3632
[+00:28:14 | ~01:04:42 left] [Ep 1543] Reward: 613.02 | Coverage: 61.6% | Eps: 0.634 | Loss: 0.2790
[+00:28:15 | ~01:04:41 left] [Ep 1544] Reward: 315.38 | Coverage: 64.4% | Eps: 0.633 | Loss: 0.2737
[+00:28:16 | ~01:04:40 left] [Ep 1545] Reward: 274.38 | Coverage: 58.8% | Eps: 0.633 | Loss: 0.3170
[+00:28:17 | ~01:04:39 left] [Ep 1546] Reward: 375.45 | Coverage: 54.0% | Eps: 0.633 | Loss: 0.2588
[+00:28:18 | ~01:04:38 left] [Ep 1547] Reward: 434.59 | Coverage: 54.6% | Eps: 0.633 | Loss: 0.3112
[+00:28:19 | ~01:04:36 left] [Ep 1548] Reward: 196.90 | Coverage: 61.3% | Eps: 0.632 | Loss: 0.3303
[+00:28:20 | ~01:04:35 left] [Ep 1549] Reward: 343.57 | Coverage: 64.8% | Eps: 0.632 | Loss: 0.3492
[+00:28:21 | ~01:04:34 left] [Ep 1550] Reward: 322.58 | Coverage: 55.4% | Eps: 0.632 | Loss: 0.2966
[+00:28:22 | ~01:04:33 left] [Ep 1551] Reward: 242.63 | Coverage: 56.7% | Eps: 0.632 | Loss: 0.2929
[+00:28:23 | ~01:04:32 left] [Ep 1552] Reward: 459.47 | Coverage: 52.7% | Eps: 0.631 | Loss: 0.2664
[+00:28:24 | ~01:04:31 left] [Ep 1553] Reward: 325.16 | Coverage: 58.8% | Eps: 0.631 | Loss: 0.2689
[+00:28:25 | ~01:04:30 left] [Ep 1554] Reward: 598.23 | Coverage: 63.7% | Eps: 0.631 | Loss: 0.2934
[+00:28:26 | ~01:04:29 left] [Ep 1555] Reward: 300.99 | Coverage: 38.9% | Eps: 0.631 | Loss: 0.3176
[+00:28:27 | ~01:04:28 left] [Ep 1556] Reward: 311.30 | Coverage: 59.2% | Eps: 0.630 | Loss: 0.3399
[+00:28:29 | ~01:04:27 left] [Ep 1557] Reward: 273.00 | Coverage: 54.0% | Eps: 0.630 | Loss: 0.2717
[+00:28:30 | ~01:04:26 left] [Ep 1558] Reward: 603.63 | Coverage: 42.7% | Eps: 0.630 | Loss: 0.3640
[+00:28:31 | ~01:04:25 left] [Ep 1559] Reward: 603.03 | Coverage: 59.6% | Eps: 0.630 | Loss: 0.2939
[+00:28:32 | ~01:04:24 left] [Ep 1560] Reward: 323.57 | Coverage: 57.0% | Eps: 0.629 | Loss: 0.3044
[+00:28:33 | ~01:04:23 left] [Ep 1561] Reward: 339.11 | Coverage: 59.9% | Eps: 0.629 | Loss: 0.2758
[+00:28:34 | ~01:04:21 left] [Ep 1562] Reward: 239.36 | Coverage: 48.8% | Eps: 0.629 | Loss: 0.2091
[+00:28:35 | ~01:04:20 left] [Ep 1563] Reward: 508.43 | Coverage: 71.3% | Eps: 0.629 | Loss: 0.3419
[+00:28:36 | ~01:04:19 left] [Ep 1564] Reward: 566.72 | Coverage: 58.3% | Eps: 0.629 | Loss: 0.3365
[+00:28:37 | ~01:04:18 left] [Ep 1565] Reward: 205.14 | Coverage: 55.4% | Eps: 0.628 | Loss: 0.2962
[+00:28:38 | ~01:04:17 left] [Ep 1566] Reward: 301.82 | Coverage: 67.4% | Eps: 0.628 | Loss: 0.3106
[+00:28:39 | ~01:04:16 left] [Ep 1567] Reward: 236.78 | Coverage: 61.8% | Eps: 0.628 | Loss: 0.3290
[+00:28:40 | ~01:04:15 left] [Ep 1568] Reward: 235.50 | Coverage: 62.9% | Eps: 0.628 | Loss: 0.2463
[+00:28:41 | ~01:04:14 left] [Ep 1569] Reward: 290.40 | Coverage: 65.1% | Eps: 0.627 | Loss: 0.2881
[+00:28:42 | ~01:04:13 left] [Ep 1570] Reward: 303.54 | Coverage: 44.4% | Eps: 0.627 | Loss: 0.3414
[+00:28:44 | ~01:04:12 left] [Ep 1571] Reward: 362.05 | Coverage: 68.3% | Eps: 0.627 | Loss: 0.2599
[+00:28:45 | ~01:04:10 left] [Ep 1572] Reward: 526.88 | Coverage: 55.4% | Eps: 0.627 | Loss: 0.3223
[+00:28:46 | ~01:04:09 left] [Ep 1573] Reward: 356.91 | Coverage: 59.5% | Eps: 0.626 | Loss: 0.2567
[+00:28:47 | ~01:04:08 left] [Ep 1574] Reward: 436.14 | Coverage: 63.6% | Eps: 0.626 | Loss: 0.3300
[+00:28:48 | ~01:04:07 left] [Ep 1575] Reward: 413.87 | Coverage: 53.1% | Eps: 0.626 | Loss: 0.3104
[+00:28:49 | ~01:04:06 left] [Ep 1576] Reward: 551.93 | Coverage: 59.7% | Eps: 0.626 | Loss: 0.2476
[+00:28:50 | ~01:04:05 left] [Ep 1577] Reward: 367.85 | Coverage: 62.5% | Eps: 0.625 | Loss: 0.3592
[+00:28:51 | ~01:04:04 left] [Ep 1578] Reward: 412.37 | Coverage: 57.4% | Eps: 0.625 | Loss: 0.2837
[+00:28:52 | ~01:04:03 left] [Ep 1579] Reward: 478.14 | Coverage: 60.8% | Eps: 0.625 | Loss: 0.2811
[+00:28:54 | ~01:04:02 left] [Ep 1580] Reward: 636.11 | Coverage: 47.4% | Eps: 0.625 | Loss: 0.3219
[+00:28:55 | ~01:04:01 left] [Ep 1581] Reward: 459.04 | Coverage: 50.1% | Eps: 0.625 | Loss: 0.3603
[+00:28:56 | ~01:04:00 left] [Ep 1582] Reward: 488.42 | Coverage: 50.3% | Eps: 0.624 | Loss: 0.2741
[+00:28:57 | ~01:03:58 left] [Ep 1583] Reward: 542.02 | Coverage: 60.1% | Eps: 0.624 | Loss: 0.3176
[+00:28:58 | ~01:03:57 left] [Ep 1584] Reward: 342.33 | Coverage: 78.5% | Eps: 0.624 | Loss: 0.3327
[+00:28:59 | ~01:03:56 left] [Ep 1585] Reward: 534.09 | Coverage: 59.4% | Eps: 0.624 | Loss: 0.3437
[+00:29:00 | ~01:03:55 left] [Ep 1586] Reward: 509.01 | Coverage: 56.8% | Eps: 0.623 | Loss: 0.3234
[+00:29:01 | ~01:03:54 left] [Ep 1587] Reward: 483.43 | Coverage: 57.3% | Eps: 0.623 | Loss: 0.3020
[+00:29:03 | ~01:03:53 left] [Ep 1588] Reward: 496.76 | Coverage: 64.0% | Eps: 0.623 | Loss: 0.2840
[+00:29:03 | ~01:03:52 left] [Ep 1589] Reward: 506.37 | Coverage: 62.3% | Eps: 0.623 | Loss: 0.3210
[+00:29:05 | ~01:03:51 left] [Ep 1590] Reward: 256.61 | Coverage: 50.4% | Eps: 0.622 | Loss: 0.2750
[+00:29:06 | ~01:03:50 left] [Ep 1591] Reward: 690.82 | Coverage: 64.3% | Eps: 0.622 | Loss: 0.2014
[+00:29:07 | ~01:03:49 left] [Ep 1592] Reward: 226.55 | Coverage: 57.6% | Eps: 0.622 | Loss: 0.3361
[+00:29:08 | ~01:03:48 left] [Ep 1593] Reward: 402.98 | Coverage: 63.0% | Eps: 0.622 | Loss: 0.3552
[+00:29:09 | ~01:03:47 left] [Ep 1594] Reward: 169.99 | Coverage: 45.0% | Eps: 0.621 | Loss: 0.2249
[+00:29:10 | ~01:03:45 left] [Ep 1595] Reward: 346.17 | Coverage: 47.8% | Eps: 0.621 | Loss: 0.2794
[+00:29:11 | ~01:03:44 left] [Ep 1596] Reward: 389.59 | Coverage: 61.6% | Eps: 0.621 | Loss: 0.3449
[+00:29:12 | ~01:03:43 left] [Ep 1597] Reward: 509.31 | Coverage: 46.3% | Eps: 0.621 | Loss: 0.4028
[+00:29:13 | ~01:03:42 left] [Ep 1598] Reward: 484.12 | Coverage: 60.3% | Eps: 0.620 | Loss: 0.3217
[+00:29:14 | ~01:03:41 left] [Ep 1599] Reward: 495.30 | Coverage: 60.0% | Eps: 0.620 | Loss: 0.2922
[+00:29:16 | ~01:03:40 left] [Ep 1600] Reward: 484.33 | Coverage: 58.7% | Eps: 0.620 | Loss: 0.3143

[+00:29:16 | ~01:03:40 left] [Eval] Episode 1600: Reward=490.33, Coverage=59.2%

[+00:29:17 | ~01:03:39 left] [Ep 1601] Reward: 457.56 | Coverage: 60.1% | Eps: 0.620 | Loss: 0.3770
[+00:29:18 | ~01:03:38 left] [Ep 1602] Reward: 623.23 | Coverage: 59.5% | Eps: 0.620 | Loss: 0.2965
[+00:29:19 | ~01:03:36 left] [Ep 1603] Reward: 384.35 | Coverage: 60.7% | Eps: 0.619 | Loss: 0.2907
[+00:29:20 | ~01:03:35 left] [Ep 1604] Reward: 206.11 | Coverage: 55.2% | Eps: 0.619 | Loss: 0.3037
[+00:29:21 | ~01:03:34 left] [Ep 1605] Reward: 428.59 | Coverage: 57.7% | Eps: 0.619 | Loss: 0.2853
[+00:29:22 | ~01:03:33 left] [Ep 1606] Reward: 241.43 | Coverage: 76.6% | Eps: 0.619 | Loss: 0.3287
[+00:29:23 | ~01:03:32 left] [Ep 1607] Reward: 645.27 | Coverage: 65.1% | Eps: 0.618 | Loss: 0.3891
[+00:29:24 | ~01:03:31 left] [Ep 1608] Reward: 461.55 | Coverage: 61.8% | Eps: 0.618 | Loss: 0.3373
[+00:29:25 | ~01:03:30 left] [Ep 1609] Reward: 248.88 | Coverage: 60.4% | Eps: 0.618 | Loss: 0.3147
[+00:29:26 | ~01:03:29 left] [Ep 1610] Reward: 315.91 | Coverage: 53.2% | Eps: 0.618 | Loss: 0.3134
[+00:29:28 | ~01:03:28 left] [Ep 1611] Reward: 420.58 | Coverage: 59.3% | Eps: 0.617 | Loss: 0.2629
[+00:29:29 | ~01:03:27 left] [Ep 1612] Reward: 690.91 | Coverage: 56.3% | Eps: 0.617 | Loss: 0.3611
[+00:29:30 | ~01:03:26 left] [Ep 1613] Reward: 607.88 | Coverage: 64.0% | Eps: 0.617 | Loss: 0.3230
[+00:29:31 | ~01:03:25 left] [Ep 1614] Reward: 456.65 | Coverage: 52.0% | Eps: 0.617 | Loss: 0.3192
[+00:29:32 | ~01:03:24 left] [Ep 1615] Reward: 479.02 | Coverage: 42.8% | Eps: 0.616 | Loss: 0.4544
[+00:29:33 | ~01:03:22 left] [Ep 1616] Reward: 552.08 | Coverage: 54.3% | Eps: 0.616 | Loss: 0.3390
[+00:29:34 | ~01:03:21 left] [Ep 1617] Reward: 328.85 | Coverage: 62.4% | Eps: 0.616 | Loss: 0.2972
[+00:29:35 | ~01:03:20 left] [Ep 1618] Reward: 321.05 | Coverage: 73.7% | Eps: 0.616 | Loss: 0.3106
[+00:29:36 | ~01:03:19 left] [Ep 1619] Reward: 432.54 | Coverage: 64.5% | Eps: 0.615 | Loss: 0.3739
[+00:29:37 | ~01:03:18 left] [Ep 1620] Reward: 476.53 | Coverage: 51.7% | Eps: 0.615 | Loss: 0.3328
[+00:29:38 | ~01:03:17 left] [Ep 1621] Reward: 595.78 | Coverage: 56.6% | Eps: 0.615 | Loss: 0.2710
[+00:29:39 | ~01:03:16 left] [Ep 1622] Reward: 651.29 | Coverage: 51.9% | Eps: 0.615 | Loss: 0.3656
[+00:29:41 | ~01:03:15 left] [Ep 1623] Reward: 409.26 | Coverage: 56.8% | Eps: 0.615 | Loss: 0.3024
[+00:29:42 | ~01:03:14 left] [Ep 1624] Reward: 408.09 | Coverage: 52.2% | Eps: 0.614 | Loss: 0.4043
[+00:29:43 | ~01:03:13 left] [Ep 1625] Reward: 558.80 | Coverage: 47.5% | Eps: 0.614 | Loss: 0.3729
[+00:29:44 | ~01:03:11 left] [Ep 1626] Reward: 300.56 | Coverage: 60.8% | Eps: 0.614 | Loss: 0.3121
[+00:29:45 | ~01:03:10 left] [Ep 1627] Reward: 692.06 | Coverage: 59.2% | Eps: 0.614 | Loss: 0.3815
[+00:29:46 | ~01:03:09 left] [Ep 1628] Reward: 247.12 | Coverage: 56.9% | Eps: 0.613 | Loss: 0.3332
[+00:29:47 | ~01:03:08 left] [Ep 1629] Reward: 419.00 | Coverage: 60.2% | Eps: 0.613 | Loss: 0.3649
[+00:29:48 | ~01:03:07 left] [Ep 1630] Reward: 561.69 | Coverage: 71.0% | Eps: 0.613 | Loss: 0.3504
[+00:29:49 | ~01:03:06 left] [Ep 1631] Reward: 476.73 | Coverage: 58.8% | Eps: 0.613 | Loss: 0.2974
[+00:29:50 | ~01:03:05 left] [Ep 1632] Reward: 316.47 | Coverage: 55.6% | Eps: 0.612 | Loss: 0.3058
[+00:29:51 | ~01:03:04 left] [Ep 1633] Reward: 477.02 | Coverage: 63.6% | Eps: 0.612 | Loss: 0.3730
[+00:29:52 | ~01:03:03 left] [Ep 1634] Reward: 459.50 | Coverage: 47.5% | Eps: 0.612 | Loss: 0.3187
[+00:29:53 | ~01:03:02 left] [Ep 1635] Reward: 311.63 | Coverage: 62.9% | Eps: 0.612 | Loss: 0.3162
[+00:29:55 | ~01:03:01 left] [Ep 1636] Reward: 285.69 | Coverage: 53.1% | Eps: 0.611 | Loss: 0.2943
[+00:29:56 | ~01:03:00 left] [Ep 1637] Reward: 227.51 | Coverage: 52.8% | Eps: 0.611 | Loss: 0.3497
[+00:29:57 | ~01:02:58 left] [Ep 1638] Reward: 476.08 | Coverage: 58.8% | Eps: 0.611 | Loss: 0.4155
[+00:29:58 | ~01:02:57 left] [Ep 1639] Reward: 347.36 | Coverage: 68.8% | Eps: 0.611 | Loss: 0.2906
[+00:29:59 | ~01:02:56 left] [Ep 1640] Reward: 413.50 | Coverage: 53.3% | Eps: 0.611 | Loss: 0.3344
[+00:30:00 | ~01:02:55 left] [Ep 1641] Reward: 450.97 | Coverage: 64.2% | Eps: 0.610 | Loss: 0.3902
[+00:30:01 | ~01:02:54 left] [Ep 1642] Reward: 316.00 | Coverage: 60.5% | Eps: 0.610 | Loss: 0.3307
[+00:30:02 | ~01:02:53 left] [Ep 1643] Reward: 278.45 | Coverage: 49.2% | Eps: 0.610 | Loss: 0.3522
[+00:30:04 | ~01:02:52 left] [Ep 1644] Reward: 376.70 | Coverage: 64.0% | Eps: 0.610 | Loss: 0.2919
[+00:30:05 | ~01:02:50 left] [Ep 1645] Reward: 356.64 | Coverage: 52.8% | Eps: 0.609 | Loss: 0.3517
[+00:30:06 | ~01:02:49 left] [Ep 1646] Reward: 291.36 | Coverage: 48.7% | Eps: 0.609 | Loss: 0.3273
[+00:30:07 | ~01:02:48 left] [Ep 1647] Reward: 564.65 | Coverage: 53.1% | Eps: 0.609 | Loss: 0.3744
[+00:30:08 | ~01:02:47 left] [Ep 1648] Reward: 338.15 | Coverage: 53.5% | Eps: 0.609 | Loss: 0.3827
[+00:30:09 | ~01:02:46 left] [Ep 1649] Reward: 551.74 | Coverage: 61.9% | Eps: 0.608 | Loss: 0.4390
[+00:30:10 | ~01:02:45 left] [Ep 1650] Reward: 212.71 | Coverage: 53.5% | Eps: 0.608 | Loss: 0.3587
[+00:30:11 | ~01:02:44 left] [Ep 1651] Reward: 559.83 | Coverage: 67.7% | Eps: 0.608 | Loss: 0.3488
[+00:30:13 | ~01:02:43 left] [Ep 1652] Reward: 420.49 | Coverage: 59.6% | Eps: 0.608 | Loss: 0.3437
[+00:30:14 | ~01:02:42 left] [Ep 1653] Reward: 382.32 | Coverage: 53.6% | Eps: 0.607 | Loss: 0.3220
[+00:30:15 | ~01:02:41 left] [Ep 1654] Reward: 294.91 | Coverage: 52.9% | Eps: 0.607 | Loss: 0.3498
[+00:30:16 | ~01:02:39 left] [Ep 1655] Reward: 582.89 | Coverage: 59.7% | Eps: 0.607 | Loss: 0.3246
[+00:30:17 | ~01:02:38 left] [Ep 1656] Reward: 517.07 | Coverage: 45.2% | Eps: 0.607 | Loss: 0.3434
[+00:30:18 | ~01:02:37 left] [Ep 1657] Reward: 352.95 | Coverage: 44.3% | Eps: 0.606 | Loss: 0.3895
[+00:30:19 | ~01:02:36 left] [Ep 1658] Reward: 365.51 | Coverage: 52.6% | Eps: 0.606 | Loss: 0.2967
[+00:30:20 | ~01:02:35 left] [Ep 1659] Reward: 261.31 | Coverage: 62.3% | Eps: 0.606 | Loss: 0.3827
[+00:30:21 | ~01:02:34 left] [Ep 1660] Reward: 524.95 | Coverage: 59.4% | Eps: 0.606 | Loss: 0.3899
[+00:30:23 | ~01:02:33 left] [Ep 1661] Reward: 558.20 | Coverage: 58.4% | Eps: 0.606 | Loss: 0.3327
[+00:30:24 | ~01:02:32 left] [Ep 1662] Reward: 344.49 | Coverage: 56.9% | Eps: 0.605 | Loss: 0.2527
[+00:30:25 | ~01:02:30 left] [Ep 1663] Reward: 320.19 | Coverage: 44.3% | Eps: 0.605 | Loss: 0.3134
[+00:30:26 | ~01:02:29 left] [Ep 1664] Reward: 455.55 | Coverage: 56.2% | Eps: 0.605 | Loss: 0.3897
[+00:30:27 | ~01:02:28 left] [Ep 1665] Reward: 313.94 | Coverage: 46.9% | Eps: 0.605 | Loss: 0.3370
[+00:30:28 | ~01:02:27 left] [Ep 1666] Reward: 378.61 | Coverage: 63.6% | Eps: 0.604 | Loss: 0.2981
[+00:30:29 | ~01:02:26 left] [Ep 1667] Reward: 463.72 | Coverage: 58.2% | Eps: 0.604 | Loss: 0.3180
[+00:30:30 | ~01:02:25 left] [Ep 1668] Reward: 522.30 | Coverage: 57.7% | Eps: 0.604 | Loss: 0.3719
[+00:30:31 | ~01:02:24 left] [Ep 1669] Reward: 325.95 | Coverage: 60.9% | Eps: 0.604 | Loss: 0.3603
[+00:30:32 | ~01:02:23 left] [Ep 1670] Reward: 405.76 | Coverage: 60.4% | Eps: 0.603 | Loss: 0.3290
[+00:30:33 | ~01:02:22 left] [Ep 1671] Reward: 403.68 | Coverage: 59.8% | Eps: 0.603 | Loss: 0.3240
[+00:30:34 | ~01:02:21 left] [Ep 1672] Reward: 107.21 | Coverage: 60.6% | Eps: 0.603 | Loss: 0.3231
[+00:30:35 | ~01:02:20 left] [Ep 1673] Reward: 431.20 | Coverage: 54.6% | Eps: 0.603 | Loss: 0.3020
[+00:30:36 | ~01:02:19 left] [Ep 1674] Reward: 354.17 | Coverage: 49.8% | Eps: 0.602 | Loss: 0.4036
[+00:30:38 | ~01:02:18 left] [Ep 1675] Reward: 251.63 | Coverage: 60.5% | Eps: 0.602 | Loss: 0.3262
[+00:30:39 | ~01:02:17 left] [Ep 1676] Reward: 773.37 | Coverage: 67.6% | Eps: 0.602 | Loss: 0.3878
[+00:30:40 | ~01:02:16 left] [Ep 1677] Reward: 342.09 | Coverage: 64.8% | Eps: 0.602 | Loss: 0.4001
[+00:30:41 | ~01:02:14 left] [Ep 1678] Reward: 482.67 | Coverage: 57.0% | Eps: 0.601 | Loss: 0.3792
[+00:30:42 | ~01:02:13 left] [Ep 1679] Reward: 367.65 | Coverage: 62.3% | Eps: 0.601 | Loss: 0.3221
[+00:30:43 | ~01:02:12 left] [Ep 1680] Reward: 391.36 | Coverage: 55.6% | Eps: 0.601 | Loss: 0.3556
[+00:30:44 | ~01:02:11 left] [Ep 1681] Reward: 406.17 | Coverage: 60.9% | Eps: 0.601 | Loss: 0.3385
[+00:30:45 | ~01:02:10 left] [Ep 1682] Reward: 282.79 | Coverage: 54.5% | Eps: 0.601 | Loss: 0.3034
[+00:30:46 | ~01:02:09 left] [Ep 1683] Reward: 577.58 | Coverage: 59.3% | Eps: 0.600 | Loss: 0.3526
[+00:30:47 | ~01:02:08 left] [Ep 1684] Reward: 389.32 | Coverage: 71.2% | Eps: 0.600 | Loss: 0.2925
[+00:30:48 | ~01:02:07 left] [Ep 1685] Reward: 564.10 | Coverage: 63.4% | Eps: 0.600 | Loss: 0.3872
[+00:30:50 | ~01:02:06 left] [Ep 1686] Reward: 505.53 | Coverage: 68.0% | Eps: 0.600 | Loss: 0.3212
[+00:30:51 | ~01:02:05 left] [Ep 1687] Reward: 455.09 | Coverage: 53.5% | Eps: 0.599 | Loss: 0.3479
[+00:30:52 | ~01:02:03 left] [Ep 1688] Reward: 281.36 | Coverage: 54.1% | Eps: 0.599 | Loss: 0.3512
[+00:30:53 | ~01:02:02 left] [Ep 1689] Reward: 415.39 | Coverage: 58.2% | Eps: 0.599 | Loss: 0.3295
[+00:30:54 | ~01:02:01 left] [Ep 1690] Reward: 374.19 | Coverage: 62.0% | Eps: 0.599 | Loss: 0.3634
[+00:30:55 | ~01:02:00 left] [Ep 1691] Reward: 316.88 | Coverage: 57.1% | Eps: 0.598 | Loss: 0.3209
[+00:30:56 | ~01:01:59 left] [Ep 1692] Reward: 555.86 | Coverage: 65.0% | Eps: 0.598 | Loss: 0.3748
[+00:30:58 | ~01:01:58 left] [Ep 1693] Reward: 219.90 | Coverage: 55.0% | Eps: 0.598 | Loss: 0.2861
[+00:30:59 | ~01:01:57 left] [Ep 1694] Reward: 255.62 | Coverage: 67.2% | Eps: 0.598 | Loss: 0.3450
[+00:31:00 | ~01:01:55 left] [Ep 1695] Reward: 370.81 | Coverage: 64.7% | Eps: 0.597 | Loss: 0.4176
[+00:31:01 | ~01:01:54 left] [Ep 1696] Reward: 342.49 | Coverage: 51.4% | Eps: 0.597 | Loss: 0.3000
[+00:31:02 | ~01:01:53 left] [Ep 1697] Reward: 382.17 | Coverage: 62.3% | Eps: 0.597 | Loss: 0.3129
[+00:31:03 | ~01:01:52 left] [Ep 1698] Reward: 806.68 | Coverage: 57.1% | Eps: 0.597 | Loss: 0.3606
[+00:31:04 | ~01:01:51 left] [Ep 1699] Reward: 377.75 | Coverage: 65.1% | Eps: 0.596 | Loss: 0.3472
[+00:31:05 | ~01:01:50 left] [Ep 1700] Reward: 346.44 | Coverage: 55.1% | Eps: 0.596 | Loss: 0.3540

[+00:31:05 | ~01:01:50 left] [Eval] Episode 1700: Reward=330.99, Coverage=55.2%

[+00:31:06 | ~01:01:49 left] [Ep 1701] Reward: 476.44 | Coverage: 60.6% | Eps: 0.596 | Loss: 0.3595
[+00:31:07 | ~01:01:48 left] [Ep 1702] Reward: 360.77 | Coverage: 62.1% | Eps: 0.596 | Loss: 0.3653
[+00:31:08 | ~01:01:47 left] [Ep 1703] Reward: 261.03 | Coverage: 41.0% | Eps: 0.596 | Loss: 0.3843
[+00:31:10 | ~01:01:46 left] [Ep 1704] Reward: 515.71 | Coverage: 46.6% | Eps: 0.595 | Loss: 0.3563
[+00:31:11 | ~01:01:45 left] [Ep 1705] Reward: 228.01 | Coverage: 59.4% | Eps: 0.595 | Loss: 0.3302
[+00:31:12 | ~01:01:43 left] [Ep 1706] Reward: 329.79 | Coverage: 57.8% | Eps: 0.595 | Loss: 0.3667
[+00:31:13 | ~01:01:42 left] [Ep 1707] Reward: 528.65 | Coverage: 65.1% | Eps: 0.595 | Loss: 0.4158
[+00:31:14 | ~01:01:41 left] [Ep 1708] Reward: 433.90 | Coverage: 60.1% | Eps: 0.594 | Loss: 0.3344
[+00:31:15 | ~01:01:40 left] [Ep 1709] Reward: 403.14 | Coverage: 50.5% | Eps: 0.594 | Loss: 0.3007
[+00:31:16 | ~01:01:39 left] [Ep 1710] Reward: 329.37 | Coverage: 60.7% | Eps: 0.594 | Loss: 0.3839
[+00:31:17 | ~01:01:38 left] [Ep 1711] Reward: 390.56 | Coverage: 53.8% | Eps: 0.594 | Loss: 0.3347
[+00:31:19 | ~01:01:37 left] [Ep 1712] Reward: 415.77 | Coverage: 57.2% | Eps: 0.593 | Loss: 0.2526
[+00:31:20 | ~01:01:36 left] [Ep 1713] Reward: 240.71 | Coverage: 55.4% | Eps: 0.593 | Loss: 0.3733
[+00:31:21 | ~01:01:35 left] [Ep 1714] Reward: 235.63 | Coverage: 60.9% | Eps: 0.593 | Loss: 0.3179
[+00:31:22 | ~01:01:34 left] [Ep 1715] Reward: 550.90 | Coverage: 49.6% | Eps: 0.593 | Loss: 0.3357
[+00:31:23 | ~01:01:32 left] [Ep 1716] Reward: 306.21 | Coverage: 51.5% | Eps: 0.592 | Loss: 0.3525
[+00:31:24 | ~01:01:31 left] [Ep 1717] Reward: 303.98 | Coverage: 44.5% | Eps: 0.592 | Loss: 0.3467
[+00:31:25 | ~01:01:30 left] [Ep 1718] Reward: 326.53 | Coverage: 72.4% | Eps: 0.592 | Loss: 0.3674
[+00:31:26 | ~01:01:29 left] [Ep 1719] Reward: 433.83 | Coverage: 52.3% | Eps: 0.592 | Loss: 0.3215
[+00:31:27 | ~01:01:28 left] [Ep 1720] Reward: 427.16 | Coverage: 53.2% | Eps: 0.592 | Loss: 0.3594
[+00:31:28 | ~01:01:27 left] [Ep 1721] Reward: 372.09 | Coverage: 51.3% | Eps: 0.591 | Loss: 0.3284
[+00:31:30 | ~01:01:26 left] [Ep 1722] Reward: 247.68 | Coverage: 54.6% | Eps: 0.591 | Loss: 0.3682
[+00:31:31 | ~01:01:24 left] [Ep 1723] Reward: 528.52 | Coverage: 55.9% | Eps: 0.591 | Loss: 0.3632
[+00:31:32 | ~01:01:23 left] [Ep 1724] Reward: 274.78 | Coverage: 62.7% | Eps: 0.591 | Loss: 0.3010
[+00:31:33 | ~01:01:22 left] [Ep 1725] Reward: 432.51 | Coverage: 59.9% | Eps: 0.590 | Loss: 0.3818
[+00:31:34 | ~01:01:21 left] [Ep 1726] Reward: 483.62 | Coverage: 60.9% | Eps: 0.590 | Loss: 0.3168
[+00:31:35 | ~01:01:20 left] [Ep 1727] Reward: 574.04 | Coverage: 55.0% | Eps: 0.590 | Loss: 0.3704
[+00:31:36 | ~01:01:19 left] [Ep 1728] Reward: 504.96 | Coverage: 58.3% | Eps: 0.590 | Loss: 0.3526
[+00:31:37 | ~01:01:18 left] [Ep 1729] Reward: 561.39 | Coverage: 66.6% | Eps: 0.589 | Loss: 0.4113
[+00:31:38 | ~01:01:17 left] [Ep 1730] Reward: 489.11 | Coverage: 58.7% | Eps: 0.589 | Loss: 0.3287
[+00:31:39 | ~01:01:16 left] [Ep 1731] Reward: 361.33 | Coverage: 60.8% | Eps: 0.589 | Loss: 0.3236
[+00:31:40 | ~01:01:15 left] [Ep 1732] Reward: 316.11 | Coverage: 45.8% | Eps: 0.589 | Loss: 0.3366
[+00:31:42 | ~01:01:14 left] [Ep 1733] Reward: 381.68 | Coverage: 62.1% | Eps: 0.588 | Loss: 0.3251
[+00:31:43 | ~01:01:13 left] [Ep 1734] Reward: 509.49 | Coverage: 60.5% | Eps: 0.588 | Loss: 0.3691
[+00:31:44 | ~01:01:12 left] [Ep 1735] Reward: 438.16 | Coverage: 67.1% | Eps: 0.588 | Loss: 0.2723
[+00:31:45 | ~01:01:10 left] [Ep 1736] Reward: 429.57 | Coverage: 41.2% | Eps: 0.588 | Loss: 0.2946
[+00:31:46 | ~01:01:09 left] [Ep 1737] Reward: 433.16 | Coverage: 59.0% | Eps: 0.587 | Loss: 0.2939
[+00:31:47 | ~01:01:08 left] [Ep 1738] Reward: 362.53 | Coverage: 58.1% | Eps: 0.587 | Loss: 0.3745
[+00:31:48 | ~01:01:07 left] [Ep 1739] Reward: 428.55 | Coverage: 59.4% | Eps: 0.587 | Loss: 0.4047
[+00:31:49 | ~01:01:07 left] [Ep 1740] Reward: 408.16 | Coverage: 54.8% | Eps: 0.587 | Loss: 0.3319
[+00:31:50 | ~01:01:05 left] [Ep 1741] Reward: 378.85 | Coverage: 60.2% | Eps: 0.587 | Loss: 0.3292
[+00:31:51 | ~01:01:04 left] [Ep 1742] Reward: 438.81 | Coverage: 63.3% | Eps: 0.586 | Loss: 0.3385
[+00:31:52 | ~01:01:03 left] [Ep 1743] Reward: 491.96 | Coverage: 59.1% | Eps: 0.586 | Loss: 0.3820
[+00:31:53 | ~01:01:02 left] [Ep 1744] Reward: 478.63 | Coverage: 57.0% | Eps: 0.586 | Loss: 0.2983
[+00:31:54 | ~01:01:01 left] [Ep 1745] Reward: 436.43 | Coverage: 57.5% | Eps: 0.586 | Loss: 0.3447
[+00:31:55 | ~01:01:00 left] [Ep 1746] Reward: 620.84 | Coverage: 56.4% | Eps: 0.585 | Loss: 0.3740
[+00:31:56 | ~01:00:59 left] [Ep 1747] Reward: 350.70 | Coverage: 59.1% | Eps: 0.585 | Loss: 0.3548
[+00:31:58 | ~01:00:58 left] [Ep 1748] Reward: 506.42 | Coverage: 54.3% | Eps: 0.585 | Loss: 0.3421
[+00:31:59 | ~01:00:57 left] [Ep 1749] Reward: 439.21 | Coverage: 46.1% | Eps: 0.585 | Loss: 0.3744
[+00:32:00 | ~01:00:55 left] [Ep 1750] Reward: 366.24 | Coverage: 67.5% | Eps: 0.584 | Loss: 0.2260
[+00:32:01 | ~01:00:54 left] [Ep 1751] Reward: 393.15 | Coverage: 47.6% | Eps: 0.584 | Loss: 0.3610
[+00:32:02 | ~01:00:53 left] [Ep 1752] Reward: 359.68 | Coverage: 58.1% | Eps: 0.584 | Loss: 0.3075
[+00:32:03 | ~01:00:52 left] [Ep 1753] Reward: 391.07 | Coverage: 50.5% | Eps: 0.584 | Loss: 0.2602
[+00:32:04 | ~01:00:51 left] [Ep 1754] Reward: 343.14 | Coverage: 57.0% | Eps: 0.583 | Loss: 0.3537
[+00:32:05 | ~01:00:50 left] [Ep 1755] Reward: 500.05 | Coverage: 52.7% | Eps: 0.583 | Loss: 0.3879
[+00:32:06 | ~01:00:49 left] [Ep 1756] Reward: 430.92 | Coverage: 58.6% | Eps: 0.583 | Loss: 0.3273
[+00:32:07 | ~01:00:48 left] [Ep 1757] Reward: 504.56 | Coverage: 53.5% | Eps: 0.583 | Loss: 0.3706
[+00:32:08 | ~01:00:47 left] [Ep 1758] Reward: 352.36 | Coverage: 50.6% | Eps: 0.582 | Loss: 0.3968
[+00:32:09 | ~01:00:46 left] [Ep 1759] Reward: 433.66 | Coverage: 60.9% | Eps: 0.582 | Loss: 0.3846
[+00:32:11 | ~01:00:45 left] [Ep 1760] Reward: 393.18 | Coverage: 67.4% | Eps: 0.582 | Loss: 0.3974
[+00:32:12 | ~01:00:44 left] [Ep 1761] Reward: 252.02 | Coverage: 61.1% | Eps: 0.582 | Loss: 0.3612
[+00:32:13 | ~01:00:43 left] [Ep 1762] Reward: 577.99 | Coverage: 59.6% | Eps: 0.582 | Loss: 0.3343
[+00:32:14 | ~01:00:42 left] [Ep 1763] Reward: 467.85 | Coverage: 52.2% | Eps: 0.581 | Loss: 0.2669
[+00:32:15 | ~01:00:41 left] [Ep 1764] Reward: 333.57 | Coverage: 58.4% | Eps: 0.581 | Loss: 0.3209
[+00:32:16 | ~01:00:39 left] [Ep 1765] Reward: 261.88 | Coverage: 61.8% | Eps: 0.581 | Loss: 0.2967
[+00:32:17 | ~01:00:38 left] [Ep 1766] Reward: 288.18 | Coverage: 54.7% | Eps: 0.581 | Loss: 0.4170
[+00:32:18 | ~01:00:37 left] [Ep 1767] Reward: 434.82 | Coverage: 64.7% | Eps: 0.580 | Loss: 0.3229
[+00:32:19 | ~01:00:36 left] [Ep 1768] Reward: 576.28 | Coverage: 58.7% | Eps: 0.580 | Loss: 0.3346
[+00:32:20 | ~01:00:35 left] [Ep 1769] Reward: 462.06 | Coverage: 61.2% | Eps: 0.580 | Loss: 0.3514
[+00:32:21 | ~01:00:34 left] [Ep 1770] Reward: 608.67 | Coverage: 55.7% | Eps: 0.580 | Loss: 0.3308
[+00:32:23 | ~01:00:33 left] [Ep 1771] Reward: 550.17 | Coverage: 55.8% | Eps: 0.579 | Loss: 0.3966
[+00:32:24 | ~01:00:32 left] [Ep 1772] Reward: 676.25 | Coverage: 60.3% | Eps: 0.579 | Loss: 0.3036
[+00:32:25 | ~01:00:30 left] [Ep 1773] Reward: 361.84 | Coverage: 61.4% | Eps: 0.579 | Loss: 0.3360
[+00:32:26 | ~01:00:29 left] [Ep 1774] Reward: 407.83 | Coverage: 61.2% | Eps: 0.579 | Loss: 0.2982
[+00:32:27 | ~01:00:28 left] [Ep 1775] Reward: 436.51 | Coverage: 52.4% | Eps: 0.578 | Loss: 0.2748
[+00:32:28 | ~01:00:27 left] [Ep 1776] Reward: 253.28 | Coverage: 54.3% | Eps: 0.578 | Loss: 0.3028
[+00:32:29 | ~01:00:26 left] [Ep 1777] Reward: 274.13 | Coverage: 58.8% | Eps: 0.578 | Loss: 0.3255
[+00:32:30 | ~01:00:25 left] [Ep 1778] Reward: 364.08 | Coverage: 47.1% | Eps: 0.578 | Loss: 0.3095
[+00:32:31 | ~01:00:24 left] [Ep 1779] Reward: 350.01 | Coverage: 65.6% | Eps: 0.577 | Loss: 0.2987
[+00:32:32 | ~01:00:23 left] [Ep 1780] Reward: 364.12 | Coverage: 61.0% | Eps: 0.577 | Loss: 0.2698
[+00:32:34 | ~01:00:22 left] [Ep 1781] Reward: 397.11 | Coverage: 59.2% | Eps: 0.577 | Loss: 0.3224
[+00:32:35 | ~01:00:21 left] [Ep 1782] Reward: 266.06 | Coverage: 54.4% | Eps: 0.577 | Loss: 0.2652
[+00:32:36 | ~01:00:19 left] [Ep 1783] Reward: 564.46 | Coverage: 64.2% | Eps: 0.577 | Loss: 0.3555
[+00:32:37 | ~01:00:18 left] [Ep 1784] Reward: 318.88 | Coverage: 57.2% | Eps: 0.576 | Loss: 0.3280
[+00:32:38 | ~01:00:17 left] [Ep 1785] Reward: 397.44 | Coverage: 71.2% | Eps: 0.576 | Loss: 0.2661
[+00:32:39 | ~01:00:16 left] [Ep 1786] Reward: 364.24 | Coverage: 61.5% | Eps: 0.576 | Loss: 0.3117
[+00:32:40 | ~01:00:15 left] [Ep 1787] Reward: 568.34 | Coverage: 49.5% | Eps: 0.576 | Loss: 0.2936
[+00:32:42 | ~01:00:14 left] [Ep 1788] Reward: 445.98 | Coverage: 63.7% | Eps: 0.575 | Loss: 0.3361
[+00:32:43 | ~01:00:13 left] [Ep 1789] Reward: 629.98 | Coverage: 55.6% | Eps: 0.575 | Loss: 0.3766
[+00:32:44 | ~01:00:11 left] [Ep 1790] Reward: 572.54 | Coverage: 55.7% | Eps: 0.575 | Loss: 0.2477
[+00:32:45 | ~01:00:10 left] [Ep 1791] Reward: 419.02 | Coverage: 57.5% | Eps: 0.575 | Loss: 0.3269
[+00:32:46 | ~01:00:09 left] [Ep 1792] Reward: 378.10 | Coverage: 58.2% | Eps: 0.574 | Loss: 0.3156
[+00:32:47 | ~01:00:08 left] [Ep 1793] Reward: 331.23 | Coverage: 60.7% | Eps: 0.574 | Loss: 0.3485
[+00:32:48 | ~01:00:07 left] [Ep 1794] Reward: 426.33 | Coverage: 63.9% | Eps: 0.574 | Loss: 0.3298
[+00:32:49 | ~01:00:06 left] [Ep 1795] Reward: 392.20 | Coverage: 62.0% | Eps: 0.574 | Loss: 0.2908
[+00:32:50 | ~01:00:05 left] [Ep 1796] Reward: 578.42 | Coverage: 54.4% | Eps: 0.573 | Loss: 0.3078
[+00:32:52 | ~01:00:04 left] [Ep 1797] Reward: 455.00 | Coverage: 50.4% | Eps: 0.573 | Loss: 0.2883
[+00:32:53 | ~01:00:03 left] [Ep 1798] Reward: 152.99 | Coverage: 53.9% | Eps: 0.573 | Loss: 0.3628
[+00:32:54 | ~01:00:02 left] [Ep 1799] Reward: 568.82 | Coverage: 61.4% | Eps: 0.573 | Loss: 0.3202
[+00:32:55 | ~01:00:01 left] [Ep 1800] Reward: 387.25 | Coverage: 64.7% | Eps: 0.573 | Loss: 0.3951

[+00:32:55 | ~01:00:01 left] [Eval] Episode 1800: Reward=371.15, Coverage=64.9%

[+00:32:56 | ~01:00:00 left] [Ep 1801] Reward: 589.50 | Coverage: 70.6% | Eps: 0.572 | Loss: 0.3162
[+00:32:57 | ~00:59:59 left] [Ep 1802] Reward: 384.05 | Coverage: 50.5% | Eps: 0.572 | Loss: 0.2899
[+00:32:58 | ~00:59:57 left] [Ep 1803] Reward: 227.97 | Coverage: 59.6% | Eps: 0.572 | Loss: 0.2573
[+00:32:59 | ~00:59:56 left] [Ep 1804] Reward: 346.72 | Coverage: 57.7% | Eps: 0.572 | Loss: 0.2454
[+00:33:00 | ~00:59:55 left] [Ep 1805] Reward: 516.44 | Coverage: 56.6% | Eps: 0.571 | Loss: 0.2537
[+00:33:01 | ~00:59:54 left] [Ep 1806] Reward: 412.58 | Coverage: 60.0% | Eps: 0.571 | Loss: 0.3274
[+00:33:02 | ~00:59:53 left] [Ep 1807] Reward: 613.83 | Coverage: 57.6% | Eps: 0.571 | Loss: 0.3366
[+00:33:03 | ~00:59:52 left] [Ep 1808] Reward: 340.03 | Coverage: 57.5% | Eps: 0.571 | Loss: 0.2526
[+00:33:04 | ~00:59:51 left] [Ep 1809] Reward: 605.47 | Coverage: 55.0% | Eps: 0.570 | Loss: 0.3513
[+00:33:05 | ~00:59:50 left] [Ep 1810] Reward: 363.07 | Coverage: 61.7% | Eps: 0.570 | Loss: 0.2958
[+00:33:06 | ~00:59:49 left] [Ep 1811] Reward: 459.75 | Coverage: 65.9% | Eps: 0.570 | Loss: 0.3206
[+00:33:07 | ~00:59:48 left] [Ep 1812] Reward: 632.75 | Coverage: 69.6% | Eps: 0.570 | Loss: 0.3788
[+00:33:09 | ~00:59:47 left] [Ep 1813] Reward: 385.40 | Coverage: 55.8% | Eps: 0.569 | Loss: 0.3497
[+00:33:10 | ~00:59:46 left] [Ep 1814] Reward: 540.95 | Coverage: 52.5% | Eps: 0.569 | Loss: 0.3027
[+00:33:11 | ~00:59:45 left] [Ep 1815] Reward: 421.80 | Coverage: 57.5% | Eps: 0.569 | Loss: 0.2774
[+00:33:12 | ~00:59:43 left] [Ep 1816] Reward: 331.09 | Coverage: 53.9% | Eps: 0.569 | Loss: 0.2265
[+00:33:13 | ~00:59:42 left] [Ep 1817] Reward: 316.84 | Coverage: 65.8% | Eps: 0.568 | Loss: 0.2834
[+00:33:14 | ~00:59:41 left] [Ep 1818] Reward: 425.26 | Coverage: 54.0% | Eps: 0.568 | Loss: 0.3033
[+00:33:15 | ~00:59:40 left] [Ep 1819] Reward: 298.49 | Coverage: 59.7% | Eps: 0.568 | Loss: 0.2719
[+00:33:16 | ~00:59:39 left] [Ep 1820] Reward: 664.25 | Coverage: 50.7% | Eps: 0.568 | Loss: 0.3057
[+00:33:18 | ~00:59:38 left] [Ep 1821] Reward: 218.47 | Coverage: 57.0% | Eps: 0.568 | Loss: 0.3136
[+00:33:19 | ~00:59:37 left] [Ep 1822] Reward: 260.46 | Coverage: 60.5% | Eps: 0.567 | Loss: 0.3011
[+00:33:20 | ~00:59:36 left] [Ep 1823] Reward: 500.89 | Coverage: 69.1% | Eps: 0.567 | Loss: 0.2836
[+00:33:21 | ~00:59:35 left] [Ep 1824] Reward: 427.20 | Coverage: 54.9% | Eps: 0.567 | Loss: 0.3159
[+00:33:22 | ~00:59:34 left] [Ep 1825] Reward: 573.50 | Coverage: 61.7% | Eps: 0.567 | Loss: 0.3264
[+00:33:23 | ~00:59:32 left] [Ep 1826] Reward: 409.53 | Coverage: 46.0% | Eps: 0.566 | Loss: 0.2647
[+00:33:24 | ~00:59:31 left] [Ep 1827] Reward: 669.33 | Coverage: 51.6% | Eps: 0.566 | Loss: 0.3643
[+00:33:25 | ~00:59:30 left] [Ep 1828] Reward: 427.43 | Coverage: 54.1% | Eps: 0.566 | Loss: 0.3035
[+00:33:26 | ~00:59:29 left] [Ep 1829] Reward: 333.29 | Coverage: 56.2% | Eps: 0.566 | Loss: 0.3077
[+00:33:27 | ~00:59:28 left] [Ep 1830] Reward: 538.40 | Coverage: 62.1% | Eps: 0.565 | Loss: 0.3349
[+00:33:28 | ~00:59:27 left] [Ep 1831] Reward: 528.93 | Coverage: 63.4% | Eps: 0.565 | Loss: 0.3154
[+00:33:29 | ~00:59:26 left] [Ep 1832] Reward: 312.84 | Coverage: 49.1% | Eps: 0.565 | Loss: 0.3438
[+00:33:30 | ~00:59:25 left] [Ep 1833] Reward: 360.17 | Coverage: 62.8% | Eps: 0.565 | Loss: 0.3167
[+00:33:31 | ~00:59:24 left] [Ep 1834] Reward: 531.90 | Coverage: 52.3% | Eps: 0.564 | Loss: 0.2802
[+00:33:32 | ~00:59:23 left] [Ep 1835] Reward: 584.37 | Coverage: 71.1% | Eps: 0.564 | Loss: 0.3187
[+00:33:33 | ~00:59:22 left] [Ep 1836] Reward: 367.02 | Coverage: 61.4% | Eps: 0.564 | Loss: 0.2581
[+00:33:35 | ~00:59:21 left] [Ep 1837] Reward: 190.55 | Coverage: 60.4% | Eps: 0.564 | Loss: 0.3077
[+00:33:36 | ~00:59:20 left] [Ep 1838] Reward: 270.04 | Coverage: 58.3% | Eps: 0.563 | Loss: 0.3016
[+00:33:37 | ~00:59:18 left] [Ep 1839] Reward: 257.37 | Coverage: 59.2% | Eps: 0.563 | Loss: 0.2941
[+00:33:38 | ~00:59:17 left] [Ep 1840] Reward: 724.34 | Coverage: 59.5% | Eps: 0.563 | Loss: 0.2968
[+00:33:39 | ~00:59:16 left] [Ep 1841] Reward: 286.74 | Coverage: 55.0% | Eps: 0.563 | Loss: 0.2262
[+00:33:40 | ~00:59:15 left] [Ep 1842] Reward: 472.82 | Coverage: 64.2% | Eps: 0.563 | Loss: 0.2791
[+00:33:41 | ~00:59:14 left] [Ep 1843] Reward: 567.13 | Coverage: 61.2% | Eps: 0.562 | Loss: 0.3043
[+00:33:43 | ~00:59:13 left] [Ep 1844] Reward: 481.12 | Coverage: 64.3% | Eps: 0.562 | Loss: 0.3065
[+00:33:44 | ~00:59:12 left] [Ep 1845] Reward: 309.36 | Coverage: 59.1% | Eps: 0.562 | Loss: 0.2585
[+00:33:45 | ~00:59:11 left] [Ep 1846] Reward: 514.23 | Coverage: 63.8% | Eps: 0.562 | Loss: 0.3498
[+00:33:46 | ~00:59:09 left] [Ep 1847] Reward: 395.78 | Coverage: 54.7% | Eps: 0.561 | Loss: 0.2640
[+00:33:47 | ~00:59:08 left] [Ep 1848] Reward: 529.96 | Coverage: 78.5% | Eps: 0.561 | Loss: 0.3370
[+00:33:48 | ~00:59:07 left] [Ep 1849] Reward: 618.28 | Coverage: 55.0% | Eps: 0.561 | Loss: 0.3148
[+00:33:49 | ~00:59:06 left] [Ep 1850] Reward: 415.61 | Coverage: 56.7% | Eps: 0.561 | Loss: 0.2714
[+00:33:50 | ~00:59:05 left] [Ep 1851] Reward: 392.39 | Coverage: 65.7% | Eps: 0.560 | Loss: 0.3678
[+00:33:51 | ~00:59:04 left] [Ep 1852] Reward: 359.73 | Coverage: 67.4% | Eps: 0.560 | Loss: 0.2485
[+00:33:52 | ~00:59:03 left] [Ep 1853] Reward: 385.06 | Coverage: 54.5% | Eps: 0.560 | Loss: 0.3326
[+00:33:53 | ~00:59:02 left] [Ep 1854] Reward: 461.61 | Coverage: 48.9% | Eps: 0.560 | Loss: 0.3353
[+00:33:54 | ~00:59:01 left] [Ep 1855] Reward: 329.23 | Coverage: 50.6% | Eps: 0.559 | Loss: 0.2680
[+00:33:55 | ~00:59:00 left] [Ep 1856] Reward: 423.79 | Coverage: 53.2% | Eps: 0.559 | Loss: 0.3500
[+00:33:56 | ~00:58:59 left] [Ep 1857] Reward: 356.51 | Coverage: 54.6% | Eps: 0.559 | Loss: 0.2838
[+00:33:57 | ~00:58:58 left] [Ep 1858] Reward: 488.44 | Coverage: 58.6% | Eps: 0.559 | Loss: 0.3049
[+00:33:59 | ~00:58:57 left] [Ep 1859] Reward: 183.19 | Coverage: 66.2% | Eps: 0.558 | Loss: 0.3033
[+00:34:00 | ~00:58:56 left] [Ep 1860] Reward: 619.10 | Coverage: 66.5% | Eps: 0.558 | Loss: 0.2870
[+00:34:01 | ~00:58:54 left] [Ep 1861] Reward: 358.50 | Coverage: 55.7% | Eps: 0.558 | Loss: 0.3243
[+00:34:02 | ~00:58:53 left] [Ep 1862] Reward: 271.64 | Coverage: 63.1% | Eps: 0.558 | Loss: 0.3231
[+00:34:03 | ~00:58:52 left] [Ep 1863] Reward: 520.58 | Coverage: 65.3% | Eps: 0.558 | Loss: 0.2210
[+00:34:04 | ~00:58:51 left] [Ep 1864] Reward: 588.24 | Coverage: 68.7% | Eps: 0.557 | Loss: 0.3426
[+00:34:05 | ~00:58:50 left] [Ep 1865] Reward: 287.72 | Coverage: 58.7% | Eps: 0.557 | Loss: 0.2234
[+00:34:06 | ~00:58:49 left] [Ep 1866] Reward: 601.17 | Coverage: 54.9% | Eps: 0.557 | Loss: 0.3307
[+00:34:07 | ~00:58:48 left] [Ep 1867] Reward: 496.24 | Coverage: 64.5% | Eps: 0.557 | Loss: 0.3340
[+00:34:09 | ~00:58:47 left] [Ep 1868] Reward: 457.78 | Coverage: 69.4% | Eps: 0.556 | Loss: 0.2448
[+00:34:10 | ~00:58:45 left] [Ep 1869] Reward: 470.53 | Coverage: 56.4% | Eps: 0.556 | Loss: 0.2715
[+00:34:11 | ~00:58:44 left] [Ep 1870] Reward: 330.91 | Coverage: 72.2% | Eps: 0.556 | Loss: 0.2432
[+00:34:12 | ~00:58:43 left] [Ep 1871] Reward: 487.20 | Coverage: 70.7% | Eps: 0.556 | Loss: 0.2784
[+00:34:13 | ~00:58:42 left] [Ep 1872] Reward: 241.57 | Coverage: 58.1% | Eps: 0.555 | Loss: 0.2741
[+00:34:14 | ~00:58:41 left] [Ep 1873] Reward: 523.30 | Coverage: 49.7% | Eps: 0.555 | Loss: 0.3172
[+00:34:15 | ~00:58:40 left] [Ep 1874] Reward: 485.09 | Coverage: 55.9% | Eps: 0.555 | Loss: 0.3379
[+00:34:16 | ~00:58:39 left] [Ep 1875] Reward: 354.67 | Coverage: 57.5% | Eps: 0.555 | Loss: 0.3408
[+00:34:17 | ~00:58:38 left] [Ep 1876] Reward: 312.51 | Coverage: 63.2% | Eps: 0.554 | Loss: 0.2620
[+00:34:19 | ~00:58:37 left] [Ep 1877] Reward: 352.70 | Coverage: 49.1% | Eps: 0.554 | Loss: 0.2756
[+00:34:20 | ~00:58:36 left] [Ep 1878] Reward: 269.57 | Coverage: 75.4% | Eps: 0.554 | Loss: 0.2161
[+00:34:21 | ~00:58:35 left] [Ep 1879] Reward: 432.60 | Coverage: 74.8% | Eps: 0.554 | Loss: 0.2507
[+00:34:22 | ~00:58:34 left] [Ep 1880] Reward: 419.63 | Coverage: 55.2% | Eps: 0.554 | Loss: 0.3211
[+00:34:23 | ~00:58:33 left] [Ep 1881] Reward: 457.24 | Coverage: 47.9% | Eps: 0.553 | Loss: 0.3466
[+00:34:24 | ~00:58:32 left] [Ep 1882] Reward: 385.15 | Coverage: 58.7% | Eps: 0.553 | Loss: 0.2321
[+00:34:25 | ~00:58:30 left] [Ep 1883] Reward: 152.16 | Coverage: 62.6% | Eps: 0.553 | Loss: 0.2573
[+00:34:26 | ~00:58:29 left] [Ep 1884] Reward: 303.20 | Coverage: 68.5% | Eps: 0.553 | Loss: 0.2794
[+00:34:27 | ~00:58:28 left] [Ep 1885] Reward: 619.22 | Coverage: 64.4% | Eps: 0.552 | Loss: 0.2912
[+00:34:29 | ~00:58:27 left] [Ep 1886] Reward: 307.93 | Coverage: 58.6% | Eps: 0.552 | Loss: 0.2471
[+00:34:30 | ~00:58:26 left] [Ep 1887] Reward: 531.34 | Coverage: 47.3% | Eps: 0.552 | Loss: 0.2959
[+00:34:31 | ~00:58:25 left] [Ep 1888] Reward: 374.95 | Coverage: 63.2% | Eps: 0.552 | Loss: 0.2595
[+00:34:32 | ~00:58:23 left] [Ep 1889] Reward: 443.06 | Coverage: 65.3% | Eps: 0.551 | Loss: 0.2774
[+00:34:33 | ~00:58:22 left] [Ep 1890] Reward: 517.57 | Coverage: 57.9% | Eps: 0.551 | Loss: 0.2993
[+00:34:34 | ~00:58:21 left] [Ep 1891] Reward: 452.30 | Coverage: 61.7% | Eps: 0.551 | Loss: 0.2772
[+00:34:35 | ~00:58:20 left] [Ep 1892] Reward: 617.72 | Coverage: 61.2% | Eps: 0.551 | Loss: 0.2590
[+00:34:36 | ~00:58:19 left] [Ep 1893] Reward: 499.96 | Coverage: 58.4% | Eps: 0.550 | Loss: 0.2716
[+00:34:37 | ~00:58:18 left] [Ep 1894] Reward: 277.05 | Coverage: 52.5% | Eps: 0.550 | Loss: 0.2719
[+00:34:39 | ~00:58:17 left] [Ep 1895] Reward: 456.34 | Coverage: 62.1% | Eps: 0.550 | Loss: 0.2602
[+00:34:40 | ~00:58:16 left] [Ep 1896] Reward: 270.20 | Coverage: 50.9% | Eps: 0.550 | Loss: 0.2641
[+00:34:41 | ~00:58:15 left] [Ep 1897] Reward: 502.95 | Coverage: 68.9% | Eps: 0.549 | Loss: 0.3379
[+00:34:42 | ~00:58:13 left] [Ep 1898] Reward: 524.08 | Coverage: 54.2% | Eps: 0.549 | Loss: 0.2959
[+00:34:43 | ~00:58:12 left] [Ep 1899] Reward: 586.10 | Coverage: 63.1% | Eps: 0.549 | Loss: 0.2612
[+00:34:44 | ~00:58:11 left] [Ep 1900] Reward: 190.94 | Coverage: 55.3% | Eps: 0.549 | Loss: 0.3004

[+00:34:44 | ~00:58:11 left] [Eval] Episode 1900: Reward=183.73, Coverage=61.7%

[+00:34:45 | ~00:58:10 left] [Ep 1901] Reward: 628.08 | Coverage: 62.4% | Eps: 0.549 | Loss: 0.2586
[+00:34:46 | ~00:58:09 left] [Ep 1902] Reward: 588.55 | Coverage: 58.7% | Eps: 0.548 | Loss: 0.3184
[+00:34:48 | ~00:58:08 left] [Ep 1903] Reward: 588.67 | Coverage: 63.4% | Eps: 0.548 | Loss: 0.2858
[+00:34:49 | ~00:58:06 left] [Ep 1904] Reward: 479.60 | Coverage: 55.0% | Eps: 0.548 | Loss: 0.2662
[+00:34:50 | ~00:58:05 left] [Ep 1905] Reward: 639.98 | Coverage: 49.6% | Eps: 0.548 | Loss: 0.2879
[+00:34:51 | ~00:58:04 left] [Ep 1906] Reward: 480.64 | Coverage: 58.2% | Eps: 0.547 | Loss: 0.2067
[+00:34:52 | ~00:58:03 left] [Ep 1907] Reward: 314.64 | Coverage: 57.8% | Eps: 0.547 | Loss: 0.2240
[+00:34:53 | ~00:58:02 left] [Ep 1908] Reward: 590.15 | Coverage: 50.4% | Eps: 0.547 | Loss: 0.2208
[+00:34:54 | ~00:58:01 left] [Ep 1909] Reward: 295.00 | Coverage: 55.7% | Eps: 0.547 | Loss: 0.2738
[+00:34:55 | ~00:58:00 left] [Ep 1910] Reward: 344.55 | Coverage: 49.4% | Eps: 0.546 | Loss: 0.3369
[+00:34:56 | ~00:57:59 left] [Ep 1911] Reward: 515.69 | Coverage: 60.8% | Eps: 0.546 | Loss: 0.3563
[+00:34:57 | ~00:57:58 left] [Ep 1912] Reward: 202.24 | Coverage: 57.7% | Eps: 0.546 | Loss: 0.2921
[+00:34:58 | ~00:57:57 left] [Ep 1913] Reward: 353.05 | Coverage: 60.2% | Eps: 0.546 | Loss: 0.2861
[+00:35:00 | ~00:57:56 left] [Ep 1914] Reward: 491.28 | Coverage: 76.8% | Eps: 0.545 | Loss: 0.1936
[+00:35:01 | ~00:57:55 left] [Ep 1915] Reward: 443.00 | Coverage: 61.1% | Eps: 0.545 | Loss: 0.2434
[+00:35:02 | ~00:57:53 left] [Ep 1916] Reward: 420.85 | Coverage: 62.5% | Eps: 0.545 | Loss: 0.2331
[+00:35:03 | ~00:57:52 left] [Ep 1917] Reward: 605.79 | Coverage: 64.2% | Eps: 0.545 | Loss: 0.2393
[+00:35:04 | ~00:57:51 left] [Ep 1918] Reward: 479.44 | Coverage: 59.3% | Eps: 0.544 | Loss: 0.2570
[+00:35:05 | ~00:57:50 left] [Ep 1919] Reward: 405.31 | Coverage: 56.4% | Eps: 0.544 | Loss: 0.2443
[+00:35:06 | ~00:57:49 left] [Ep 1920] Reward: 417.44 | Coverage: 65.8% | Eps: 0.544 | Loss: 0.1836
[+00:35:07 | ~00:57:48 left] [Ep 1921] Reward: 366.96 | Coverage: 66.8% | Eps: 0.544 | Loss: 0.2922
[+00:35:09 | ~00:57:47 left] [Ep 1922] Reward: 258.32 | Coverage: 41.5% | Eps: 0.544 | Loss: 0.2189
[+00:35:10 | ~00:57:46 left] [Ep 1923] Reward: 572.46 | Coverage: 59.2% | Eps: 0.543 | Loss: 0.2709
[+00:35:11 | ~00:57:44 left] [Ep 1924] Reward: 479.63 | Coverage: 58.0% | Eps: 0.543 | Loss: 0.3438
[+00:35:12 | ~00:57:43 left] [Ep 1925] Reward: 515.54 | Coverage: 56.6% | Eps: 0.543 | Loss: 0.2236
[+00:35:13 | ~00:57:42 left] [Ep 1926] Reward: -32.91 | Coverage: 68.2% | Eps: 0.543 | Loss: 0.1587
[+00:35:14 | ~00:57:41 left] [Ep 1927] Reward: 646.03 | Coverage: 56.8% | Eps: 0.542 | Loss: 0.2480
[+00:35:15 | ~00:57:40 left] [Ep 1928] Reward: 635.83 | Coverage: 65.8% | Eps: 0.542 | Loss: 0.3030
[+00:35:16 | ~00:57:39 left] [Ep 1929] Reward: 708.64 | Coverage: 56.8% | Eps: 0.542 | Loss: 0.3368
[+00:35:17 | ~00:57:38 left] [Ep 1930] Reward: 490.62 | Coverage: 57.7% | Eps: 0.542 | Loss: 0.2088
[+00:35:19 | ~00:57:37 left] [Ep 1931] Reward: 544.81 | Coverage: 64.9% | Eps: 0.541 | Loss: 0.2774
[+00:35:20 | ~00:57:35 left] [Ep 1932] Reward: 438.51 | Coverage: 55.6% | Eps: 0.541 | Loss: 0.2385
[+00:35:21 | ~00:57:34 left] [Ep 1933] Reward: 313.76 | Coverage: 59.3% | Eps: 0.541 | Loss: 0.2524
[+00:35:22 | ~00:57:33 left] [Ep 1934] Reward: 413.30 | Coverage: 53.2% | Eps: 0.541 | Loss: 0.3619
[+00:35:23 | ~00:57:32 left] [Ep 1935] Reward: 604.54 | Coverage: 54.6% | Eps: 0.540 | Loss: 0.1956
[+00:35:25 | ~00:57:31 left] [Ep 1936] Reward: 560.57 | Coverage: 64.9% | Eps: 0.540 | Loss: 0.2654
[+00:35:26 | ~00:57:30 left] [Ep 1937] Reward: 429.36 | Coverage: 64.1% | Eps: 0.540 | Loss: 0.2735
[+00:35:27 | ~00:57:28 left] [Ep 1938] Reward: 447.85 | Coverage: 53.0% | Eps: 0.540 | Loss: 0.2978
[+00:35:28 | ~00:57:27 left] [Ep 1939] Reward: 471.40 | Coverage: 52.8% | Eps: 0.539 | Loss: 0.2578
[+00:35:29 | ~00:57:26 left] [Ep 1940] Reward: 428.28 | Coverage: 76.6% | Eps: 0.539 | Loss: 0.2658
[+00:35:30 | ~00:57:25 left] [Ep 1941] Reward: 555.51 | Coverage: 56.2% | Eps: 0.539 | Loss: 0.2373
[+00:35:31 | ~00:57:24 left] [Ep 1942] Reward: 317.57 | Coverage: 54.8% | Eps: 0.539 | Loss: 0.2633
[+00:35:32 | ~00:57:23 left] [Ep 1943] Reward: 391.61 | Coverage: 63.7% | Eps: 0.539 | Loss: 0.2384
[+00:35:34 | ~00:57:22 left] [Ep 1944] Reward: 352.45 | Coverage: 55.4% | Eps: 0.538 | Loss: 0.2765
[+00:35:35 | ~00:57:21 left] [Ep 1945] Reward: 421.92 | Coverage: 58.1% | Eps: 0.538 | Loss: 0.2364
[+00:35:36 | ~00:57:19 left] [Ep 1946] Reward: 676.68 | Coverage: 66.1% | Eps: 0.538 | Loss: 0.2659
[+00:35:37 | ~00:57:18 left] [Ep 1947] Reward: 507.42 | Coverage: 66.8% | Eps: 0.538 | Loss: 0.2492
[+00:35:38 | ~00:57:17 left] [Ep 1948] Reward: 471.08 | Coverage: 59.2% | Eps: 0.537 | Loss: 0.2950
[+00:35:39 | ~00:57:16 left] [Ep 1949] Reward: 381.80 | Coverage: 69.0% | Eps: 0.537 | Loss: 0.2474
[+00:35:40 | ~00:57:15 left] [Ep 1950] Reward: 257.89 | Coverage: 59.5% | Eps: 0.537 | Loss: 0.1781
[+00:35:41 | ~00:57:14 left] [Ep 1951] Reward: 384.42 | Coverage: 58.9% | Eps: 0.537 | Loss: 0.2991
[+00:35:43 | ~00:57:13 left] [Ep 1952] Reward: 370.45 | Coverage: 60.4% | Eps: 0.536 | Loss: 0.2120
[+00:35:44 | ~00:57:12 left] [Ep 1953] Reward: 427.13 | Coverage: 58.5% | Eps: 0.536 | Loss: 0.2216
[+00:35:45 | ~00:57:11 left] [Ep 1954] Reward: 376.97 | Coverage: 63.9% | Eps: 0.536 | Loss: 0.2235
[+00:35:46 | ~00:57:10 left] [Ep 1955] Reward: 602.49 | Coverage: 62.3% | Eps: 0.536 | Loss: 0.3019
[+00:35:47 | ~00:57:09 left] [Ep 1956] Reward: 533.91 | Coverage: 55.5% | Eps: 0.535 | Loss: 0.1611
[+00:35:48 | ~00:57:08 left] [Ep 1957] Reward: 482.28 | Coverage: 61.7% | Eps: 0.535 | Loss: 0.3716
[+00:35:49 | ~00:57:06 left] [Ep 1958] Reward: 265.76 | Coverage: 57.1% | Eps: 0.535 | Loss: 0.2879
[+00:35:50 | ~00:57:05 left] [Ep 1959] Reward: 395.17 | Coverage: 56.8% | Eps: 0.535 | Loss: 0.2542
[+00:35:51 | ~00:57:04 left] [Ep 1960] Reward: 449.59 | Coverage: 59.6% | Eps: 0.534 | Loss: 0.2427
[+00:35:52 | ~00:57:03 left] [Ep 1961] Reward: 440.65 | Coverage: 67.1% | Eps: 0.534 | Loss: 0.2559
[+00:35:53 | ~00:57:02 left] [Ep 1962] Reward: 363.06 | Coverage: 62.3% | Eps: 0.534 | Loss: 0.2649
[+00:35:54 | ~00:57:01 left] [Ep 1963] Reward: 569.62 | Coverage: 68.7% | Eps: 0.534 | Loss: 0.2695
[+00:35:55 | ~00:57:00 left] [Ep 1964] Reward: 420.85 | Coverage: 70.6% | Eps: 0.534 | Loss: 0.2655
[+00:35:56 | ~00:56:59 left] [Ep 1965] Reward: 616.49 | Coverage: 60.4% | Eps: 0.533 | Loss: 0.2465
[+00:35:57 | ~00:56:58 left] [Ep 1966] Reward: 503.86 | Coverage: 56.7% | Eps: 0.533 | Loss: 0.2346
[+00:35:58 | ~00:56:57 left] [Ep 1967] Reward: 448.24 | Coverage: 55.6% | Eps: 0.533 | Loss: 0.2360
[+00:36:00 | ~00:56:56 left] [Ep 1968] Reward: 290.17 | Coverage: 62.4% | Eps: 0.533 | Loss: 0.2339
[+00:36:01 | ~00:56:55 left] [Ep 1969] Reward: 612.25 | Coverage: 66.2% | Eps: 0.532 | Loss: 0.2867
[+00:36:02 | ~00:56:54 left] [Ep 1970] Reward: 614.64 | Coverage: 70.8% | Eps: 0.532 | Loss: 0.2647
[+00:36:03 | ~00:56:52 left] [Ep 1971] Reward: 462.55 | Coverage: 52.3% | Eps: 0.532 | Loss: 0.1230
[+00:36:04 | ~00:56:51 left] [Ep 1972] Reward: 331.45 | Coverage: 66.6% | Eps: 0.532 | Loss: 0.2664
[+00:36:05 | ~00:56:50 left] [Ep 1973] Reward: 581.08 | Coverage: 67.5% | Eps: 0.531 | Loss: 0.2476
[+00:36:06 | ~00:56:49 left] [Ep 1974] Reward: 431.75 | Coverage: 76.3% | Eps: 0.531 | Loss: 0.2387
[+00:36:07 | ~00:56:48 left] [Ep 1975] Reward: 367.93 | Coverage: 61.9% | Eps: 0.531 | Loss: 0.2235
[+00:36:08 | ~00:56:47 left] [Ep 1976] Reward: 617.51 | Coverage: 60.5% | Eps: 0.531 | Loss: 0.2837
[+00:36:09 | ~00:56:46 left] [Ep 1977] Reward: 748.22 | Coverage: 51.0% | Eps: 0.530 | Loss: 0.2763
[+00:36:10 | ~00:56:45 left] [Ep 1978] Reward: 472.62 | Coverage: 55.8% | Eps: 0.530 | Loss: 0.2071
[+00:36:12 | ~00:56:44 left] [Ep 1979] Reward: 652.58 | Coverage: 53.7% | Eps: 0.530 | Loss: 0.2539
[+00:36:13 | ~00:56:43 left] [Ep 1980] Reward: 411.96 | Coverage: 54.3% | Eps: 0.530 | Loss: 0.1984
[+00:36:14 | ~00:56:42 left] [Ep 1981] Reward: 201.88 | Coverage: 55.0% | Eps: 0.530 | Loss: 0.1818
[+00:36:15 | ~00:56:41 left] [Ep 1982] Reward: 296.52 | Coverage: 51.0% | Eps: 0.529 | Loss: 0.2115
[+00:36:16 | ~00:56:39 left] [Ep 1983] Reward: 440.75 | Coverage: 60.2% | Eps: 0.529 | Loss: 0.2707
[+00:36:17 | ~00:56:38 left] [Ep 1984] Reward: 509.78 | Coverage: 63.3% | Eps: 0.529 | Loss: 0.2740
[+00:36:18 | ~00:56:37 left] [Ep 1985] Reward: 476.88 | Coverage: 65.7% | Eps: 0.529 | Loss: 0.2561
[+00:36:20 | ~00:56:36 left] [Ep 1986] Reward: 516.74 | Coverage: 60.2% | Eps: 0.528 | Loss: 0.2642
[+00:36:21 | ~00:56:35 left] [Ep 1987] Reward: 460.00 | Coverage: 67.6% | Eps: 0.528 | Loss: 0.2556
[+00:36:22 | ~00:56:34 left] [Ep 1988] Reward: 562.33 | Coverage: 67.7% | Eps: 0.528 | Loss: 0.2089
[+00:36:23 | ~00:56:32 left] [Ep 1989] Reward: 422.38 | Coverage: 51.2% | Eps: 0.528 | Loss: 0.2515
[+00:36:24 | ~00:56:31 left] [Ep 1990] Reward: 715.68 | Coverage: 59.2% | Eps: 0.527 | Loss: 0.2659
[+00:36:25 | ~00:56:30 left] [Ep 1991] Reward: 522.85 | Coverage: 52.9% | Eps: 0.527 | Loss: 0.2638
[+00:36:26 | ~00:56:29 left] [Ep 1992] Reward: 312.55 | Coverage: 54.7% | Eps: 0.527 | Loss: 0.2809
[+00:36:27 | ~00:56:28 left] [Ep 1993] Reward: 374.13 | Coverage: 62.1% | Eps: 0.527 | Loss: 0.2613
[+00:36:28 | ~00:56:27 left] [Ep 1994] Reward: 487.82 | Coverage: 60.2% | Eps: 0.526 | Loss: 0.2467
[+00:36:29 | ~00:56:26 left] [Ep 1995] Reward: 316.29 | Coverage: 70.3% | Eps: 0.526 | Loss: 0.2752
[+00:36:30 | ~00:56:25 left] [Ep 1996] Reward: 744.61 | Coverage: 74.1% | Eps: 0.526 | Loss: 0.2310
[+00:36:31 | ~00:56:24 left] [Ep 1997] Reward: 212.31 | Coverage: 63.7% | Eps: 0.526 | Loss: 0.1965
[+00:36:32 | ~00:56:23 left] [Ep 1998] Reward: 541.37 | Coverage: 59.8% | Eps: 0.525 | Loss: 0.2250
[+00:36:34 | ~00:56:22 left] [Ep 1999] Reward: 443.49 | Coverage: 60.1% | Eps: 0.525 | Loss: 0.2014
[+00:36:35 | ~00:56:20 left] [Ep 2000] Reward: 573.81 | Coverage: 61.0% | Eps: 0.525 | Loss: 0.2039

[+00:36:35 | ~00:56:20 left] [Eval] Episode 2000: Reward=573.21, Coverage=57.5%

[+00:36:36 | ~00:56:19 left] [Ep 2001] Reward: 477.77 | Coverage: 64.7% | Eps: 0.525 | Loss: 0.2248
[+00:36:37 | ~00:56:18 left] [Ep 2002] Reward: 695.57 | Coverage: 56.4% | Eps: 0.525 | Loss: 0.1986
[+00:36:38 | ~00:56:17 left] [Ep 2003] Reward: 523.66 | Coverage: 64.8% | Eps: 0.524 | Loss: 0.2177
[+00:36:40 | ~00:56:16 left] [Ep 2004] Reward: 297.83 | Coverage: 59.5% | Eps: 0.524 | Loss: 0.1540
[+00:36:41 | ~00:56:15 left] [Ep 2005] Reward: 338.68 | Coverage: 67.9% | Eps: 0.524 | Loss: 0.2380
[+00:36:42 | ~00:56:13 left] [Ep 2006] Reward: 486.26 | Coverage: 69.8% | Eps: 0.524 | Loss: 0.2293
[+00:36:43 | ~00:56:12 left] [Ep 2007] Reward: 402.52 | Coverage: 72.2% | Eps: 0.523 | Loss: 0.1963
[+00:36:44 | ~00:56:11 left] [Ep 2008] Reward: 469.14 | Coverage: 60.1% | Eps: 0.523 | Loss: 0.2551
[+00:36:45 | ~00:56:10 left] [Ep 2009] Reward: 222.80 | Coverage: 52.5% | Eps: 0.523 | Loss: 0.2660
[+00:36:46 | ~00:56:09 left] [Ep 2010] Reward: 451.82 | Coverage: 50.4% | Eps: 0.523 | Loss: 0.1639
[+00:36:47 | ~00:56:08 left] [Ep 2011] Reward: 379.08 | Coverage: 59.3% | Eps: 0.522 | Loss: 0.1974
[+00:36:48 | ~00:56:07 left] [Ep 2012] Reward: 192.07 | Coverage: 52.1% | Eps: 0.522 | Loss: 0.1969
[+00:36:49 | ~00:56:06 left] [Ep 2013] Reward: 543.88 | Coverage: 50.7% | Eps: 0.522 | Loss: 0.1899
[+00:36:50 | ~00:56:05 left] [Ep 2014] Reward: 457.83 | Coverage: 59.0% | Eps: 0.522 | Loss: 0.2604
[+00:36:51 | ~00:56:04 left] [Ep 2015] Reward: 251.67 | Coverage: 54.9% | Eps: 0.521 | Loss: 0.2192
[+00:36:53 | ~00:56:03 left] [Ep 2016] Reward: 487.83 | Coverage: 65.7% | Eps: 0.521 | Loss: 0.2162
[+00:36:54 | ~00:56:02 left] [Ep 2017] Reward: 465.52 | Coverage: 73.7% | Eps: 0.521 | Loss: 0.1464
[+00:36:55 | ~00:56:01 left] [Ep 2018] Reward: 281.43 | Coverage: 59.8% | Eps: 0.521 | Loss: 0.2517
[+00:36:56 | ~00:55:59 left] [Ep 2019] Reward: 431.95 | Coverage: 63.3% | Eps: 0.520 | Loss: 0.1765
[+00:36:57 | ~00:55:58 left] [Ep 2020] Reward: 435.77 | Coverage: 51.2% | Eps: 0.520 | Loss: 0.2283
[+00:36:58 | ~00:55:57 left] [Ep 2021] Reward: 657.20 | Coverage: 62.5% | Eps: 0.520 | Loss: 0.2367
[+00:36:59 | ~00:55:56 left] [Ep 2022] Reward: 436.59 | Coverage: 56.8% | Eps: 0.520 | Loss: 0.2799
[+00:37:00 | ~00:55:55 left] [Ep 2023] Reward: 346.03 | Coverage: 54.3% | Eps: 0.520 | Loss: 0.1729
[+00:37:01 | ~00:55:54 left] [Ep 2024] Reward: 212.42 | Coverage: 49.4% | Eps: 0.519 | Loss: 0.1042
[+00:37:02 | ~00:55:53 left] [Ep 2025] Reward: 246.19 | Coverage: 71.6% | Eps: 0.519 | Loss: 0.2322
[+00:37:04 | ~00:55:52 left] [Ep 2026] Reward: 522.58 | Coverage: 51.1% | Eps: 0.519 | Loss: 0.2967
[+00:37:05 | ~00:55:51 left] [Ep 2027] Reward: 453.88 | Coverage: 53.7% | Eps: 0.519 | Loss: 0.2740
[+00:37:06 | ~00:55:50 left] [Ep 2028] Reward: 461.31 | Coverage: 61.5% | Eps: 0.518 | Loss: 0.2326
[+00:37:07 | ~00:55:48 left] [Ep 2029] Reward: 381.52 | Coverage: 63.3% | Eps: 0.518 | Loss: 0.2044
[+00:37:08 | ~00:55:47 left] [Ep 2030] Reward: 135.49 | Coverage: 63.3% | Eps: 0.518 | Loss: 0.2562
[+00:37:09 | ~00:55:46 left] [Ep 2031] Reward: 534.93 | Coverage: 62.1% | Eps: 0.518 | Loss: 0.1848
[+00:37:10 | ~00:55:45 left] [Ep 2032] Reward: 327.17 | Coverage: 55.7% | Eps: 0.517 | Loss: 0.2426
[+00:37:11 | ~00:55:44 left] [Ep 2033] Reward: 221.90 | Coverage: 66.4% | Eps: 0.517 | Loss: 0.2436
[+00:37:12 | ~00:55:43 left] [Ep 2034] Reward: 372.53 | Coverage: 62.7% | Eps: 0.517 | Loss: 0.2656
[+00:37:13 | ~00:55:42 left] [Ep 2035] Reward: 405.14 | Coverage: 52.2% | Eps: 0.517 | Loss: 0.3334
[+00:37:14 | ~00:55:41 left] [Ep 2036] Reward: 383.54 | Coverage: 71.8% | Eps: 0.516 | Loss: 0.2386
[+00:37:15 | ~00:55:40 left] [Ep 2037] Reward: 197.65 | Coverage: 59.3% | Eps: 0.516 | Loss: 0.2024
[+00:37:16 | ~00:55:39 left] [Ep 2038] Reward: 315.52 | Coverage: 67.6% | Eps: 0.516 | Loss: 0.2216
[+00:37:17 | ~00:55:38 left] [Ep 2039] Reward: 384.61 | Coverage: 52.2% | Eps: 0.516 | Loss: 0.1517
[+00:37:19 | ~00:55:37 left] [Ep 2040] Reward: 541.15 | Coverage: 53.9% | Eps: 0.516 | Loss: 0.1945
[+00:37:20 | ~00:55:36 left] [Ep 2041] Reward: 488.03 | Coverage: 57.9% | Eps: 0.515 | Loss: 0.2058
[+00:37:21 | ~00:55:34 left] [Ep 2042] Reward: 285.72 | Coverage: 57.2% | Eps: 0.515 | Loss: 0.2011
[+00:37:22 | ~00:55:33 left] [Ep 2043] Reward: 447.35 | Coverage: 68.1% | Eps: 0.515 | Loss: 0.2280
[+00:37:23 | ~00:55:32 left] [Ep 2044] Reward: 399.52 | Coverage: 51.2% | Eps: 0.515 | Loss: 0.1889
[+00:37:24 | ~00:55:31 left] [Ep 2045] Reward: 550.46 | Coverage: 62.7% | Eps: 0.514 | Loss: 0.2665
[+00:37:25 | ~00:55:30 left] [Ep 2046] Reward: 439.69 | Coverage: 55.1% | Eps: 0.514 | Loss: 0.2216
[+00:37:26 | ~00:55:29 left] [Ep 2047] Reward: 502.29 | Coverage: 65.0% | Eps: 0.514 | Loss: 0.2211
[+00:37:27 | ~00:55:28 left] [Ep 2048] Reward: 346.09 | Coverage: 63.0% | Eps: 0.514 | Loss: 0.2082
[+00:37:28 | ~00:55:27 left] [Ep 2049] Reward: 371.61 | Coverage: 58.1% | Eps: 0.513 | Loss: 0.2274
[+00:37:30 | ~00:55:26 left] [Ep 2050] Reward: 125.98 | Coverage: 75.9% | Eps: 0.513 | Loss: 0.2541
[+00:37:31 | ~00:55:25 left] [Ep 2051] Reward: 261.17 | Coverage: 61.4% | Eps: 0.513 | Loss: 0.1864
[+00:37:32 | ~00:55:24 left] [Ep 2052] Reward: 486.01 | Coverage: 68.7% | Eps: 0.513 | Loss: 0.1946
[+00:37:33 | ~00:55:22 left] [Ep 2053] Reward: 175.72 | Coverage: 53.2% | Eps: 0.512 | Loss: 0.2087
[+00:37:34 | ~00:55:21 left] [Ep 2054] Reward: 456.82 | Coverage: 60.9% | Eps: 0.512 | Loss: 0.1670
[+00:37:35 | ~00:55:20 left] [Ep 2055] Reward: 514.81 | Coverage: 62.3% | Eps: 0.512 | Loss: 0.1879
[+00:37:36 | ~00:55:19 left] [Ep 2056] Reward: 419.36 | Coverage: 62.6% | Eps: 0.512 | Loss: 0.2016
[+00:37:37 | ~00:55:18 left] [Ep 2057] Reward: 573.91 | Coverage: 59.6% | Eps: 0.511 | Loss: 0.2555
[+00:37:39 | ~00:55:17 left] [Ep 2058] Reward: 564.73 | Coverage: 56.5% | Eps: 0.511 | Loss: 0.2310
[+00:37:40 | ~00:55:16 left] [Ep 2059] Reward: 501.36 | Coverage: 42.0% | Eps: 0.511 | Loss: 0.2282
[+00:37:41 | ~00:55:15 left] [Ep 2060] Reward: 329.78 | Coverage: 58.2% | Eps: 0.511 | Loss: 0.2544
[+00:37:42 | ~00:55:13 left] [Ep 2061] Reward: 590.40 | Coverage: 55.9% | Eps: 0.511 | Loss: 0.2148
[+00:37:43 | ~00:55:12 left] [Ep 2062] Reward: 488.65 | Coverage: 60.2% | Eps: 0.510 | Loss: 0.2359
[+00:37:44 | ~00:55:11 left] [Ep 2063] Reward: 456.19 | Coverage: 67.3% | Eps: 0.510 | Loss: 0.2161
[+00:37:45 | ~00:55:10 left] [Ep 2064] Reward: 286.80 | Coverage: 76.0% | Eps: 0.510 | Loss: 0.2308
[+00:37:46 | ~00:55:09 left] [Ep 2065] Reward: 329.30 | Coverage: 65.3% | Eps: 0.510 | Loss: 0.1968
[+00:37:47 | ~00:55:08 left] [Ep 2066] Reward: 347.46 | Coverage: 68.4% | Eps: 0.509 | Loss: 0.1226
[+00:37:48 | ~00:55:07 left] [Ep 2067] Reward: 571.98 | Coverage: 65.9% | Eps: 0.509 | Loss: 0.2147
[+00:37:49 | ~00:55:06 left] [Ep 2068] Reward: 471.93 | Coverage: 66.6% | Eps: 0.509 | Loss: 0.2770
[+00:37:50 | ~00:55:05 left] [Ep 2069] Reward: 258.23 | Coverage: 65.7% | Eps: 0.509 | Loss: 0.2571
[+00:37:51 | ~00:55:04 left] [Ep 2070] Reward: 472.82 | Coverage: 60.3% | Eps: 0.508 | Loss: 0.2586
[+00:37:53 | ~00:55:03 left] [Ep 2071] Reward: 480.24 | Coverage: 59.9% | Eps: 0.508 | Loss: 0.2695
[+00:37:54 | ~00:55:02 left] [Ep 2072] Reward: 476.17 | Coverage: 64.1% | Eps: 0.508 | Loss: 0.2236
[+00:37:55 | ~00:55:01 left] [Ep 2073] Reward: 561.00 | Coverage: 73.5% | Eps: 0.508 | Loss: 0.2279
[+00:37:56 | ~00:55:00 left] [Ep 2074] Reward: 420.70 | Coverage: 67.0% | Eps: 0.507 | Loss: 0.1953
[+00:37:57 | ~00:54:58 left] [Ep 2075] Reward: 498.47 | Coverage: 72.3% | Eps: 0.507 | Loss: 0.2074
[+00:37:58 | ~00:54:57 left] [Ep 2076] Reward: 284.55 | Coverage: 53.7% | Eps: 0.507 | Loss: 0.2446
[+00:37:59 | ~00:54:56 left] [Ep 2077] Reward: 651.75 | Coverage: 63.7% | Eps: 0.507 | Loss: 0.2682
[+00:38:00 | ~00:54:55 left] [Ep 2078] Reward: 619.67 | Coverage: 64.6% | Eps: 0.506 | Loss: 0.2145
[+00:38:01 | ~00:54:54 left] [Ep 2079] Reward: 561.16 | Coverage: 65.4% | Eps: 0.506 | Loss: 0.2021
[+00:38:02 | ~00:54:53 left] [Ep 2080] Reward: 180.30 | Coverage: 53.3% | Eps: 0.506 | Loss: 0.2201
[+00:38:03 | ~00:54:52 left] [Ep 2081] Reward: 284.67 | Coverage: 50.3% | Eps: 0.506 | Loss: 0.2442
[+00:38:05 | ~00:54:51 left] [Ep 2082] Reward: 362.49 | Coverage: 48.5% | Eps: 0.506 | Loss: 0.1624
[+00:38:06 | ~00:54:50 left] [Ep 2083] Reward: 514.58 | Coverage: 59.6% | Eps: 0.505 | Loss: 0.1283
[+00:38:07 | ~00:54:49 left] [Ep 2084] Reward: 419.90 | Coverage: 77.1% | Eps: 0.505 | Loss: 0.1982
[+00:38:08 | ~00:54:48 left] [Ep 2085] Reward: 292.50 | Coverage: 63.5% | Eps: 0.505 | Loss: 0.1714
[+00:38:09 | ~00:54:47 left] [Ep 2086] Reward: 401.73 | Coverage: 54.4% | Eps: 0.505 | Loss: 0.2000
[+00:38:10 | ~00:54:45 left] [Ep 2087] Reward: 589.50 | Coverage: 64.3% | Eps: 0.504 | Loss: 0.2145
[+00:38:11 | ~00:54:44 left] [Ep 2088] Reward: 640.19 | Coverage: 60.3% | Eps: 0.504 | Loss: 0.2023
[+00:38:12 | ~00:54:43 left] [Ep 2089] Reward: 460.92 | Coverage: 63.3% | Eps: 0.504 | Loss: 0.2786
[+00:38:13 | ~00:54:42 left] [Ep 2090] Reward: 538.96 | Coverage: 59.3% | Eps: 0.504 | Loss: 0.2336
[+00:38:14 | ~00:54:41 left] [Ep 2091] Reward: 413.43 | Coverage: 53.9% | Eps: 0.503 | Loss: 0.2327
[+00:38:15 | ~00:54:40 left] [Ep 2092] Reward: 550.27 | Coverage: 58.8% | Eps: 0.503 | Loss: 0.2456
[+00:38:16 | ~00:54:39 left] [Ep 2093] Reward: 303.67 | Coverage: 66.8% | Eps: 0.503 | Loss: 0.1752
[+00:38:18 | ~00:54:38 left] [Ep 2094] Reward: 322.51 | Coverage: 64.2% | Eps: 0.503 | Loss: 0.2624
[+00:38:19 | ~00:54:37 left] [Ep 2095] Reward: 365.14 | Coverage: 70.1% | Eps: 0.502 | Loss: 0.2179
[+00:38:20 | ~00:54:35 left] [Ep 2096] Reward: 597.99 | Coverage: 55.4% | Eps: 0.502 | Loss: 0.2479
[+00:38:21 | ~00:54:34 left] [Ep 2097] Reward: 629.92 | Coverage: 69.0% | Eps: 0.502 | Loss: 0.1783
[+00:38:22 | ~00:54:33 left] [Ep 2098] Reward: 665.38 | Coverage: 62.7% | Eps: 0.502 | Loss: 0.1591
[+00:38:23 | ~00:54:32 left] [Ep 2099] Reward: 469.10 | Coverage: 63.6% | Eps: 0.501 | Loss: 0.2541
[+00:38:24 | ~00:54:31 left] [Ep 2100] Reward: 311.96 | Coverage: 70.4% | Eps: 0.501 | Loss: 0.2365

[+00:38:24 | ~00:54:31 left] [Eval] Episode 2100: Reward=309.95, Coverage=71.7%

[+00:38:25 | ~00:54:30 left] [Ep 2101] Reward: 416.01 | Coverage: 61.6% | Eps: 0.501 | Loss: 0.1855
[+00:38:27 | ~00:54:29 left] [Ep 2102] Reward: 479.08 | Coverage: 64.1% | Eps: 0.501 | Loss: 0.1869
[+00:38:28 | ~00:54:28 left] [Ep 2103] Reward: 327.56 | Coverage: 66.5% | Eps: 0.501 | Loss: 0.2668
[+00:38:29 | ~00:54:27 left] [Ep 2104] Reward: 568.56 | Coverage: 66.6% | Eps: 0.500 | Loss: 0.1744
[+00:38:30 | ~00:54:25 left] [Ep 2105] Reward: 520.93 | Coverage: 67.7% | Eps: 0.500 | Loss: 0.2878
[+00:38:31 | ~00:54:24 left] [Ep 2106] Reward: 354.94 | Coverage: 70.8% | Eps: 0.500 | Loss: 0.1862
[+00:38:32 | ~00:54:23 left] [Ep 2107] Reward: 474.76 | Coverage: 65.9% | Eps: 0.500 | Loss: 0.2479
[+00:38:33 | ~00:54:22 left] [Ep 2108] Reward: 645.05 | Coverage: 59.7% | Eps: 0.499 | Loss: 0.2093
[+00:38:34 | ~00:54:21 left] [Ep 2109] Reward: 442.83 | Coverage: 78.2% | Eps: 0.499 | Loss: 0.2467
[+00:38:35 | ~00:54:20 left] [Ep 2110] Reward: 439.02 | Coverage: 62.4% | Eps: 0.499 | Loss: 0.2010
[+00:38:36 | ~00:54:19 left] [Ep 2111] Reward: 298.55 | Coverage: 65.0% | Eps: 0.499 | Loss: 0.2164
[+00:38:37 | ~00:54:18 left] [Ep 2112] Reward: 497.51 | Coverage: 57.9% | Eps: 0.498 | Loss: 0.2247
[+00:38:39 | ~00:54:17 left] [Ep 2113] Reward: 601.28 | Coverage: 48.7% | Eps: 0.498 | Loss: 0.1831
[+00:38:40 | ~00:54:16 left] [Ep 2114] Reward: 197.32 | Coverage: 57.7% | Eps: 0.498 | Loss: 0.2530
[+00:38:41 | ~00:54:15 left] [Ep 2115] Reward: 348.42 | Coverage: 63.1% | Eps: 0.498 | Loss: 0.2030
[+00:38:42 | ~00:54:14 left] [Ep 2116] Reward: 498.12 | Coverage: 66.1% | Eps: 0.497 | Loss: 0.2146
[+00:38:43 | ~00:54:12 left] [Ep 2117] Reward: 465.22 | Coverage: 62.9% | Eps: 0.497 | Loss: 0.1841
[+00:38:44 | ~00:54:11 left] [Ep 2118] Reward: 236.97 | Coverage: 67.8% | Eps: 0.497 | Loss: 0.1216
[+00:38:45 | ~00:54:10 left] [Ep 2119] Reward: 345.13 | Coverage: 69.1% | Eps: 0.497 | Loss: 0.2166
[+00:38:46 | ~00:54:09 left] [Ep 2120] Reward: 590.49 | Coverage: 69.1% | Eps: 0.497 | Loss: 0.3210
[+00:38:47 | ~00:54:08 left] [Ep 2121] Reward: 362.42 | Coverage: 62.8% | Eps: 0.496 | Loss: 0.2560
[+00:38:49 | ~00:54:07 left] [Ep 2122] Reward: 457.80 | Coverage: 63.3% | Eps: 0.496 | Loss: 0.2241
[+00:38:50 | ~00:54:06 left] [Ep 2123] Reward: 628.46 | Coverage: 61.4% | Eps: 0.496 | Loss: 0.2145
[+00:38:51 | ~00:54:04 left] [Ep 2124] Reward: 580.34 | Coverage: 57.2% | Eps: 0.496 | Loss: 0.2261
[+00:38:52 | ~00:54:03 left] [Ep 2125] Reward: 752.51 | Coverage: 71.9% | Eps: 0.495 | Loss: 0.2473
[+00:38:53 | ~00:54:02 left] [Ep 2126] Reward: 355.09 | Coverage: 54.9% | Eps: 0.495 | Loss: 0.1784
[+00:38:54 | ~00:54:01 left] [Ep 2127] Reward: 305.04 | Coverage: 62.4% | Eps: 0.495 | Loss: 0.2704
[+00:38:55 | ~00:54:00 left] [Ep 2128] Reward: 591.91 | Coverage: 64.3% | Eps: 0.495 | Loss: 0.2547
[+00:38:56 | ~00:53:59 left] [Ep 2129] Reward: 213.88 | Coverage: 49.1% | Eps: 0.494 | Loss: 0.2550
[+00:38:57 | ~00:53:58 left] [Ep 2130] Reward: 512.70 | Coverage: 67.6% | Eps: 0.494 | Loss: 0.2441
[+00:38:58 | ~00:53:57 left] [Ep 2131] Reward: 645.03 | Coverage: 60.6% | Eps: 0.494 | Loss: 0.2276
[+00:38:59 | ~00:53:56 left] [Ep 2132] Reward: 365.85 | Coverage: 64.3% | Eps: 0.494 | Loss: 0.2539
[+00:39:01 | ~00:53:55 left] [Ep 2133] Reward: 505.06 | Coverage: 60.7% | Eps: 0.493 | Loss: 0.2509
[+00:39:02 | ~00:53:54 left] [Ep 2134] Reward: 430.09 | Coverage: 53.1% | Eps: 0.493 | Loss: 0.2133
[+00:39:03 | ~00:53:52 left] [Ep 2135] Reward: 723.10 | Coverage: 64.1% | Eps: 0.493 | Loss: 0.2048
[+00:39:04 | ~00:53:51 left] [Ep 2136] Reward: 555.19 | Coverage: 63.6% | Eps: 0.493 | Loss: 0.2320
[+00:39:05 | ~00:53:50 left] [Ep 2137] Reward: 510.29 | Coverage: 69.3% | Eps: 0.492 | Loss: 0.2902
[+00:39:06 | ~00:53:49 left] [Ep 2138] Reward: 485.38 | Coverage: 66.0% | Eps: 0.492 | Loss: 0.1789
[+00:39:07 | ~00:53:48 left] [Ep 2139] Reward: 380.75 | Coverage: 52.2% | Eps: 0.492 | Loss: 0.1700
[+00:39:08 | ~00:53:47 left] [Ep 2140] Reward: 514.44 | Coverage: 70.0% | Eps: 0.492 | Loss: 0.2356
[+00:39:10 | ~00:53:46 left] [Ep 2141] Reward: 562.54 | Coverage: 68.0% | Eps: 0.492 | Loss: 0.2313
[+00:39:11 | ~00:53:45 left] [Ep 2142] Reward: 606.35 | Coverage: 67.9% | Eps: 0.491 | Loss: 0.2365
[+00:39:12 | ~00:53:43 left] [Ep 2143] Reward: 345.13 | Coverage: 66.1% | Eps: 0.491 | Loss: 0.2396
[+00:39:13 | ~00:53:42 left] [Ep 2144] Reward: 423.48 | Coverage: 58.5% | Eps: 0.491 | Loss: 0.2211
[+00:39:14 | ~00:53:41 left] [Ep 2145] Reward: 837.01 | Coverage: 66.4% | Eps: 0.491 | Loss: 0.2899
[+00:39:15 | ~00:53:40 left] [Ep 2146] Reward: 392.19 | Coverage: 60.7% | Eps: 0.490 | Loss: 0.1666
[+00:39:16 | ~00:53:39 left] [Ep 2147] Reward: 429.07 | Coverage: 78.5% | Eps: 0.490 | Loss: 0.1978
[+00:39:17 | ~00:53:38 left] [Ep 2148] Reward: 596.64 | Coverage: 61.5% | Eps: 0.490 | Loss: 0.2271
[+00:39:18 | ~00:53:37 left] [Ep 2149] Reward: 455.73 | Coverage: 55.9% | Eps: 0.490 | Loss: 0.1658
[+00:39:19 | ~00:53:36 left] [Ep 2150] Reward: 441.57 | Coverage: 60.8% | Eps: 0.489 | Loss: 0.2248
[+00:39:20 | ~00:53:35 left] [Ep 2151] Reward: 388.58 | Coverage: 72.2% | Eps: 0.489 | Loss: 0.2986
[+00:39:22 | ~00:53:34 left] [Ep 2152] Reward: 479.26 | Coverage: 59.4% | Eps: 0.489 | Loss: 0.2332
[+00:39:23 | ~00:53:33 left] [Ep 2153] Reward: 270.98 | Coverage: 47.4% | Eps: 0.489 | Loss: 0.2419
[+00:39:24 | ~00:53:32 left] [Ep 2154] Reward: 701.41 | Coverage: 72.4% | Eps: 0.488 | Loss: 0.1826
[+00:39:25 | ~00:53:30 left] [Ep 2155] Reward: 244.20 | Coverage: 65.1% | Eps: 0.488 | Loss: 0.2087
[+00:39:26 | ~00:53:29 left] [Ep 2156] Reward: 206.96 | Coverage: 59.9% | Eps: 0.488 | Loss: 0.2186
[+00:39:27 | ~00:53:28 left] [Ep 2157] Reward: 445.41 | Coverage: 67.6% | Eps: 0.488 | Loss: 0.2213
[+00:39:28 | ~00:53:27 left] [Ep 2158] Reward: 620.92 | Coverage: 57.2% | Eps: 0.487 | Loss: 0.2856
[+00:39:29 | ~00:53:26 left] [Ep 2159] Reward: 416.53 | Coverage: 55.6% | Eps: 0.487 | Loss: 0.2569
[+00:39:31 | ~00:53:25 left] [Ep 2160] Reward: 232.27 | Coverage: 69.2% | Eps: 0.487 | Loss: 0.1905
[+00:39:32 | ~00:53:24 left] [Ep 2161] Reward: 404.38 | Coverage: 59.8% | Eps: 0.487 | Loss: 0.2451
[+00:39:33 | ~00:53:23 left] [Ep 2162] Reward: 326.81 | Coverage: 66.5% | Eps: 0.487 | Loss: 0.2555
[+00:39:34 | ~00:53:21 left] [Ep 2163] Reward: 402.20 | Coverage: 63.2% | Eps: 0.486 | Loss: 0.2816
[+00:39:35 | ~00:53:20 left] [Ep 2164] Reward: 590.59 | Coverage: 68.5% | Eps: 0.486 | Loss: 0.2995
[+00:39:36 | ~00:53:19 left] [Ep 2165] Reward: 469.46 | Coverage: 63.8% | Eps: 0.486 | Loss: 0.1960
[+00:39:37 | ~00:53:18 left] [Ep 2166] Reward: 310.04 | Coverage: 50.0% | Eps: 0.486 | Loss: 0.2045
[+00:39:38 | ~00:53:17 left] [Ep 2167] Reward: 483.30 | Coverage: 67.5% | Eps: 0.485 | Loss: 0.1870
[+00:39:39 | ~00:53:16 left] [Ep 2168] Reward: 418.37 | Coverage: 60.1% | Eps: 0.485 | Loss: 0.2283
[+00:39:40 | ~00:53:15 left] [Ep 2169] Reward: 382.99 | Coverage: 68.8% | Eps: 0.485 | Loss: 0.2567
[+00:39:41 | ~00:53:14 left] [Ep 2170] Reward: 570.59 | Coverage: 63.9% | Eps: 0.485 | Loss: 0.2779
[+00:39:42 | ~00:53:13 left] [Ep 2171] Reward: 190.81 | Coverage: 72.3% | Eps: 0.484 | Loss: 0.2357
[+00:39:44 | ~00:53:12 left] [Ep 2172] Reward: 767.28 | Coverage: 61.2% | Eps: 0.484 | Loss: 0.2263
[+00:39:45 | ~00:53:11 left] [Ep 2173] Reward: 491.07 | Coverage: 50.0% | Eps: 0.484 | Loss: 0.2456
[+00:39:46 | ~00:53:10 left] [Ep 2174] Reward: 552.47 | Coverage: 61.1% | Eps: 0.484 | Loss: 0.2065
[+00:39:47 | ~00:53:09 left] [Ep 2175] Reward: 476.80 | Coverage: 66.5% | Eps: 0.483 | Loss: 0.3238
[+00:39:48 | ~00:53:08 left] [Ep 2176] Reward: 627.31 | Coverage: 61.0% | Eps: 0.483 | Loss: 0.1763
[+00:39:49 | ~00:53:07 left] [Ep 2177] Reward: 208.71 | Coverage: 60.2% | Eps: 0.483 | Loss: 0.2484
[+00:39:50 | ~00:53:05 left] [Ep 2178] Reward: 405.42 | Coverage: 72.6% | Eps: 0.483 | Loss: 0.3223
[+00:39:51 | ~00:53:04 left] [Ep 2179] Reward: 350.99 | Coverage: 62.2% | Eps: 0.482 | Loss: 0.2420
[+00:39:52 | ~00:53:03 left] [Ep 2180] Reward: 680.53 | Coverage: 70.0% | Eps: 0.482 | Loss: 0.2345
[+00:39:54 | ~00:53:02 left] [Ep 2181] Reward: 498.45 | Coverage: 64.2% | Eps: 0.482 | Loss: 0.2282
[+00:39:55 | ~00:53:01 left] [Ep 2182] Reward: 534.22 | Coverage: 54.0% | Eps: 0.482 | Loss: 0.2357
[+00:39:56 | ~00:53:00 left] [Ep 2183] Reward: 619.70 | Coverage: 57.2% | Eps: 0.482 | Loss: 0.2982
[+00:39:57 | ~00:52:58 left] [Ep 2184] Reward: 588.00 | Coverage: 61.2% | Eps: 0.481 | Loss: 0.1552
[+00:39:58 | ~00:52:57 left] [Ep 2185] Reward: 401.57 | Coverage: 65.2% | Eps: 0.481 | Loss: 0.3054
[+00:39:59 | ~00:52:56 left] [Ep 2186] Reward: 302.85 | Coverage: 58.1% | Eps: 0.481 | Loss: 0.1876
[+00:40:00 | ~00:52:55 left] [Ep 2187] Reward: 363.27 | Coverage: 54.2% | Eps: 0.481 | Loss: 0.2342
[+00:40:02 | ~00:52:54 left] [Ep 2188] Reward: 259.59 | Coverage: 56.8% | Eps: 0.480 | Loss: 0.2282
[+00:40:03 | ~00:52:52 left] [Ep 2189] Reward: 354.58 | Coverage: 59.9% | Eps: 0.480 | Loss: 0.2693
[+00:40:04 | ~00:52:51 left] [Ep 2190] Reward: 438.76 | Coverage: 57.6% | Eps: 0.480 | Loss: 0.1822
[+00:40:05 | ~00:52:50 left] [Ep 2191] Reward: 621.87 | Coverage: 59.5% | Eps: 0.480 | Loss: 0.2650
[+00:40:06 | ~00:52:49 left] [Ep 2192] Reward: 425.34 | Coverage: 75.2% | Eps: 0.479 | Loss: 0.3279
[+00:40:07 | ~00:52:48 left] [Ep 2193] Reward: 464.19 | Coverage: 65.1% | Eps: 0.479 | Loss: 0.1929
[+00:40:08 | ~00:52:47 left] [Ep 2194] Reward: 213.20 | Coverage: 58.1% | Eps: 0.479 | Loss: 0.2554
[+00:40:09 | ~00:52:46 left] [Ep 2195] Reward: 415.86 | Coverage: 63.2% | Eps: 0.479 | Loss: 0.2218
[+00:40:10 | ~00:52:45 left] [Ep 2196] Reward: 317.38 | Coverage: 73.4% | Eps: 0.478 | Loss: 0.2657
[+00:40:11 | ~00:52:44 left] [Ep 2197] Reward: 472.80 | Coverage: 67.5% | Eps: 0.478 | Loss: 0.2499
[+00:40:13 | ~00:52:43 left] [Ep 2198] Reward: 492.22 | Coverage: 62.7% | Eps: 0.478 | Loss: 0.2239
[+00:40:14 | ~00:52:42 left] [Ep 2199] Reward: 416.76 | Coverage: 54.6% | Eps: 0.478 | Loss: 0.2695
[+00:40:15 | ~00:52:40 left] [Ep 2200] Reward: 496.12 | Coverage: 52.5% | Eps: 0.478 | Loss: 0.3226

[+00:40:15 | ~00:52:40 left] [Eval] Episode 2200: Reward=521.22, Coverage=51.0%

[+00:40:16 | ~00:52:39 left] [Ep 2201] Reward: 448.96 | Coverage: 61.1% | Eps: 0.477 | Loss: 0.2432
[+00:40:17 | ~00:52:38 left] [Ep 2202] Reward: 357.69 | Coverage: 62.7% | Eps: 0.477 | Loss: 0.2800
[+00:40:18 | ~00:52:37 left] [Ep 2203] Reward: 443.23 | Coverage: 52.9% | Eps: 0.477 | Loss: 0.2000
[+00:40:19 | ~00:52:36 left] [Ep 2204] Reward: 508.49 | Coverage: 54.8% | Eps: 0.477 | Loss: 0.2139
[+00:40:20 | ~00:52:35 left] [Ep 2205] Reward: 521.20 | Coverage: 63.1% | Eps: 0.476 | Loss: 0.2715
[+00:40:21 | ~00:52:34 left] [Ep 2206] Reward: 703.75 | Coverage: 49.2% | Eps: 0.476 | Loss: 0.3124
[+00:40:23 | ~00:52:33 left] [Ep 2207] Reward: 492.24 | Coverage: 52.3% | Eps: 0.476 | Loss: 0.2677
[+00:40:24 | ~00:52:31 left] [Ep 2208] Reward: 405.24 | Coverage: 63.0% | Eps: 0.476 | Loss: 0.2414
[+00:40:25 | ~00:52:30 left] [Ep 2209] Reward: 537.85 | Coverage: 67.0% | Eps: 0.475 | Loss: 0.2543
[+00:40:26 | ~00:52:29 left] [Ep 2210] Reward: 463.23 | Coverage: 65.4% | Eps: 0.475 | Loss: 0.2048
[+00:40:27 | ~00:52:28 left] [Ep 2211] Reward: 895.39 | Coverage: 69.8% | Eps: 0.475 | Loss: 0.2795
[+00:40:28 | ~00:52:27 left] [Ep 2212] Reward: 596.91 | Coverage: 73.5% | Eps: 0.475 | Loss: 0.2910
[+00:40:30 | ~00:52:26 left] [Ep 2213] Reward: 431.86 | Coverage: 69.1% | Eps: 0.474 | Loss: 0.2381
[+00:40:31 | ~00:52:25 left] [Ep 2214] Reward: 352.83 | Coverage: 61.7% | Eps: 0.474 | Loss: 0.2379
[+00:40:32 | ~00:52:24 left] [Ep 2215] Reward: 494.09 | Coverage: 77.1% | Eps: 0.474 | Loss: 0.2678
[+00:40:33 | ~00:52:23 left] [Ep 2216] Reward: 496.13 | Coverage: 74.2% | Eps: 0.474 | Loss: 0.2401
[+00:40:34 | ~00:52:22 left] [Ep 2217] Reward: 471.96 | Coverage: 69.5% | Eps: 0.473 | Loss: 0.2554
[+00:40:35 | ~00:52:21 left] [Ep 2218] Reward: 411.78 | Coverage: 58.3% | Eps: 0.473 | Loss: 0.3425
[+00:40:36 | ~00:52:20 left] [Ep 2219] Reward: 601.02 | Coverage: 66.0% | Eps: 0.473 | Loss: 0.2491
[+00:40:37 | ~00:52:18 left] [Ep 2220] Reward: 255.71 | Coverage: 50.1% | Eps: 0.473 | Loss: 0.2451
[+00:40:38 | ~00:52:17 left] [Ep 2221] Reward: 622.40 | Coverage: 61.4% | Eps: 0.473 | Loss: 0.2340
[+00:40:39 | ~00:52:16 left] [Ep 2222] Reward: 510.78 | Coverage: 47.6% | Eps: 0.472 | Loss: 0.2902
[+00:40:40 | ~00:52:15 left] [Ep 2223] Reward: 496.16 | Coverage: 60.8% | Eps: 0.472 | Loss: 0.2536
[+00:40:41 | ~00:52:14 left] [Ep 2224] Reward: 369.49 | Coverage: 70.1% | Eps: 0.472 | Loss: 0.2354
[+00:40:42 | ~00:52:13 left] [Ep 2225] Reward: 766.21 | Coverage: 63.6% | Eps: 0.472 | Loss: 0.3147
[+00:40:43 | ~00:52:12 left] [Ep 2226] Reward: 417.84 | Coverage: 73.9% | Eps: 0.471 | Loss: 0.3191
[+00:40:44 | ~00:52:11 left] [Ep 2227] Reward: 433.16 | Coverage: 63.5% | Eps: 0.471 | Loss: 0.2388
[+00:40:45 | ~00:52:10 left] [Ep 2228] Reward: 266.06 | Coverage: 64.2% | Eps: 0.471 | Loss: 0.1886
[+00:40:47 | ~00:52:09 left] [Ep 2229] Reward: 408.76 | Coverage: 61.6% | Eps: 0.471 | Loss: 0.3040
[+00:40:48 | ~00:52:08 left] [Ep 2230] Reward: 387.15 | Coverage: 67.0% | Eps: 0.470 | Loss: 0.2368
[+00:40:49 | ~00:52:07 left] [Ep 2231] Reward: 389.53 | Coverage: 63.4% | Eps: 0.470 | Loss: 0.2963
[+00:40:50 | ~00:52:06 left] [Ep 2232] Reward: 481.49 | Coverage: 71.3% | Eps: 0.470 | Loss: 0.1864
[+00:40:51 | ~00:52:04 left] [Ep 2233] Reward: 257.01 | Coverage: 73.9% | Eps: 0.470 | Loss: 0.3014
[+00:40:52 | ~00:52:03 left] [Ep 2234] Reward: 422.56 | Coverage: 66.0% | Eps: 0.469 | Loss: 0.2177
[+00:40:53 | ~00:52:02 left] [Ep 2235] Reward: 413.90 | Coverage: 56.4% | Eps: 0.469 | Loss: 0.2959
[+00:40:54 | ~00:52:01 left] [Ep 2236] Reward: 465.77 | Coverage: 67.2% | Eps: 0.469 | Loss: 0.2677
[+00:40:55 | ~00:52:00 left] [Ep 2237] Reward: 310.32 | Coverage: 72.3% | Eps: 0.469 | Loss: 0.2295
[+00:40:56 | ~00:51:59 left] [Ep 2238] Reward: 273.41 | Coverage: 67.8% | Eps: 0.468 | Loss: 0.2518
[+00:40:57 | ~00:51:58 left] [Ep 2239] Reward: 489.94 | Coverage: 65.6% | Eps: 0.468 | Loss: 0.2960
[+00:40:58 | ~00:51:57 left] [Ep 2240] Reward: 692.95 | Coverage: 69.7% | Eps: 0.468 | Loss: 0.2733
[+00:40:59 | ~00:51:56 left] [Ep 2241] Reward: 613.53 | Coverage: 72.1% | Eps: 0.468 | Loss: 0.2930
[+00:41:00 | ~00:51:55 left] [Ep 2242] Reward: 568.60 | Coverage: 47.0% | Eps: 0.468 | Loss: 0.3491
[+00:41:02 | ~00:51:54 left] [Ep 2243] Reward: 521.50 | Coverage: 73.4% | Eps: 0.467 | Loss: 0.2080
[+00:41:03 | ~00:51:53 left] [Ep 2244] Reward: 318.53 | Coverage: 68.7% | Eps: 0.467 | Loss: 0.3357
[+00:41:04 | ~00:51:52 left] [Ep 2245] Reward: 358.34 | Coverage: 66.8% | Eps: 0.467 | Loss: 0.2757
[+00:41:05 | ~00:51:50 left] [Ep 2246] Reward: 406.72 | Coverage: 60.2% | Eps: 0.467 | Loss: 0.2361
[+00:41:06 | ~00:51:49 left] [Ep 2247] Reward: 238.39 | Coverage: 65.2% | Eps: 0.466 | Loss: 0.2193
[+00:41:07 | ~00:51:48 left] [Ep 2248] Reward: 531.57 | Coverage: 67.6% | Eps: 0.466 | Loss: 0.2655
[+00:41:08 | ~00:51:47 left] [Ep 2249] Reward: 451.64 | Coverage: 54.3% | Eps: 0.466 | Loss: 0.3104
[+00:41:09 | ~00:51:46 left] [Ep 2250] Reward: 501.86 | Coverage: 68.6% | Eps: 0.466 | Loss: 0.2689
[+00:41:10 | ~00:51:45 left] [Ep 2251] Reward: 354.86 | Coverage: 64.2% | Eps: 0.465 | Loss: 0.3350
[+00:41:12 | ~00:51:44 left] [Ep 2252] Reward: 290.59 | Coverage: 73.2% | Eps: 0.465 | Loss: 0.2170
[+00:41:13 | ~00:51:43 left] [Ep 2253] Reward: 352.71 | Coverage: 68.1% | Eps: 0.465 | Loss: 0.2750
[+00:41:14 | ~00:51:42 left] [Ep 2254] Reward: 401.17 | Coverage: 62.7% | Eps: 0.465 | Loss: 0.2259
[+00:41:15 | ~00:51:41 left] [Ep 2255] Reward: 217.26 | Coverage: 64.2% | Eps: 0.464 | Loss: 0.2911
[+00:41:16 | ~00:51:39 left] [Ep 2256] Reward: 632.47 | Coverage: 67.9% | Eps: 0.464 | Loss: 0.3125
[+00:41:17 | ~00:51:38 left] [Ep 2257] Reward: 392.59 | Coverage: 64.8% | Eps: 0.464 | Loss: 0.2607
[+00:41:19 | ~00:51:37 left] [Ep 2258] Reward: 424.40 | Coverage: 67.3% | Eps: 0.464 | Loss: 0.1739
[+00:41:20 | ~00:51:36 left] [Ep 2259] Reward: 600.72 | Coverage: 59.3% | Eps: 0.463 | Loss: 0.2865
[+00:41:21 | ~00:51:34 left] [Ep 2260] Reward: 430.74 | Coverage: 55.8% | Eps: 0.463 | Loss: 0.2965
[+00:41:22 | ~00:51:33 left] [Ep 2261] Reward: 714.78 | Coverage: 60.2% | Eps: 0.463 | Loss: 0.2957
[+00:41:23 | ~00:51:32 left] [Ep 2262] Reward: 479.43 | Coverage: 54.7% | Eps: 0.463 | Loss: 0.3295
[+00:41:24 | ~00:51:31 left] [Ep 2263] Reward: 200.93 | Coverage: 58.9% | Eps: 0.463 | Loss: 0.2377
[+00:41:25 | ~00:51:30 left] [Ep 2264] Reward: 491.32 | Coverage: 66.1% | Eps: 0.462 | Loss: 0.3082
[+00:41:26 | ~00:51:29 left] [Ep 2265] Reward: 476.06 | Coverage: 53.4% | Eps: 0.462 | Loss: 0.3292
[+00:41:27 | ~00:51:28 left] [Ep 2266] Reward: 543.50 | Coverage: 56.0% | Eps: 0.462 | Loss: 0.2109
[+00:41:29 | ~00:51:27 left] [Ep 2267] Reward: 317.79 | Coverage: 68.6% | Eps: 0.462 | Loss: 0.2953
[+00:41:30 | ~00:51:26 left] [Ep 2268] Reward: 389.31 | Coverage: 60.5% | Eps: 0.461 | Loss: 0.2629
[+00:41:31 | ~00:51:25 left] [Ep 2269] Reward: 323.51 | Coverage: 63.8% | Eps: 0.461 | Loss: 0.2803
[+00:41:32 | ~00:51:23 left] [Ep 2270] Reward: 451.53 | Coverage: 56.0% | Eps: 0.461 | Loss: 0.2979
[+00:41:33 | ~00:51:22 left] [Ep 2271] Reward: 284.34 | Coverage: 57.2% | Eps: 0.461 | Loss: 0.2650
[+00:41:34 | ~00:51:21 left] [Ep 2272] Reward: 323.14 | Coverage: 62.0% | Eps: 0.460 | Loss: 0.2580
[+00:41:35 | ~00:51:20 left] [Ep 2273] Reward: 464.61 | Coverage: 74.3% | Eps: 0.460 | Loss: 0.2869
[+00:41:36 | ~00:51:19 left] [Ep 2274] Reward: 696.60 | Coverage: 66.8% | Eps: 0.460 | Loss: 0.2425
[+00:41:37 | ~00:51:18 left] [Ep 2275] Reward: 197.46 | Coverage: 53.2% | Eps: 0.460 | Loss: 0.2431
[+00:41:38 | ~00:51:17 left] [Ep 2276] Reward: 302.68 | Coverage: 66.8% | Eps: 0.459 | Loss: 0.3142
[+00:41:39 | ~00:51:16 left] [Ep 2277] Reward: 481.71 | Coverage: 69.8% | Eps: 0.459 | Loss: 0.2416
[+00:41:40 | ~00:51:15 left] [Ep 2278] Reward: 691.82 | Coverage: 68.4% | Eps: 0.459 | Loss: 0.3147
[+00:41:41 | ~00:51:14 left] [Ep 2279] Reward: 631.23 | Coverage: 56.1% | Eps: 0.459 | Loss: 0.3070
[+00:41:43 | ~00:51:13 left] [Ep 2280] Reward: 257.32 | Coverage: 63.5% | Eps: 0.459 | Loss: 0.2200
[+00:41:44 | ~00:51:11 left] [Ep 2281] Reward: 517.82 | Coverage: 77.5% | Eps: 0.458 | Loss: 0.2624
[+00:41:45 | ~00:51:10 left] [Ep 2282] Reward: 333.84 | Coverage: 58.0% | Eps: 0.458 | Loss: 0.3377
[+00:41:46 | ~00:51:09 left] [Ep 2283] Reward: 371.40 | Coverage: 66.1% | Eps: 0.458 | Loss: 0.2512
[+00:41:47 | ~00:51:08 left] [Ep 2284] Reward: 748.84 | Coverage: 59.2% | Eps: 0.458 | Loss: 0.2724
[+00:41:48 | ~00:51:07 left] [Ep 2285] Reward: 342.99 | Coverage: 55.8% | Eps: 0.457 | Loss: 0.3099
[+00:41:49 | ~00:51:06 left] [Ep 2286] Reward: 528.26 | Coverage: 61.2% | Eps: 0.457 | Loss: 0.3233
[+00:41:51 | ~00:51:05 left] [Ep 2287] Reward: 456.98 | Coverage: 70.6% | Eps: 0.457 | Loss: 0.2824
[+00:41:52 | ~00:51:04 left] [Ep 2288] Reward: 404.10 | Coverage: 71.4% | Eps: 0.457 | Loss: 0.2690
[+00:41:53 | ~00:51:03 left] [Ep 2289] Reward: 550.31 | Coverage: 58.3% | Eps: 0.456 | Loss: 0.3503
[+00:41:54 | ~00:51:01 left] [Ep 2290] Reward: 486.56 | Coverage: 61.0% | Eps: 0.456 | Loss: 0.3635
[+00:41:55 | ~00:51:00 left] [Ep 2291] Reward: 543.09 | Coverage: 58.3% | Eps: 0.456 | Loss: 0.3335
[+00:41:56 | ~00:50:59 left] [Ep 2292] Reward: 402.72 | Coverage: 50.7% | Eps: 0.456 | Loss: 0.2983
[+00:41:57 | ~00:50:58 left] [Ep 2293] Reward: 629.10 | Coverage: 67.9% | Eps: 0.455 | Loss: 0.2630
[+00:41:58 | ~00:50:57 left] [Ep 2294] Reward: 466.01 | Coverage: 74.0% | Eps: 0.455 | Loss: 0.2626
[+00:41:59 | ~00:50:56 left] [Ep 2295] Reward: 479.69 | Coverage: 73.6% | Eps: 0.455 | Loss: 0.3172
[+00:42:01 | ~00:50:55 left] [Ep 2296] Reward: 410.66 | Coverage: 61.1% | Eps: 0.455 | Loss: 0.3135
[+00:42:02 | ~00:50:54 left] [Ep 2297] Reward: 220.37 | Coverage: 72.5% | Eps: 0.454 | Loss: 0.3533
[+00:42:03 | ~00:50:53 left] [Ep 2298] Reward: 369.17 | Coverage: 71.0% | Eps: 0.454 | Loss: 0.3238
[+00:42:04 | ~00:50:52 left] [Ep 2299] Reward: 403.08 | Coverage: 61.9% | Eps: 0.454 | Loss: 0.2381
[+00:42:05 | ~00:50:50 left] [Ep 2300] Reward: 399.86 | Coverage: 64.0% | Eps: 0.454 | Loss: 0.3408

[+00:42:05 | ~00:50:50 left] [Eval] Episode 2300: Reward=376.12, Coverage=66.1%

[+00:42:06 | ~00:50:49 left] [Ep 2301] Reward: 428.72 | Coverage: 61.7% | Eps: 0.454 | Loss: 0.2593
[+00:42:07 | ~00:50:48 left] [Ep 2302] Reward: 326.06 | Coverage: 65.6% | Eps: 0.453 | Loss: 0.2843
[+00:42:08 | ~00:50:47 left] [Ep 2303] Reward: 601.22 | Coverage: 75.7% | Eps: 0.453 | Loss: 0.3101
[+00:42:10 | ~00:50:46 left] [Ep 2304] Reward: 715.48 | Coverage: 58.2% | Eps: 0.453 | Loss: 0.3804
[+00:42:11 | ~00:50:45 left] [Ep 2305] Reward: 637.81 | Coverage: 56.5% | Eps: 0.453 | Loss: 0.4255
[+00:42:12 | ~00:50:43 left] [Ep 2306] Reward: 490.92 | Coverage: 69.7% | Eps: 0.452 | Loss: 0.3258
[+00:42:13 | ~00:50:42 left] [Ep 2307] Reward: 276.67 | Coverage: 64.5% | Eps: 0.452 | Loss: 0.2947
[+00:42:14 | ~00:50:41 left] [Ep 2308] Reward: 466.60 | Coverage: 52.0% | Eps: 0.452 | Loss: 0.3238
[+00:42:15 | ~00:50:40 left] [Ep 2309] Reward: 459.60 | Coverage: 57.7% | Eps: 0.452 | Loss: 0.3384
[+00:42:16 | ~00:50:39 left] [Ep 2310] Reward: 591.83 | Coverage: 58.9% | Eps: 0.451 | Loss: 0.2906
[+00:42:17 | ~00:50:38 left] [Ep 2311] Reward: 530.48 | Coverage: 60.3% | Eps: 0.451 | Loss: 0.3757
[+00:42:18 | ~00:50:37 left] [Ep 2312] Reward: 837.44 | Coverage: 66.2% | Eps: 0.451 | Loss: 0.3135
[+00:42:19 | ~00:50:36 left] [Ep 2313] Reward: 411.69 | Coverage: 70.5% | Eps: 0.451 | Loss: 0.3247
[+00:42:21 | ~00:50:35 left] [Ep 2314] Reward: 589.78 | Coverage: 63.2% | Eps: 0.450 | Loss: 0.3319
[+00:42:22 | ~00:50:34 left] [Ep 2315] Reward: 490.10 | Coverage: 65.2% | Eps: 0.450 | Loss: 0.3225
[+00:42:23 | ~00:50:32 left] [Ep 2316] Reward: 369.10 | Coverage: 59.4% | Eps: 0.450 | Loss: 0.3397
[+00:42:24 | ~00:50:31 left] [Ep 2317] Reward: 279.62 | Coverage: 70.7% | Eps: 0.450 | Loss: 0.2819
[+00:42:25 | ~00:50:30 left] [Ep 2318] Reward: 497.45 | Coverage: 72.8% | Eps: 0.449 | Loss: 0.2847
[+00:42:26 | ~00:50:29 left] [Ep 2319] Reward: 455.90 | Coverage: 62.5% | Eps: 0.449 | Loss: 0.2635
[+00:42:27 | ~00:50:28 left] [Ep 2320] Reward: 340.74 | Coverage: 59.5% | Eps: 0.449 | Loss: 0.3255
[+00:42:28 | ~00:50:27 left] [Ep 2321] Reward: 581.89 | Coverage: 77.5% | Eps: 0.449 | Loss: 0.3395
[+00:42:29 | ~00:50:26 left] [Ep 2322] Reward: 391.33 | Coverage: 70.2% | Eps: 0.449 | Loss: 0.3271
[+00:42:31 | ~00:50:25 left] [Ep 2323] Reward: 589.60 | Coverage: 58.5% | Eps: 0.448 | Loss: 0.3762
[+00:42:32 | ~00:50:24 left] [Ep 2324] Reward: 434.49 | Coverage: 53.4% | Eps: 0.448 | Loss: 0.3094
[+00:42:33 | ~00:50:22 left] [Ep 2325] Reward: 339.81 | Coverage: 62.4% | Eps: 0.448 | Loss: 0.3368
[+00:42:34 | ~00:50:21 left] [Ep 2326] Reward: 523.25 | Coverage: 72.0% | Eps: 0.448 | Loss: 0.2669
[+00:42:35 | ~00:50:20 left] [Ep 2327] Reward: 361.50 | Coverage: 60.8% | Eps: 0.447 | Loss: 0.2955
[+00:42:36 | ~00:50:19 left] [Ep 2328] Reward: 344.12 | Coverage: 62.7% | Eps: 0.447 | Loss: 0.3392
[+00:42:37 | ~00:50:18 left] [Ep 2329] Reward: 688.07 | Coverage: 61.1% | Eps: 0.447 | Loss: 0.3458
[+00:42:38 | ~00:50:17 left] [Ep 2330] Reward: 529.14 | Coverage: 68.5% | Eps: 0.447 | Loss: 0.3005
[+00:42:40 | ~00:50:16 left] [Ep 2331] Reward: 331.64 | Coverage: 73.2% | Eps: 0.446 | Loss: 0.3098
[+00:42:41 | ~00:50:15 left] [Ep 2332] Reward: 411.14 | Coverage: 56.3% | Eps: 0.446 | Loss: 0.2524
[+00:42:42 | ~00:50:14 left] [Ep 2333] Reward: 384.75 | Coverage: 62.5% | Eps: 0.446 | Loss: 0.2992
[+00:42:43 | ~00:50:13 left] [Ep 2334] Reward: 534.95 | Coverage: 63.1% | Eps: 0.446 | Loss: 0.3495
[+00:42:44 | ~00:50:11 left] [Ep 2335] Reward: 296.34 | Coverage: 60.4% | Eps: 0.445 | Loss: 0.3373
[+00:42:45 | ~00:50:10 left] [Ep 2336] Reward: 386.89 | Coverage: 56.7% | Eps: 0.445 | Loss: 0.3347
[+00:42:46 | ~00:50:09 left] [Ep 2337] Reward: 553.32 | Coverage: 69.6% | Eps: 0.445 | Loss: 0.3171
[+00:42:47 | ~00:50:08 left] [Ep 2338] Reward: 327.63 | Coverage: 65.4% | Eps: 0.445 | Loss: 0.3158
[+00:42:48 | ~00:50:07 left] [Ep 2339] Reward: 430.94 | Coverage: 69.0% | Eps: 0.444 | Loss: 0.2895
[+00:42:50 | ~00:50:06 left] [Ep 2340] Reward: 414.60 | Coverage: 74.1% | Eps: 0.444 | Loss: 0.3443
[+00:42:51 | ~00:50:05 left] [Ep 2341] Reward: 407.66 | Coverage: 62.0% | Eps: 0.444 | Loss: 0.3336
[+00:42:52 | ~00:50:04 left] [Ep 2342] Reward: 478.62 | Coverage: 67.9% | Eps: 0.444 | Loss: 0.3368
[+00:42:53 | ~00:50:02 left] [Ep 2343] Reward: 474.49 | Coverage: 61.8% | Eps: 0.444 | Loss: 0.2965
[+00:42:54 | ~00:50:01 left] [Ep 2344] Reward: 263.40 | Coverage: 63.8% | Eps: 0.443 | Loss: 0.2318
[+00:42:55 | ~00:50:00 left] [Ep 2345] Reward: 391.28 | Coverage: 66.5% | Eps: 0.443 | Loss: 0.3622
[+00:42:56 | ~00:49:59 left] [Ep 2346] Reward: 504.95 | Coverage: 63.4% | Eps: 0.443 | Loss: 0.2995
[+00:42:57 | ~00:49:58 left] [Ep 2347] Reward: 256.36 | Coverage: 54.7% | Eps: 0.443 | Loss: 0.2845
[+00:42:58 | ~00:49:57 left] [Ep 2348] Reward: 434.66 | Coverage: 74.1% | Eps: 0.442 | Loss: 0.3472
[+00:42:59 | ~00:49:56 left] [Ep 2349] Reward: 448.47 | Coverage: 65.4% | Eps: 0.442 | Loss: 0.3041
[+00:43:00 | ~00:49:55 left] [Ep 2350] Reward: 654.75 | Coverage: 57.1% | Eps: 0.442 | Loss: 0.3626
[+00:43:01 | ~00:49:54 left] [Ep 2351] Reward: 455.58 | Coverage: 50.3% | Eps: 0.442 | Loss: 0.3452
[+00:43:03 | ~00:49:53 left] [Ep 2352] Reward: 427.81 | Coverage: 64.3% | Eps: 0.441 | Loss: 0.3483
[+00:43:04 | ~00:49:52 left] [Ep 2353] Reward: 270.86 | Coverage: 68.6% | Eps: 0.441 | Loss: 0.2666
[+00:43:05 | ~00:49:51 left] [Ep 2354] Reward: 486.33 | Coverage: 70.9% | Eps: 0.441 | Loss: 0.3701
[+00:43:06 | ~00:49:50 left] [Ep 2355] Reward: 421.02 | Coverage: 71.6% | Eps: 0.441 | Loss: 0.3325
[+00:43:07 | ~00:49:49 left] [Ep 2356] Reward: 454.89 | Coverage: 62.0% | Eps: 0.440 | Loss: 0.3076
[+00:43:08 | ~00:49:48 left] [Ep 2357] Reward: 534.14 | Coverage: 68.6% | Eps: 0.440 | Loss: 0.3284
[+00:43:09 | ~00:49:46 left] [Ep 2358] Reward: 629.24 | Coverage: 54.6% | Eps: 0.440 | Loss: 0.2520
[+00:43:10 | ~00:49:45 left] [Ep 2359] Reward: 315.66 | Coverage: 65.5% | Eps: 0.440 | Loss: 0.3398
[+00:43:11 | ~00:49:44 left] [Ep 2360] Reward: 310.49 | Coverage: 70.4% | Eps: 0.440 | Loss: 0.2826
[+00:43:12 | ~00:49:43 left] [Ep 2361] Reward: 431.17 | Coverage: 60.6% | Eps: 0.439 | Loss: 0.2700
[+00:43:13 | ~00:49:42 left] [Ep 2362] Reward: 354.43 | Coverage: 63.5% | Eps: 0.439 | Loss: 0.2635
[+00:43:14 | ~00:49:41 left] [Ep 2363] Reward: 379.04 | Coverage: 65.2% | Eps: 0.439 | Loss: 0.3693
[+00:43:15 | ~00:49:40 left] [Ep 2364] Reward: 281.52 | Coverage: 65.4% | Eps: 0.439 | Loss: 0.2999
[+00:43:16 | ~00:49:39 left] [Ep 2365] Reward: 398.66 | Coverage: 74.1% | Eps: 0.438 | Loss: 0.3868
[+00:43:18 | ~00:49:38 left] [Ep 2366] Reward: 418.61 | Coverage: 57.6% | Eps: 0.438 | Loss: 0.3043
[+00:43:19 | ~00:49:36 left] [Ep 2367] Reward: 386.81 | Coverage: 73.1% | Eps: 0.438 | Loss: 0.2578
[+00:43:20 | ~00:49:35 left] [Ep 2368] Reward: 427.78 | Coverage: 56.5% | Eps: 0.438 | Loss: 0.2817
[+00:43:21 | ~00:49:34 left] [Ep 2369] Reward: 571.11 | Coverage: 60.2% | Eps: 0.437 | Loss: 0.3761
[+00:43:22 | ~00:49:33 left] [Ep 2370] Reward: 390.61 | Coverage: 59.6% | Eps: 0.437 | Loss: 0.3208
[+00:43:23 | ~00:49:32 left] [Ep 2371] Reward: 394.96 | Coverage: 64.0% | Eps: 0.437 | Loss: 0.3054
[+00:43:25 | ~00:49:31 left] [Ep 2372] Reward: 691.93 | Coverage: 61.4% | Eps: 0.437 | Loss: 0.3340
[+00:43:26 | ~00:49:30 left] [Ep 2373] Reward: 580.20 | Coverage: 67.6% | Eps: 0.436 | Loss: 0.3480
[+00:43:27 | ~00:49:29 left] [Ep 2374] Reward: 406.33 | Coverage: 64.6% | Eps: 0.436 | Loss: 0.3729
[+00:43:28 | ~00:49:27 left] [Ep 2375] Reward: 596.97 | Coverage: 78.5% | Eps: 0.436 | Loss: 0.3865
[+00:43:29 | ~00:49:26 left] [Ep 2376] Reward: 325.18 | Coverage: 67.0% | Eps: 0.436 | Loss: 0.3144
[+00:43:30 | ~00:49:25 left] [Ep 2377] Reward: 420.17 | Coverage: 62.9% | Eps: 0.435 | Loss: 0.2761
[+00:43:31 | ~00:49:24 left] [Ep 2378] Reward: 439.96 | Coverage: 67.0% | Eps: 0.435 | Loss: 0.3129
[+00:43:32 | ~00:49:23 left] [Ep 2379] Reward: 526.27 | Coverage: 68.4% | Eps: 0.435 | Loss: 0.3401
[+00:43:33 | ~00:49:22 left] [Ep 2380] Reward: 464.60 | Coverage: 63.4% | Eps: 0.435 | Loss: 0.2914
[+00:43:34 | ~00:49:21 left] [Ep 2381] Reward: 528.22 | Coverage: 57.4% | Eps: 0.435 | Loss: 0.2919
[+00:43:35 | ~00:49:20 left] [Ep 2382] Reward: 692.85 | Coverage: 59.4% | Eps: 0.434 | Loss: 0.3443
[+00:43:36 | ~00:49:19 left] [Ep 2383] Reward: 533.79 | Coverage: 65.7% | Eps: 0.434 | Loss: 0.3288
[+00:43:38 | ~00:49:18 left] [Ep 2384] Reward: 426.25 | Coverage: 69.9% | Eps: 0.434 | Loss: 0.3323
[+00:43:39 | ~00:49:17 left] [Ep 2385] Reward: 293.72 | Coverage: 67.7% | Eps: 0.434 | Loss: 0.3010
[+00:43:40 | ~00:49:16 left] [Ep 2386] Reward: 311.35 | Coverage: 64.0% | Eps: 0.433 | Loss: 0.3223
[+00:43:41 | ~00:49:15 left] [Ep 2387] Reward: 543.06 | Coverage: 68.2% | Eps: 0.433 | Loss: 0.2948
[+00:43:42 | ~00:49:14 left] [Ep 2388] Reward: 449.42 | Coverage: 61.4% | Eps: 0.433 | Loss: 0.3677
[+00:43:43 | ~00:49:13 left] [Ep 2389] Reward: 485.44 | Coverage: 66.3% | Eps: 0.433 | Loss: 0.3737
[+00:43:44 | ~00:49:11 left] [Ep 2390] Reward: 386.92 | Coverage: 73.7% | Eps: 0.432 | Loss: 0.2587
[+00:43:45 | ~00:49:10 left] [Ep 2391] Reward: 463.67 | Coverage: 71.8% | Eps: 0.432 | Loss: 0.2956
[+00:43:46 | ~00:49:09 left] [Ep 2392] Reward: 495.03 | Coverage: 73.3% | Eps: 0.432 | Loss: 0.2732
[+00:43:47 | ~00:49:08 left] [Ep 2393] Reward: 440.62 | Coverage: 62.2% | Eps: 0.432 | Loss: 0.3073
[+00:43:48 | ~00:49:07 left] [Ep 2394] Reward: 323.76 | Coverage: 65.9% | Eps: 0.431 | Loss: 0.3301
[+00:43:49 | ~00:49:06 left] [Ep 2395] Reward: 373.05 | Coverage: 58.2% | Eps: 0.431 | Loss: 0.2757
[+00:43:51 | ~00:49:05 left] [Ep 2396] Reward: 262.09 | Coverage: 70.5% | Eps: 0.431 | Loss: 0.2971
[+00:43:52 | ~00:49:04 left] [Ep 2397] Reward: 369.22 | Coverage: 61.9% | Eps: 0.431 | Loss: 0.2940
[+00:43:53 | ~00:49:03 left] [Ep 2398] Reward: 612.65 | Coverage: 56.2% | Eps: 0.430 | Loss: 0.3427
[+00:43:54 | ~00:49:02 left] [Ep 2399] Reward: 441.22 | Coverage: 61.4% | Eps: 0.430 | Loss: 0.3373
[+00:43:55 | ~00:49:00 left] [Ep 2400] Reward: 468.80 | Coverage: 66.2% | Eps: 0.430 | Loss: 0.3059

[+00:43:55 | ~00:49:00 left] [Eval] Episode 2400: Reward=448.09, Coverage=65.2%

[+00:43:56 | ~00:48:59 left] [Ep 2401] Reward: 396.57 | Coverage: 50.5% | Eps: 0.430 | Loss: 0.3421
[+00:43:57 | ~00:48:58 left] [Ep 2402] Reward: 275.52 | Coverage: 55.6% | Eps: 0.430 | Loss: 0.3133
[+00:43:58 | ~00:48:57 left] [Ep 2403] Reward: 385.76 | Coverage: 71.0% | Eps: 0.429 | Loss: 0.3245
[+00:43:59 | ~00:48:56 left] [Ep 2404] Reward: 308.69 | Coverage: 65.3% | Eps: 0.429 | Loss: 0.4025
[+00:44:00 | ~00:48:55 left] [Ep 2405] Reward: 579.49 | Coverage: 64.3% | Eps: 0.429 | Loss: 0.3894
[+00:44:02 | ~00:48:54 left] [Ep 2406] Reward: 295.37 | Coverage: 54.3% | Eps: 0.429 | Loss: 0.2839
[+00:44:03 | ~00:48:53 left] [Ep 2407] Reward: 370.96 | Coverage: 74.8% | Eps: 0.428 | Loss: 0.3693
[+00:44:04 | ~00:48:52 left] [Ep 2408] Reward: 498.52 | Coverage: 71.2% | Eps: 0.428 | Loss: 0.3687
[+00:44:05 | ~00:48:50 left] [Ep 2409] Reward: 349.65 | Coverage: 69.1% | Eps: 0.428 | Loss: 0.2905
[+00:44:06 | ~00:48:49 left] [Ep 2410] Reward: 770.04 | Coverage: 57.5% | Eps: 0.428 | Loss: 0.3694
[+00:44:07 | ~00:48:48 left] [Ep 2411] Reward: 664.86 | Coverage: 68.4% | Eps: 0.427 | Loss: 0.3983
[+00:44:08 | ~00:48:47 left] [Ep 2412] Reward: 304.29 | Coverage: 72.0% | Eps: 0.427 | Loss: 0.2920
[+00:44:09 | ~00:48:46 left] [Ep 2413] Reward: 210.59 | Coverage: 62.6% | Eps: 0.427 | Loss: 0.3004
[+00:44:10 | ~00:48:45 left] [Ep 2414] Reward: 569.47 | Coverage: 63.1% | Eps: 0.427 | Loss: 0.3780
[+00:44:12 | ~00:48:44 left] [Ep 2415] Reward: 552.53 | Coverage: 61.6% | Eps: 0.426 | Loss: 0.3483
[+00:44:13 | ~00:48:43 left] [Ep 2416] Reward: 532.29 | Coverage: 68.5% | Eps: 0.426 | Loss: 0.3596
[+00:44:14 | ~00:48:42 left] [Ep 2417] Reward: 327.83 | Coverage: 63.2% | Eps: 0.426 | Loss: 0.3513
[+00:44:15 | ~00:48:41 left] [Ep 2418] Reward: 334.53 | Coverage: 62.6% | Eps: 0.426 | Loss: 0.3534
[+00:44:16 | ~00:48:39 left] [Ep 2419] Reward: 453.00 | Coverage: 55.4% | Eps: 0.425 | Loss: 0.2849
[+00:44:17 | ~00:48:38 left] [Ep 2420] Reward: 604.22 | Coverage: 54.0% | Eps: 0.425 | Loss: 0.3800
[+00:44:18 | ~00:48:37 left] [Ep 2421] Reward: 314.18 | Coverage: 70.7% | Eps: 0.425 | Loss: 0.3850
[+00:44:19 | ~00:48:36 left] [Ep 2422] Reward: 750.35 | Coverage: 74.8% | Eps: 0.425 | Loss: 0.3291
[+00:44:20 | ~00:48:35 left] [Ep 2423] Reward: 725.90 | Coverage: 70.2% | Eps: 0.425 | Loss: 0.3367
[+00:44:21 | ~00:48:34 left] [Ep 2424] Reward: 292.12 | Coverage: 73.8% | Eps: 0.424 | Loss: 0.2773
[+00:44:22 | ~00:48:33 left] [Ep 2425] Reward: 536.22 | Coverage: 61.2% | Eps: 0.424 | Loss: 0.3592
[+00:44:23 | ~00:48:32 left] [Ep 2426] Reward: 463.14 | Coverage: 64.4% | Eps: 0.424 | Loss: 0.3616
[+00:44:25 | ~00:48:31 left] [Ep 2427] Reward: 258.59 | Coverage: 67.1% | Eps: 0.424 | Loss: 0.3364
[+00:44:26 | ~00:48:30 left] [Ep 2428] Reward: 419.01 | Coverage: 63.6% | Eps: 0.423 | Loss: 0.3839
[+00:44:27 | ~00:48:28 left] [Ep 2429] Reward: 465.48 | Coverage: 75.4% | Eps: 0.423 | Loss: 0.3257
[+00:44:28 | ~00:48:27 left] [Ep 2430] Reward: 425.32 | Coverage: 56.2% | Eps: 0.423 | Loss: 0.3617
[+00:44:29 | ~00:48:27 left] [Ep 2431] Reward: 408.03 | Coverage: 61.0% | Eps: 0.423 | Loss: 0.2984
[+00:44:30 | ~00:48:25 left] [Ep 2432] Reward: 348.65 | Coverage: 62.4% | Eps: 0.422 | Loss: 0.3384
[+00:44:31 | ~00:48:24 left] [Ep 2433] Reward: 427.14 | Coverage: 60.2% | Eps: 0.422 | Loss: 0.3324
[+00:44:32 | ~00:48:23 left] [Ep 2434] Reward: 489.30 | Coverage: 70.1% | Eps: 0.422 | Loss: 0.3484
[+00:44:33 | ~00:48:22 left] [Ep 2435] Reward: 263.71 | Coverage: 51.9% | Eps: 0.422 | Loss: 0.3247
[+00:44:34 | ~00:48:21 left] [Ep 2436] Reward: 395.26 | Coverage: 72.0% | Eps: 0.421 | Loss: 0.3343
[+00:44:36 | ~00:48:20 left] [Ep 2437] Reward: 430.98 | Coverage: 70.5% | Eps: 0.421 | Loss: 0.3727
[+00:44:37 | ~00:48:19 left] [Ep 2438] Reward: 550.04 | Coverage: 66.7% | Eps: 0.421 | Loss: 0.3222
[+00:44:38 | ~00:48:18 left] [Ep 2439] Reward: 196.26 | Coverage: 73.6% | Eps: 0.421 | Loss: 0.2755
[+00:44:39 | ~00:48:17 left] [Ep 2440] Reward: 432.04 | Coverage: 78.5% | Eps: 0.420 | Loss: 0.4098
[+00:44:40 | ~00:48:15 left] [Ep 2441] Reward: 609.09 | Coverage: 65.9% | Eps: 0.420 | Loss: 0.3951
[+00:44:41 | ~00:48:14 left] [Ep 2442] Reward: 464.58 | Coverage: 69.4% | Eps: 0.420 | Loss: 0.2882
[+00:44:42 | ~00:48:13 left] [Ep 2443] Reward: 476.42 | Coverage: 67.3% | Eps: 0.420 | Loss: 0.3675
[+00:44:43 | ~00:48:12 left] [Ep 2444] Reward: 401.66 | Coverage: 68.1% | Eps: 0.420 | Loss: 0.3198
[+00:44:44 | ~00:48:11 left] [Ep 2445] Reward: 674.49 | Coverage: 61.5% | Eps: 0.419 | Loss: 0.3505
[+00:44:45 | ~00:48:10 left] [Ep 2446] Reward: 570.45 | Coverage: 60.2% | Eps: 0.419 | Loss: 0.3517
[+00:44:46 | ~00:48:09 left] [Ep 2447] Reward: 559.43 | Coverage: 68.7% | Eps: 0.419 | Loss: 0.3306
[+00:44:48 | ~00:48:08 left] [Ep 2448] Reward: 468.85 | Coverage: 61.5% | Eps: 0.419 | Loss: 0.3086
[+00:44:49 | ~00:48:07 left] [Ep 2449] Reward: 437.65 | Coverage: 70.8% | Eps: 0.418 | Loss: 0.3124
[+00:44:50 | ~00:48:06 left] [Ep 2450] Reward: 324.98 | Coverage: 69.9% | Eps: 0.418 | Loss: 0.3034
[+00:44:51 | ~00:48:04 left] [Ep 2451] Reward: 225.15 | Coverage: 62.0% | Eps: 0.418 | Loss: 0.3067
[+00:44:52 | ~00:48:03 left] [Ep 2452] Reward: 285.18 | Coverage: 67.2% | Eps: 0.418 | Loss: 0.3373
[+00:44:53 | ~00:48:02 left] [Ep 2453] Reward: 646.14 | Coverage: 65.3% | Eps: 0.417 | Loss: 0.3114
[+00:44:54 | ~00:48:01 left] [Ep 2454] Reward: 472.20 | Coverage: 64.0% | Eps: 0.417 | Loss: 0.3673
[+00:44:55 | ~00:48:00 left] [Ep 2455] Reward: 412.34 | Coverage: 72.1% | Eps: 0.417 | Loss: 0.3994
[+00:44:56 | ~00:47:59 left] [Ep 2456] Reward: 402.86 | Coverage: 65.1% | Eps: 0.417 | Loss: 0.3167
[+00:44:57 | ~00:47:58 left] [Ep 2457] Reward: 389.41 | Coverage: 66.4% | Eps: 0.416 | Loss: 0.3495
[+00:44:58 | ~00:47:57 left] [Ep 2458] Reward: 325.17 | Coverage: 52.5% | Eps: 0.416 | Loss: 0.3599
[+00:44:59 | ~00:47:56 left] [Ep 2459] Reward: 486.95 | Coverage: 68.7% | Eps: 0.416 | Loss: 0.3587
[+00:45:01 | ~00:47:55 left] [Ep 2460] Reward: 400.64 | Coverage: 55.7% | Eps: 0.416 | Loss: 0.3428
[+00:45:02 | ~00:47:54 left] [Ep 2461] Reward: 352.63 | Coverage: 62.4% | Eps: 0.416 | Loss: 0.3695
[+00:45:03 | ~00:47:53 left] [Ep 2462] Reward: 302.06 | Coverage: 75.2% | Eps: 0.415 | Loss: 0.3590
[+00:45:04 | ~00:47:52 left] [Ep 2463] Reward: 212.60 | Coverage: 76.3% | Eps: 0.415 | Loss: 0.2902
[+00:45:05 | ~00:47:51 left] [Ep 2464] Reward: 357.79 | Coverage: 62.4% | Eps: 0.415 | Loss: 0.3744
[+00:45:06 | ~00:47:50 left] [Ep 2465] Reward: 346.12 | Coverage: 56.9% | Eps: 0.415 | Loss: 0.3751
[+00:45:07 | ~00:47:48 left] [Ep 2466] Reward: 363.00 | Coverage: 67.5% | Eps: 0.414 | Loss: 0.3090
[+00:45:08 | ~00:47:47 left] [Ep 2467] Reward: 480.18 | Coverage: 62.4% | Eps: 0.414 | Loss: 0.3409
[+00:45:09 | ~00:47:46 left] [Ep 2468] Reward: 392.98 | Coverage: 67.1% | Eps: 0.414 | Loss: 0.3667
[+00:45:10 | ~00:47:45 left] [Ep 2469] Reward: 411.04 | Coverage: 56.3% | Eps: 0.414 | Loss: 0.3309
[+00:45:11 | ~00:47:44 left] [Ep 2470] Reward: 435.53 | Coverage: 72.1% | Eps: 0.413 | Loss: 0.3821
[+00:45:13 | ~00:47:43 left] [Ep 2471] Reward: 154.17 | Coverage: 74.8% | Eps: 0.413 | Loss: 0.4337
[+00:45:14 | ~00:47:42 left] [Ep 2472] Reward: 617.98 | Coverage: 55.7% | Eps: 0.413 | Loss: 0.3076
[+00:45:15 | ~00:47:41 left] [Ep 2473] Reward: 498.82 | Coverage: 60.0% | Eps: 0.413 | Loss: 0.2837
[+00:45:16 | ~00:47:39 left] [Ep 2474] Reward: 480.83 | Coverage: 60.5% | Eps: 0.412 | Loss: 0.3510
[+00:45:17 | ~00:47:38 left] [Ep 2475] Reward: 373.07 | Coverage: 69.6% | Eps: 0.412 | Loss: 0.3676
[+00:45:18 | ~00:47:37 left] [Ep 2476] Reward: 230.46 | Coverage: 52.4% | Eps: 0.412 | Loss: 0.3294
[+00:45:20 | ~00:47:36 left] [Ep 2477] Reward: 575.42 | Coverage: 66.3% | Eps: 0.412 | Loss: 0.3967
[+00:45:20 | ~00:47:35 left] [Ep 2478] Reward: 399.54 | Coverage: 63.5% | Eps: 0.411 | Loss: 0.2849
[+00:45:21 | ~00:47:34 left] [Ep 2479] Reward: 428.81 | Coverage: 59.9% | Eps: 0.411 | Loss: 0.3660
[+00:45:23 | ~00:47:33 left] [Ep 2480] Reward: 631.70 | Coverage: 69.5% | Eps: 0.411 | Loss: 0.3140
[+00:45:24 | ~00:47:32 left] [Ep 2481] Reward: 272.30 | Coverage: 52.5% | Eps: 0.411 | Loss: 0.4068
[+00:45:25 | ~00:47:30 left] [Ep 2482] Reward: 534.21 | Coverage: 56.2% | Eps: 0.411 | Loss: 0.4176
[+00:45:26 | ~00:47:29 left] [Ep 2483] Reward: 378.10 | Coverage: 60.0% | Eps: 0.410 | Loss: 0.3071
[+00:45:27 | ~00:47:28 left] [Ep 2484] Reward: 447.32 | Coverage: 69.5% | Eps: 0.410 | Loss: 0.3157
[+00:45:28 | ~00:47:27 left] [Ep 2485] Reward: 412.98 | Coverage: 62.8% | Eps: 0.410 | Loss: 0.3719
[+00:45:29 | ~00:47:26 left] [Ep 2486] Reward: 454.80 | Coverage: 59.7% | Eps: 0.410 | Loss: 0.3219
[+00:45:30 | ~00:47:25 left] [Ep 2487] Reward: 367.25 | Coverage: 68.1% | Eps: 0.409 | Loss: 0.3354
[+00:45:31 | ~00:47:24 left] [Ep 2488] Reward: 409.54 | Coverage: 61.9% | Eps: 0.409 | Loss: 0.3381
[+00:45:33 | ~00:47:23 left] [Ep 2489] Reward: 440.43 | Coverage: 60.9% | Eps: 0.409 | Loss: 0.2601
[+00:45:34 | ~00:47:22 left] [Ep 2490] Reward: 497.56 | Coverage: 63.1% | Eps: 0.409 | Loss: 0.3362
[+00:45:35 | ~00:47:21 left] [Ep 2491] Reward: 525.44 | Coverage: 67.2% | Eps: 0.408 | Loss: 0.3090
[+00:45:36 | ~00:47:20 left] [Ep 2492] Reward: 310.88 | Coverage: 78.5% | Eps: 0.408 | Loss: 0.3167
[+00:45:37 | ~00:47:19 left] [Ep 2493] Reward: 601.28 | Coverage: 58.1% | Eps: 0.408 | Loss: 0.3940
[+00:45:38 | ~00:47:17 left] [Ep 2494] Reward: 213.49 | Coverage: 66.8% | Eps: 0.408 | Loss: 0.2858
[+00:45:39 | ~00:47:16 left] [Ep 2495] Reward: 563.96 | Coverage: 64.1% | Eps: 0.407 | Loss: 0.3684
[+00:45:40 | ~00:47:15 left] [Ep 2496] Reward: 304.06 | Coverage: 63.4% | Eps: 0.407 | Loss: 0.3246
[+00:45:41 | ~00:47:14 left] [Ep 2497] Reward: 388.56 | Coverage: 74.8% | Eps: 0.407 | Loss: 0.3244
[+00:45:42 | ~00:47:13 left] [Ep 2498] Reward: 368.26 | Coverage: 70.1% | Eps: 0.407 | Loss: 0.3670
[+00:45:43 | ~00:47:12 left] [Ep 2499] Reward: 550.26 | Coverage: 69.4% | Eps: 0.406 | Loss: 0.3488
[+00:45:44 | ~00:47:11 left] [Ep 2500] Reward: 323.99 | Coverage: 62.2% | Eps: 0.406 | Loss: 0.3578

[+00:45:44 | ~00:47:11 left] [Eval] Episode 2500: Reward=320.13, Coverage=62.1%

[+00:45:45 | ~00:47:10 left] [Ep 2501] Reward: 496.77 | Coverage: 59.7% | Eps: 0.406 | Loss: 0.3735
[+00:45:46 | ~00:47:09 left] [Ep 2502] Reward: 445.57 | Coverage: 67.0% | Eps: 0.406 | Loss: 0.3213
[+00:45:47 | ~00:47:08 left] [Ep 2503] Reward: 258.99 | Coverage: 63.3% | Eps: 0.406 | Loss: 0.3098
[+00:45:48 | ~00:47:07 left] [Ep 2504] Reward: 505.35 | Coverage: 61.5% | Eps: 0.405 | Loss: 0.2907
[+00:45:49 | ~00:47:06 left] [Ep 2505] Reward: 577.40 | Coverage: 69.5% | Eps: 0.405 | Loss: 0.3009
[+00:45:51 | ~00:47:05 left] [Ep 2506] Reward: 450.37 | Coverage: 57.5% | Eps: 0.405 | Loss: 0.4516
[+00:45:52 | ~00:47:04 left] [Ep 2507] Reward: 430.46 | Coverage: 60.5% | Eps: 0.405 | Loss: 0.3832
[+00:45:53 | ~00:47:02 left] [Ep 2508] Reward: 514.12 | Coverage: 70.2% | Eps: 0.404 | Loss: 0.2792
[+00:45:54 | ~00:47:01 left] [Ep 2509] Reward: 320.42 | Coverage: 64.7% | Eps: 0.404 | Loss: 0.2801
[+00:45:55 | ~00:47:00 left] [Ep 2510] Reward: 343.56 | Coverage: 69.5% | Eps: 0.404 | Loss: 0.3520
[+00:45:56 | ~00:46:59 left] [Ep 2511] Reward: 533.31 | Coverage: 59.8% | Eps: 0.404 | Loss: 0.3544
[+00:45:57 | ~00:46:58 left] [Ep 2512] Reward: 572.47 | Coverage: 69.7% | Eps: 0.403 | Loss: 0.3542
[+00:45:58 | ~00:46:57 left] [Ep 2513] Reward: 558.91 | Coverage: 60.7% | Eps: 0.403 | Loss: 0.3218
[+00:46:00 | ~00:46:56 left] [Ep 2514] Reward: 192.39 | Coverage: 73.9% | Eps: 0.403 | Loss: 0.3268
[+00:46:01 | ~00:46:55 left] [Ep 2515] Reward: 247.77 | Coverage: 70.3% | Eps: 0.403 | Loss: 0.3446
[+00:46:02 | ~00:46:54 left] [Ep 2516] Reward: 604.01 | Coverage: 68.2% | Eps: 0.402 | Loss: 0.3347
[+00:46:03 | ~00:46:52 left] [Ep 2517] Reward: 359.27 | Coverage: 75.1% | Eps: 0.402 | Loss: 0.2422
[+00:46:04 | ~00:46:51 left] [Ep 2518] Reward: 291.10 | Coverage: 67.5% | Eps: 0.402 | Loss: 0.3215
[+00:46:05 | ~00:46:50 left] [Ep 2519] Reward: 347.16 | Coverage: 61.2% | Eps: 0.402 | Loss: 0.2964
[+00:46:06 | ~00:46:49 left] [Ep 2520] Reward: 343.57 | Coverage: 75.2% | Eps: 0.402 | Loss: 0.3372
[+00:46:07 | ~00:46:48 left] [Ep 2521] Reward: 506.29 | Coverage: 67.5% | Eps: 0.401 | Loss: 0.4493
[+00:46:08 | ~00:46:47 left] [Ep 2522] Reward: 400.53 | Coverage: 73.1% | Eps: 0.401 | Loss: 0.3443
[+00:46:09 | ~00:46:46 left] [Ep 2523] Reward: 540.27 | Coverage: 66.3% | Eps: 0.401 | Loss: 0.3168
[+00:46:10 | ~00:46:45 left] [Ep 2524] Reward: 632.71 | Coverage: 72.8% | Eps: 0.401 | Loss: 0.3659
[+00:46:12 | ~00:46:44 left] [Ep 2525] Reward: 593.63 | Coverage: 59.8% | Eps: 0.400 | Loss: 0.3481
[+00:46:13 | ~00:46:43 left] [Ep 2526] Reward: 602.67 | Coverage: 57.3% | Eps: 0.400 | Loss: 0.3453
[+00:46:14 | ~00:46:42 left] [Ep 2527] Reward: 431.47 | Coverage: 56.4% | Eps: 0.400 | Loss: 0.3525
[+00:46:15 | ~00:46:40 left] [Ep 2528] Reward: 702.70 | Coverage: 70.2% | Eps: 0.400 | Loss: 0.4102
[+00:46:16 | ~00:46:39 left] [Ep 2529] Reward: 502.03 | Coverage: 52.8% | Eps: 0.399 | Loss: 0.2824
[+00:46:17 | ~00:46:38 left] [Ep 2530] Reward: 503.97 | Coverage: 54.0% | Eps: 0.399 | Loss: 0.3462
[+00:46:18 | ~00:46:37 left] [Ep 2531] Reward: 279.01 | Coverage: 56.3% | Eps: 0.399 | Loss: 0.2899
[+00:46:19 | ~00:46:36 left] [Ep 2532] Reward: 505.87 | Coverage: 66.9% | Eps: 0.399 | Loss: 0.3489
[+00:46:20 | ~00:46:35 left] [Ep 2533] Reward: 356.51 | Coverage: 68.2% | Eps: 0.398 | Loss: 0.2896
[+00:46:21 | ~00:46:34 left] [Ep 2534] Reward: 543.42 | Coverage: 60.2% | Eps: 0.398 | Loss: 0.3093
[+00:46:22 | ~00:46:33 left] [Ep 2535] Reward: 371.18 | Coverage: 70.4% | Eps: 0.398 | Loss: 0.3139
[+00:46:23 | ~00:46:32 left] [Ep 2536] Reward: 193.91 | Coverage: 67.5% | Eps: 0.398 | Loss: 0.3644
[+00:46:24 | ~00:46:31 left] [Ep 2537] Reward: 366.88 | Coverage: 73.2% | Eps: 0.397 | Loss: 0.3618
[+00:46:25 | ~00:46:30 left] [Ep 2538] Reward: 482.62 | Coverage: 71.5% | Eps: 0.397 | Loss: 0.2749
[+00:46:26 | ~00:46:29 left] [Ep 2539] Reward: 353.61 | Coverage: 61.0% | Eps: 0.397 | Loss: 0.3266
[+00:46:28 | ~00:46:28 left] [Ep 2540] Reward: 356.57 | Coverage: 66.7% | Eps: 0.397 | Loss: 0.2957
[+00:46:29 | ~00:46:27 left] [Ep 2541] Reward: 331.61 | Coverage: 64.4% | Eps: 0.397 | Loss: 0.2734
[+00:46:30 | ~00:46:26 left] [Ep 2542] Reward: 334.59 | Coverage: 68.4% | Eps: 0.396 | Loss: 0.3147
[+00:46:31 | ~00:46:24 left] [Ep 2543] Reward: 433.73 | Coverage: 66.8% | Eps: 0.396 | Loss: 0.3107
[+00:46:32 | ~00:46:23 left] [Ep 2544] Reward: 725.45 | Coverage: 65.6% | Eps: 0.396 | Loss: 0.4197
[+00:46:33 | ~00:46:22 left] [Ep 2545] Reward: 327.57 | Coverage: 70.0% | Eps: 0.396 | Loss: 0.3396
[+00:46:34 | ~00:46:21 left] [Ep 2546] Reward: 249.73 | Coverage: 65.9% | Eps: 0.395 | Loss: 0.2669
[+00:46:35 | ~00:46:20 left] [Ep 2547] Reward: 488.34 | Coverage: 70.2% | Eps: 0.395 | Loss: 0.2990
[+00:46:36 | ~00:46:19 left] [Ep 2548] Reward: 501.16 | Coverage: 65.7% | Eps: 0.395 | Loss: 0.3621
[+00:46:37 | ~00:46:18 left] [Ep 2549] Reward: 347.53 | Coverage: 64.5% | Eps: 0.395 | Loss: 0.4044
[+00:46:38 | ~00:46:17 left] [Ep 2550] Reward: 487.88 | Coverage: 71.4% | Eps: 0.394 | Loss: 0.2571
[+00:46:40 | ~00:46:16 left] [Ep 2551] Reward: 296.32 | Coverage: 71.6% | Eps: 0.394 | Loss: 0.2449
[+00:46:41 | ~00:46:14 left] [Ep 2552] Reward: 213.60 | Coverage: 73.4% | Eps: 0.394 | Loss: 0.3946
[+00:46:42 | ~00:46:13 left] [Ep 2553] Reward: 427.97 | Coverage: 69.5% | Eps: 0.394 | Loss: 0.3350
[+00:46:43 | ~00:46:12 left] [Ep 2554] Reward: 337.97 | Coverage: 64.2% | Eps: 0.393 | Loss: 0.2843
[+00:46:44 | ~00:46:11 left] [Ep 2555] Reward: 559.66 | Coverage: 66.7% | Eps: 0.393 | Loss: 0.3400
[+00:46:45 | ~00:46:10 left] [Ep 2556] Reward: 341.98 | Coverage: 66.5% | Eps: 0.393 | Loss: 0.2128
[+00:46:46 | ~00:46:09 left] [Ep 2557] Reward: 374.91 | Coverage: 54.3% | Eps: 0.393 | Loss: 0.3180
[+00:46:47 | ~00:46:08 left] [Ep 2558] Reward: 463.72 | Coverage: 58.4% | Eps: 0.392 | Loss: 0.3306
[+00:46:49 | ~00:46:07 left] [Ep 2559] Reward: 175.85 | Coverage: 75.3% | Eps: 0.392 | Loss: 0.3540
[+00:46:50 | ~00:46:05 left] [Ep 2560] Reward: 343.37 | Coverage: 65.1% | Eps: 0.392 | Loss: 0.2761
[+00:46:51 | ~00:46:04 left] [Ep 2561] Reward: 482.76 | Coverage: 47.3% | Eps: 0.392 | Loss: 0.3197
[+00:46:52 | ~00:46:03 left] [Ep 2562] Reward: 410.64 | Coverage: 64.8% | Eps: 0.392 | Loss: 0.2789
[+00:46:53 | ~00:46:02 left] [Ep 2563] Reward: 453.66 | Coverage: 66.6% | Eps: 0.391 | Loss: 0.3257
[+00:46:54 | ~00:46:01 left] [Ep 2564] Reward: 443.64 | Coverage: 57.7% | Eps: 0.391 | Loss: 0.2793
[+00:46:55 | ~00:46:00 left] [Ep 2565] Reward: 387.00 | Coverage: 78.5% | Eps: 0.391 | Loss: 0.2983
[+00:46:56 | ~00:45:59 left] [Ep 2566] Reward: 300.30 | Coverage: 72.7% | Eps: 0.391 | Loss: 0.2744
[+00:46:57 | ~00:45:58 left] [Ep 2567] Reward: 763.57 | Coverage: 70.7% | Eps: 0.390 | Loss: 0.3399
[+00:46:58 | ~00:45:57 left] [Ep 2568] Reward: 199.41 | Coverage: 64.3% | Eps: 0.390 | Loss: 0.3478
[+00:46:59 | ~00:45:56 left] [Ep 2569] Reward: 555.54 | Coverage: 68.6% | Eps: 0.390 | Loss: 0.3036
[+00:47:01 | ~00:45:55 left] [Ep 2570] Reward: 584.89 | Coverage: 70.9% | Eps: 0.390 | Loss: 0.3141
[+00:47:02 | ~00:45:54 left] [Ep 2571] Reward: 415.85 | Coverage: 68.6% | Eps: 0.389 | Loss: 0.2542
[+00:47:03 | ~00:45:53 left] [Ep 2572] Reward: 465.04 | Coverage: 61.3% | Eps: 0.389 | Loss: 0.2998
[+00:47:04 | ~00:45:51 left] [Ep 2573] Reward: 346.69 | Coverage: 66.7% | Eps: 0.389 | Loss: 0.3093
[+00:47:05 | ~00:45:50 left] [Ep 2574] Reward: 218.08 | Coverage: 66.4% | Eps: 0.389 | Loss: 0.4157
[+00:47:06 | ~00:45:49 left] [Ep 2575] Reward: 515.94 | Coverage: 67.4% | Eps: 0.388 | Loss: 0.2660
[+00:47:07 | ~00:45:48 left] [Ep 2576] Reward: 464.78 | Coverage: 58.9% | Eps: 0.388 | Loss: 0.3686
[+00:47:08 | ~00:45:47 left] [Ep 2577] Reward: 628.05 | Coverage: 67.2% | Eps: 0.388 | Loss: 0.3495
[+00:47:09 | ~00:45:46 left] [Ep 2578] Reward: 349.79 | Coverage: 65.5% | Eps: 0.388 | Loss: 0.3204
[+00:47:10 | ~00:45:45 left] [Ep 2579] Reward: 663.77 | Coverage: 67.0% | Eps: 0.387 | Loss: 0.3791
[+00:47:12 | ~00:45:44 left] [Ep 2580] Reward: 403.77 | Coverage: 66.8% | Eps: 0.387 | Loss: 0.3232
[+00:47:13 | ~00:45:43 left] [Ep 2581] Reward: 353.98 | Coverage: 56.3% | Eps: 0.387 | Loss: 0.3234
[+00:47:14 | ~00:45:41 left] [Ep 2582] Reward: 532.96 | Coverage: 70.9% | Eps: 0.387 | Loss: 0.3053
[+00:47:15 | ~00:45:40 left] [Ep 2583] Reward: 468.19 | Coverage: 70.3% | Eps: 0.387 | Loss: 0.3559
[+00:47:16 | ~00:45:39 left] [Ep 2584] Reward: 446.90 | Coverage: 56.9% | Eps: 0.386 | Loss: 0.3504
[+00:47:17 | ~00:45:38 left] [Ep 2585] Reward: 277.93 | Coverage: 64.9% | Eps: 0.386 | Loss: 0.2810
[+00:47:18 | ~00:45:37 left] [Ep 2586] Reward: 481.31 | Coverage: 60.0% | Eps: 0.386 | Loss: 0.2528
[+00:47:19 | ~00:45:36 left] [Ep 2587] Reward: 426.47 | Coverage: 62.6% | Eps: 0.386 | Loss: 0.2970
[+00:47:20 | ~00:45:35 left] [Ep 2588] Reward: 616.52 | Coverage: 71.8% | Eps: 0.385 | Loss: 0.2727
[+00:47:22 | ~00:45:34 left] [Ep 2589] Reward: 187.19 | Coverage: 68.8% | Eps: 0.385 | Loss: 0.3017
[+00:47:23 | ~00:45:33 left] [Ep 2590] Reward: 526.99 | Coverage: 78.1% | Eps: 0.385 | Loss: 0.3533
[+00:47:24 | ~00:45:31 left] [Ep 2591] Reward: 543.16 | Coverage: 66.0% | Eps: 0.385 | Loss: 0.2850
[+00:47:25 | ~00:45:30 left] [Ep 2592] Reward: 400.00 | Coverage: 58.3% | Eps: 0.384 | Loss: 0.3012
[+00:47:26 | ~00:45:29 left] [Ep 2593] Reward: 463.52 | Coverage: 66.1% | Eps: 0.384 | Loss: 0.3047
[+00:47:27 | ~00:45:28 left] [Ep 2594] Reward: 443.07 | Coverage: 49.8% | Eps: 0.384 | Loss: 0.3359
[+00:47:28 | ~00:45:27 left] [Ep 2595] Reward: 377.39 | Coverage: 76.7% | Eps: 0.384 | Loss: 0.2116
[+00:47:29 | ~00:45:26 left] [Ep 2596] Reward: 443.88 | Coverage: 67.0% | Eps: 0.383 | Loss: 0.2767
[+00:47:30 | ~00:45:25 left] [Ep 2597] Reward: 427.69 | Coverage: 68.2% | Eps: 0.383 | Loss: 0.3090
[+00:47:31 | ~00:45:24 left] [Ep 2598] Reward: 524.51 | Coverage: 66.3% | Eps: 0.383 | Loss: 0.3481
[+00:47:32 | ~00:45:23 left] [Ep 2599] Reward: 429.99 | Coverage: 59.8% | Eps: 0.383 | Loss: 0.2799
[+00:47:33 | ~00:45:22 left] [Ep 2600] Reward: 247.35 | Coverage: 64.5% | Eps: 0.383 | Loss: 0.2241

[+00:47:33 | ~00:45:22 left] [Eval] Episode 2600: Reward=257.69, Coverage=62.8%

[+00:47:34 | ~00:45:21 left] [Ep 2601] Reward: 371.40 | Coverage: 60.2% | Eps: 0.382 | Loss: 0.3234
[+00:47:36 | ~00:45:20 left] [Ep 2602] Reward: 240.62 | Coverage: 62.0% | Eps: 0.382 | Loss: 0.2728
[+00:47:36 | ~00:45:19 left] [Ep 2603] Reward: 284.09 | Coverage: 67.3% | Eps: 0.382 | Loss: 0.2501
[+00:47:37 | ~00:45:18 left] [Ep 2604] Reward: 477.44 | Coverage: 57.5% | Eps: 0.382 | Loss: 0.2722
[+00:47:38 | ~00:45:17 left] [Ep 2605] Reward: 215.24 | Coverage: 75.6% | Eps: 0.381 | Loss: 0.2894
[+00:47:40 | ~00:45:16 left] [Ep 2606] Reward: 492.45 | Coverage: 58.3% | Eps: 0.381 | Loss: 0.2721
[+00:47:41 | ~00:45:15 left] [Ep 2607] Reward: 271.18 | Coverage: 70.4% | Eps: 0.381 | Loss: 0.2076
[+00:47:42 | ~00:45:14 left] [Ep 2608] Reward: 563.47 | Coverage: 61.0% | Eps: 0.381 | Loss: 0.3312
[+00:47:43 | ~00:45:12 left] [Ep 2609] Reward: 540.13 | Coverage: 57.1% | Eps: 0.380 | Loss: 0.3458
[+00:47:44 | ~00:45:11 left] [Ep 2610] Reward: 358.12 | Coverage: 67.5% | Eps: 0.380 | Loss: 0.3204
[+00:47:45 | ~00:45:10 left] [Ep 2611] Reward: 461.43 | Coverage: 66.1% | Eps: 0.380 | Loss: 0.2483
[+00:47:46 | ~00:45:09 left] [Ep 2612] Reward: 539.03 | Coverage: 63.6% | Eps: 0.380 | Loss: 0.2853
[+00:47:47 | ~00:45:08 left] [Ep 2613] Reward: 373.38 | Coverage: 64.6% | Eps: 0.379 | Loss: 0.2926
[+00:47:49 | ~00:45:07 left] [Ep 2614] Reward: 420.11 | Coverage: 61.0% | Eps: 0.379 | Loss: 0.3163
[+00:47:50 | ~00:45:06 left] [Ep 2615] Reward: 432.06 | Coverage: 67.6% | Eps: 0.379 | Loss: 0.3186
[+00:47:51 | ~00:45:04 left] [Ep 2616] Reward: 433.42 | Coverage: 61.8% | Eps: 0.379 | Loss: 0.2620
[+00:47:52 | ~00:45:03 left] [Ep 2617] Reward: 402.68 | Coverage: 65.0% | Eps: 0.378 | Loss: 0.2942
[+00:47:53 | ~00:45:02 left] [Ep 2618] Reward: 350.29 | Coverage: 71.9% | Eps: 0.378 | Loss: 0.3087
[+00:47:54 | ~00:45:01 left] [Ep 2619] Reward: 861.22 | Coverage: 56.4% | Eps: 0.378 | Loss: 0.3482
[+00:47:55 | ~00:45:00 left] [Ep 2620] Reward: 556.78 | Coverage: 61.2% | Eps: 0.378 | Loss: 0.3176
[+00:47:57 | ~00:44:59 left] [Ep 2621] Reward: 429.66 | Coverage: 60.5% | Eps: 0.378 | Loss: 0.3205
[+00:47:58 | ~00:44:58 left] [Ep 2622] Reward: 407.06 | Coverage: 59.7% | Eps: 0.377 | Loss: 0.2918
[+00:47:59 | ~00:44:57 left] [Ep 2623] Reward: 644.51 | Coverage: 56.2% | Eps: 0.377 | Loss: 0.3444
[+00:48:00 | ~00:44:55 left] [Ep 2624] Reward: 655.94 | Coverage: 63.0% | Eps: 0.377 | Loss: 0.3038
[+00:48:01 | ~00:44:54 left] [Ep 2625] Reward: 617.32 | Coverage: 65.7% | Eps: 0.377 | Loss: 0.2525
[+00:48:02 | ~00:44:53 left] [Ep 2626] Reward: 391.30 | Coverage: 64.0% | Eps: 0.376 | Loss: 0.3426
[+00:48:03 | ~00:44:52 left] [Ep 2627] Reward: 590.24 | Coverage: 54.6% | Eps: 0.376 | Loss: 0.3139
[+00:48:04 | ~00:44:51 left] [Ep 2628] Reward: 427.57 | Coverage: 69.0% | Eps: 0.376 | Loss: 0.2677
[+00:48:05 | ~00:44:50 left] [Ep 2629] Reward: 339.74 | Coverage: 69.2% | Eps: 0.376 | Loss: 0.2658
[+00:48:06 | ~00:44:49 left] [Ep 2630] Reward: 553.38 | Coverage: 65.1% | Eps: 0.375 | Loss: 0.2963
[+00:48:08 | ~00:44:48 left] [Ep 2631] Reward: 617.65 | Coverage: 58.3% | Eps: 0.375 | Loss: 0.3025
[+00:48:09 | ~00:44:47 left] [Ep 2632] Reward: 641.70 | Coverage: 59.2% | Eps: 0.375 | Loss: 0.2914
[+00:48:10 | ~00:44:45 left] [Ep 2633] Reward: 370.00 | Coverage: 77.1% | Eps: 0.375 | Loss: 0.2954
[+00:48:11 | ~00:44:44 left] [Ep 2634] Reward: 547.84 | Coverage: 75.6% | Eps: 0.374 | Loss: 0.3505
[+00:48:12 | ~00:44:43 left] [Ep 2635] Reward: 534.37 | Coverage: 67.7% | Eps: 0.374 | Loss: 0.3248
[+00:48:13 | ~00:44:42 left] [Ep 2636] Reward: 413.60 | Coverage: 58.8% | Eps: 0.374 | Loss: 0.2891
[+00:48:14 | ~00:44:41 left] [Ep 2637] Reward: 591.17 | Coverage: 72.7% | Eps: 0.374 | Loss: 0.3186
[+00:48:15 | ~00:44:40 left] [Ep 2638] Reward: 390.90 | Coverage: 65.8% | Eps: 0.373 | Loss: 0.2392
[+00:48:16 | ~00:44:39 left] [Ep 2639] Reward: 619.69 | Coverage: 75.3% | Eps: 0.373 | Loss: 0.2959
[+00:48:17 | ~00:44:38 left] [Ep 2640] Reward: 412.45 | Coverage: 61.0% | Eps: 0.373 | Loss: 0.3518
[+00:48:19 | ~00:44:37 left] [Ep 2641] Reward: 426.87 | Coverage: 67.6% | Eps: 0.373 | Loss: 0.2702
[+00:48:20 | ~00:44:36 left] [Ep 2642] Reward: 489.69 | Coverage: 63.3% | Eps: 0.373 | Loss: 0.2446
[+00:48:21 | ~00:44:34 left] [Ep 2643] Reward: 223.75 | Coverage: 69.4% | Eps: 0.372 | Loss: 0.2519
[+00:48:22 | ~00:44:33 left] [Ep 2644] Reward: 473.90 | Coverage: 60.6% | Eps: 0.372 | Loss: 0.2339
[+00:48:23 | ~00:44:32 left] [Ep 2645] Reward: 137.72 | Coverage: 70.5% | Eps: 0.372 | Loss: 0.2456
[+00:48:24 | ~00:44:31 left] [Ep 2646] Reward: 509.45 | Coverage: 62.2% | Eps: 0.372 | Loss: 0.2617
[+00:48:25 | ~00:44:30 left] [Ep 2647] Reward: 537.98 | Coverage: 59.0% | Eps: 0.371 | Loss: 0.2197
[+00:48:26 | ~00:44:29 left] [Ep 2648] Reward: 593.07 | Coverage: 68.3% | Eps: 0.371 | Loss: 0.2761
[+00:48:27 | ~00:44:28 left] [Ep 2649] Reward: 440.34 | Coverage: 66.1% | Eps: 0.371 | Loss: 0.3111
[+00:48:29 | ~00:44:27 left] [Ep 2650] Reward: 517.65 | Coverage: 51.2% | Eps: 0.371 | Loss: 0.2382
[+00:48:30 | ~00:44:26 left] [Ep 2651] Reward: 424.05 | Coverage: 64.4% | Eps: 0.370 | Loss: 0.3348
[+00:48:31 | ~00:44:25 left] [Ep 2652] Reward: 678.90 | Coverage: 65.3% | Eps: 0.370 | Loss: 0.2939
[+00:48:32 | ~00:44:24 left] [Ep 2653] Reward: 640.27 | Coverage: 65.8% | Eps: 0.370 | Loss: 0.3142
[+00:48:33 | ~00:44:23 left] [Ep 2654] Reward: 423.84 | Coverage: 77.7% | Eps: 0.370 | Loss: 0.2462
[+00:48:34 | ~00:44:21 left] [Ep 2655] Reward: 541.60 | Coverage: 60.5% | Eps: 0.369 | Loss: 0.3062
[+00:48:35 | ~00:44:20 left] [Ep 2656] Reward: 168.11 | Coverage: 64.5% | Eps: 0.369 | Loss: 0.2278
[+00:48:36 | ~00:44:19 left] [Ep 2657] Reward: 459.98 | Coverage: 53.8% | Eps: 0.369 | Loss: 0.3066
[+00:48:37 | ~00:44:18 left] [Ep 2658] Reward: 554.95 | Coverage: 55.4% | Eps: 0.369 | Loss: 0.2774
[+00:48:38 | ~00:44:17 left] [Ep 2659] Reward: 259.48 | Coverage: 61.0% | Eps: 0.368 | Loss: 0.2921
[+00:48:39 | ~00:44:16 left] [Ep 2660] Reward: 639.82 | Coverage: 63.8% | Eps: 0.368 | Loss: 0.2225
[+00:48:40 | ~00:44:15 left] [Ep 2661] Reward: 591.75 | Coverage: 63.4% | Eps: 0.368 | Loss: 0.2332
[+00:48:42 | ~00:44:14 left] [Ep 2662] Reward: 551.51 | Coverage: 68.7% | Eps: 0.368 | Loss: 0.2924
[+00:48:43 | ~00:44:12 left] [Ep 2663] Reward: 561.44 | Coverage: 69.3% | Eps: 0.368 | Loss: 0.2301
[+00:48:44 | ~00:44:11 left] [Ep 2664] Reward: 484.70 | Coverage: 71.1% | Eps: 0.367 | Loss: 0.2861
[+00:48:45 | ~00:44:10 left] [Ep 2665] Reward: 281.17 | Coverage: 63.6% | Eps: 0.367 | Loss: 0.2124
[+00:48:46 | ~00:44:09 left] [Ep 2666] Reward: 362.41 | Coverage: 67.8% | Eps: 0.367 | Loss: 0.3005
[+00:48:47 | ~00:44:08 left] [Ep 2667] Reward: 504.48 | Coverage: 60.1% | Eps: 0.367 | Loss: 0.2168
[+00:48:48 | ~00:44:07 left] [Ep 2668] Reward: 515.10 | Coverage: 66.9% | Eps: 0.366 | Loss: 0.2877
[+00:48:50 | ~00:44:06 left] [Ep 2669] Reward: 319.12 | Coverage: 67.7% | Eps: 0.366 | Loss: 0.2902
[+00:48:51 | ~00:44:05 left] [Ep 2670] Reward: 523.71 | Coverage: 61.4% | Eps: 0.366 | Loss: 0.2368
[+00:48:52 | ~00:44:04 left] [Ep 2671] Reward: 480.00 | Coverage: 44.1% | Eps: 0.366 | Loss: 0.2874
[+00:48:53 | ~00:44:02 left] [Ep 2672] Reward: 473.85 | Coverage: 60.5% | Eps: 0.365 | Loss: 0.2741
[+00:48:54 | ~00:44:01 left] [Ep 2673] Reward: 382.28 | Coverage: 78.5% | Eps: 0.365 | Loss: 0.2416
[+00:48:55 | ~00:44:00 left] [Ep 2674] Reward: 439.42 | Coverage: 64.0% | Eps: 0.365 | Loss: 0.2224
[+00:48:56 | ~00:43:59 left] [Ep 2675] Reward: 505.61 | Coverage: 60.6% | Eps: 0.365 | Loss: 0.1837
[+00:48:58 | ~00:43:58 left] [Ep 2676] Reward: 544.85 | Coverage: 65.3% | Eps: 0.364 | Loss: 0.2757
[+00:48:59 | ~00:43:57 left] [Ep 2677] Reward: 349.43 | Coverage: 71.7% | Eps: 0.364 | Loss: 0.1987
[+00:49:00 | ~00:43:55 left] [Ep 2678] Reward: 517.95 | Coverage: 66.8% | Eps: 0.364 | Loss: 0.2646
[+00:49:01 | ~00:43:54 left] [Ep 2679] Reward: 359.64 | Coverage: 63.3% | Eps: 0.364 | Loss: 0.2498
[+00:49:02 | ~00:43:53 left] [Ep 2680] Reward: 544.99 | Coverage: 56.5% | Eps: 0.364 | Loss: 0.2870
[+00:49:03 | ~00:43:52 left] [Ep 2681] Reward: 507.56 | Coverage: 62.7% | Eps: 0.363 | Loss: 0.2473
[+00:49:04 | ~00:43:51 left] [Ep 2682] Reward: 281.99 | Coverage: 57.0% | Eps: 0.363 | Loss: 0.2458
[+00:49:05 | ~00:43:50 left] [Ep 2683] Reward: 548.16 | Coverage: 66.9% | Eps: 0.363 | Loss: 0.2877
[+00:49:06 | ~00:43:49 left] [Ep 2684] Reward: 221.91 | Coverage: 74.3% | Eps: 0.363 | Loss: 0.2714
[+00:49:07 | ~00:43:48 left] [Ep 2685] Reward: 541.62 | Coverage: 71.4% | Eps: 0.362 | Loss: 0.2702
[+00:49:09 | ~00:43:47 left] [Ep 2686] Reward: 340.01 | Coverage: 60.9% | Eps: 0.362 | Loss: 0.2758
[+00:49:10 | ~00:43:46 left] [Ep 2687] Reward: 159.29 | Coverage: 58.4% | Eps: 0.362 | Loss: 0.1952
[+00:49:11 | ~00:43:44 left] [Ep 2688] Reward: 478.20 | Coverage: 55.7% | Eps: 0.362 | Loss: 0.2864
[+00:49:12 | ~00:43:43 left] [Ep 2689] Reward: 344.03 | Coverage: 67.5% | Eps: 0.361 | Loss: 0.2802
[+00:49:13 | ~00:43:42 left] [Ep 2690] Reward: 727.46 | Coverage: 68.3% | Eps: 0.361 | Loss: 0.2146
[+00:49:14 | ~00:43:41 left] [Ep 2691] Reward: 419.01 | Coverage: 69.7% | Eps: 0.361 | Loss: 0.2450
[+00:49:16 | ~00:43:40 left] [Ep 2692] Reward: 445.41 | Coverage: 66.8% | Eps: 0.361 | Loss: 0.2528
[+00:49:17 | ~00:43:39 left] [Ep 2693] Reward: 368.07 | Coverage: 56.9% | Eps: 0.360 | Loss: 0.2485
[+00:49:18 | ~00:43:38 left] [Ep 2694] Reward: 333.33 | Coverage: 52.3% | Eps: 0.360 | Loss: 0.2668
[+00:49:19 | ~00:43:36 left] [Ep 2695] Reward: 810.92 | Coverage: 71.7% | Eps: 0.360 | Loss: 0.3102
[+00:49:20 | ~00:43:35 left] [Ep 2696] Reward: 564.55 | Coverage: 59.3% | Eps: 0.360 | Loss: 0.2958
[+00:49:21 | ~00:43:34 left] [Ep 2697] Reward: 463.07 | Coverage: 76.7% | Eps: 0.359 | Loss: 0.1996
[+00:49:22 | ~00:43:33 left] [Ep 2698] Reward: 322.83 | Coverage: 51.1% | Eps: 0.359 | Loss: 0.2765
[+00:49:23 | ~00:43:32 left] [Ep 2699] Reward: 563.43 | Coverage: 57.5% | Eps: 0.359 | Loss: 0.3044
[+00:49:25 | ~00:43:31 left] [Ep 2700] Reward: 368.81 | Coverage: 58.6% | Eps: 0.359 | Loss: 0.2662

[+00:49:25 | ~00:43:31 left] [Eval] Episode 2700: Reward=364.71, Coverage=58.6%

[+00:49:26 | ~00:43:30 left] [Ep 2701] Reward: 516.79 | Coverage: 66.3% | Eps: 0.359 | Loss: 0.2940
[+00:49:27 | ~00:43:28 left] [Ep 2702] Reward: 478.23 | Coverage: 68.8% | Eps: 0.358 | Loss: 0.3304
[+00:49:28 | ~00:43:27 left] [Ep 2703] Reward: 561.72 | Coverage: 61.1% | Eps: 0.358 | Loss: 0.2904
[+00:49:29 | ~00:43:26 left] [Ep 2704] Reward: 461.61 | Coverage: 68.4% | Eps: 0.358 | Loss: 0.2590
[+00:49:30 | ~00:43:25 left] [Ep 2705] Reward: 383.75 | Coverage: 56.3% | Eps: 0.358 | Loss: 0.2904
[+00:49:31 | ~00:43:24 left] [Ep 2706] Reward: 638.29 | Coverage: 61.4% | Eps: 0.357 | Loss: 0.2540
[+00:49:32 | ~00:43:23 left] [Ep 2707] Reward: 590.63 | Coverage: 56.8% | Eps: 0.357 | Loss: 0.2487
[+00:49:33 | ~00:43:22 left] [Ep 2708] Reward: 325.45 | Coverage: 61.0% | Eps: 0.357 | Loss: 0.2333
[+00:49:35 | ~00:43:21 left] [Ep 2709] Reward: 684.72 | Coverage: 60.5% | Eps: 0.357 | Loss: 0.3095
[+00:49:36 | ~00:43:20 left] [Ep 2710] Reward: 564.98 | Coverage: 66.5% | Eps: 0.356 | Loss: 0.2138
[+00:49:37 | ~00:43:18 left] [Ep 2711] Reward: 716.69 | Coverage: 78.5% | Eps: 0.356 | Loss: 0.3074
[+00:49:38 | ~00:43:17 left] [Ep 2712] Reward: 512.71 | Coverage: 55.8% | Eps: 0.356 | Loss: 0.2657
[+00:49:39 | ~00:43:16 left] [Ep 2713] Reward: 152.35 | Coverage: 63.3% | Eps: 0.356 | Loss: 0.1893
[+00:49:40 | ~00:43:15 left] [Ep 2714] Reward: 343.74 | Coverage: 68.9% | Eps: 0.355 | Loss: 0.2596
[+00:49:41 | ~00:43:14 left] [Ep 2715] Reward: 383.09 | Coverage: 65.0% | Eps: 0.355 | Loss: 0.1605
[+00:49:42 | ~00:43:13 left] [Ep 2716] Reward: 566.18 | Coverage: 73.6% | Eps: 0.355 | Loss: 0.2691
[+00:49:43 | ~00:43:12 left] [Ep 2717] Reward: 539.71 | Coverage: 58.0% | Eps: 0.355 | Loss: 0.2791
[+00:49:44 | ~00:43:11 left] [Ep 2718] Reward: 453.24 | Coverage: 69.5% | Eps: 0.354 | Loss: 0.2196
[+00:49:46 | ~00:43:10 left] [Ep 2719] Reward: 399.24 | Coverage: 59.5% | Eps: 0.354 | Loss: 0.2478
[+00:49:47 | ~00:43:09 left] [Ep 2720] Reward: 310.02 | Coverage: 69.8% | Eps: 0.354 | Loss: 0.3206
[+00:49:48 | ~00:43:07 left] [Ep 2721] Reward: 423.16 | Coverage: 65.6% | Eps: 0.354 | Loss: 0.2219
[+00:49:49 | ~00:43:06 left] [Ep 2722] Reward: 253.68 | Coverage: 66.1% | Eps: 0.354 | Loss: 0.1994
[+00:49:50 | ~00:43:05 left] [Ep 2723] Reward: 478.49 | Coverage: 60.8% | Eps: 0.353 | Loss: 0.3006
[+00:49:51 | ~00:43:04 left] [Ep 2724] Reward: 285.61 | Coverage: 52.7% | Eps: 0.353 | Loss: 0.3194
[+00:49:52 | ~00:43:03 left] [Ep 2725] Reward: 381.76 | Coverage: 57.5% | Eps: 0.353 | Loss: 0.2407
[+00:49:53 | ~00:43:02 left] [Ep 2726] Reward: 516.36 | Coverage: 69.1% | Eps: 0.353 | Loss: 0.2806
[+00:49:54 | ~00:43:01 left] [Ep 2727] Reward: 365.15 | Coverage: 62.9% | Eps: 0.352 | Loss: 0.2935
[+00:49:55 | ~00:43:00 left] [Ep 2728] Reward: 163.06 | Coverage: 69.3% | Eps: 0.352 | Loss: 0.2097
[+00:49:56 | ~00:42:59 left] [Ep 2729] Reward: 510.11 | Coverage: 56.1% | Eps: 0.352 | Loss: 0.2197
[+00:49:57 | ~00:42:58 left] [Ep 2730] Reward: 583.11 | Coverage: 68.7% | Eps: 0.352 | Loss: 0.2879
[+00:49:58 | ~00:42:57 left] [Ep 2731] Reward: 396.80 | Coverage: 71.0% | Eps: 0.351 | Loss: 0.3058
[+00:49:59 | ~00:42:56 left] [Ep 2732] Reward: 506.45 | Coverage: 50.4% | Eps: 0.351 | Loss: 0.2605
[+00:50:01 | ~00:42:55 left] [Ep 2733] Reward: 347.56 | Coverage: 66.6% | Eps: 0.351 | Loss: 0.2024
[+00:50:02 | ~00:42:53 left] [Ep 2734] Reward: 476.28 | Coverage: 77.0% | Eps: 0.351 | Loss: 0.3168
[+00:50:03 | ~00:42:52 left] [Ep 2735] Reward: 397.69 | Coverage: 59.7% | Eps: 0.350 | Loss: 0.2157
[+00:50:04 | ~00:42:51 left] [Ep 2736] Reward: 350.37 | Coverage: 71.0% | Eps: 0.350 | Loss: 0.2232
[+00:50:05 | ~00:42:50 left] [Ep 2737] Reward: 763.22 | Coverage: 64.8% | Eps: 0.350 | Loss: 0.2499
[+00:50:06 | ~00:42:49 left] [Ep 2738] Reward: 537.04 | Coverage: 70.1% | Eps: 0.350 | Loss: 0.2981
[+00:50:07 | ~00:42:48 left] [Ep 2739] Reward: 522.61 | Coverage: 62.1% | Eps: 0.349 | Loss: 0.2697
[+00:50:08 | ~00:42:47 left] [Ep 2740] Reward: 273.28 | Coverage: 59.6% | Eps: 0.349 | Loss: 0.2518
[+00:50:10 | ~00:42:46 left] [Ep 2741] Reward: 565.84 | Coverage: 61.9% | Eps: 0.349 | Loss: 0.2534
[+00:50:11 | ~00:42:45 left] [Ep 2742] Reward: 557.55 | Coverage: 62.3% | Eps: 0.349 | Loss: 0.2363
[+00:50:12 | ~00:42:44 left] [Ep 2743] Reward: 469.38 | Coverage: 60.8% | Eps: 0.349 | Loss: 0.2566
[+00:50:13 | ~00:42:43 left] [Ep 2744] Reward: 211.92 | Coverage: 59.0% | Eps: 0.348 | Loss: 0.1327
[+00:50:14 | ~00:42:41 left] [Ep 2745] Reward: 411.67 | Coverage: 71.7% | Eps: 0.348 | Loss: 0.2217
[+00:50:15 | ~00:42:40 left] [Ep 2746] Reward: 704.64 | Coverage: 60.9% | Eps: 0.348 | Loss: 0.2429
[+00:50:16 | ~00:42:39 left] [Ep 2747] Reward: 409.07 | Coverage: 56.9% | Eps: 0.348 | Loss: 0.1869
[+00:50:17 | ~00:42:38 left] [Ep 2748] Reward: 283.68 | Coverage: 58.6% | Eps: 0.347 | Loss: 0.2481
[+00:50:18 | ~00:42:37 left] [Ep 2749] Reward: 495.33 | Coverage: 67.7% | Eps: 0.347 | Loss: 0.2242
[+00:50:19 | ~00:42:36 left] [Ep 2750] Reward: 643.28 | Coverage: 50.4% | Eps: 0.347 | Loss: 0.3023
[+00:50:21 | ~00:42:35 left] [Ep 2751] Reward: 493.01 | Coverage: 67.8% | Eps: 0.347 | Loss: 0.2947
[+00:50:22 | ~00:42:34 left] [Ep 2752] Reward: 614.08 | Coverage: 69.2% | Eps: 0.346 | Loss: 0.2128
[+00:50:23 | ~00:42:32 left] [Ep 2753] Reward: 470.14 | Coverage: 72.8% | Eps: 0.346 | Loss: 0.2251
[+00:50:24 | ~00:42:31 left] [Ep 2754] Reward: 321.08 | Coverage: 61.8% | Eps: 0.346 | Loss: 0.2279
[+00:50:25 | ~00:42:30 left] [Ep 2755] Reward: 694.49 | Coverage: 59.4% | Eps: 0.346 | Loss: 0.2125
[+00:50:26 | ~00:42:29 left] [Ep 2756] Reward: 325.43 | Coverage: 65.8% | Eps: 0.345 | Loss: 0.2381
[+00:50:27 | ~00:42:28 left] [Ep 2757] Reward: 538.54 | Coverage: 65.5% | Eps: 0.345 | Loss: 0.1997
[+00:50:28 | ~00:42:27 left] [Ep 2758] Reward: 525.76 | Coverage: 73.1% | Eps: 0.345 | Loss: 0.1845
[+00:50:29 | ~00:42:26 left] [Ep 2759] Reward: 454.39 | Coverage: 65.0% | Eps: 0.345 | Loss: 0.2544
[+00:50:31 | ~00:42:25 left] [Ep 2760] Reward: 251.19 | Coverage: 61.9% | Eps: 0.345 | Loss: 0.2544
[+00:50:32 | ~00:42:24 left] [Ep 2761] Reward: 469.23 | Coverage: 56.1% | Eps: 0.344 | Loss: 0.1968
[+00:50:33 | ~00:42:23 left] [Ep 2762] Reward: 658.96 | Coverage: 63.3% | Eps: 0.344 | Loss: 0.2645
[+00:50:34 | ~00:42:21 left] [Ep 2763] Reward: 507.17 | Coverage: 65.2% | Eps: 0.344 | Loss: 0.2032
[+00:50:35 | ~00:42:20 left] [Ep 2764] Reward: 389.62 | Coverage: 72.2% | Eps: 0.344 | Loss: 0.2383
[+00:50:36 | ~00:42:19 left] [Ep 2765] Reward: 630.10 | Coverage: 65.4% | Eps: 0.343 | Loss: 0.2608
[+00:50:37 | ~00:42:18 left] [Ep 2766] Reward: 434.23 | Coverage: 73.3% | Eps: 0.343 | Loss: 0.2263
[+00:50:38 | ~00:42:17 left] [Ep 2767] Reward: 617.36 | Coverage: 72.6% | Eps: 0.343 | Loss: 0.2456
[+00:50:39 | ~00:42:16 left] [Ep 2768] Reward: 636.94 | Coverage: 59.8% | Eps: 0.343 | Loss: 0.2066
[+00:50:40 | ~00:42:15 left] [Ep 2769] Reward: 466.34 | Coverage: 57.4% | Eps: 0.342 | Loss: 0.2191
[+00:50:42 | ~00:42:14 left] [Ep 2770] Reward: 367.58 | Coverage: 60.6% | Eps: 0.342 | Loss: 0.2185
[+00:50:43 | ~00:42:12 left] [Ep 2771] Reward: 173.00 | Coverage: 63.2% | Eps: 0.342 | Loss: 0.1967
[+00:50:44 | ~00:42:11 left] [Ep 2772] Reward: 427.83 | Coverage: 59.5% | Eps: 0.342 | Loss: 0.2192
[+00:50:45 | ~00:42:10 left] [Ep 2773] Reward: 480.05 | Coverage: 69.2% | Eps: 0.341 | Loss: 0.1641
[+00:50:46 | ~00:42:09 left] [Ep 2774] Reward: 332.78 | Coverage: 69.0% | Eps: 0.341 | Loss: 0.2062
[+00:50:47 | ~00:42:08 left] [Ep 2775] Reward: 481.49 | Coverage: 72.4% | Eps: 0.341 | Loss: 0.2142
[+00:50:48 | ~00:42:07 left] [Ep 2776] Reward: 381.15 | Coverage: 66.5% | Eps: 0.341 | Loss: 0.2152
[+00:50:49 | ~00:42:06 left] [Ep 2777] Reward: 210.21 | Coverage: 61.9% | Eps: 0.340 | Loss: 0.2156
[+00:50:51 | ~00:42:05 left] [Ep 2778] Reward: 252.42 | Coverage: 67.3% | Eps: 0.340 | Loss: 0.2225
[+00:50:52 | ~00:42:04 left] [Ep 2779] Reward: 636.33 | Coverage: 58.9% | Eps: 0.340 | Loss: 0.2440
[+00:50:53 | ~00:42:03 left] [Ep 2780] Reward: 496.31 | Coverage: 65.7% | Eps: 0.340 | Loss: 0.2596
[+00:50:54 | ~00:42:02 left] [Ep 2781] Reward: 539.87 | Coverage: 59.9% | Eps: 0.340 | Loss: 0.1984
[+00:50:55 | ~00:42:01 left] [Ep 2782] Reward: 359.02 | Coverage: 72.1% | Eps: 0.339 | Loss: 0.1761
[+00:50:56 | ~00:42:00 left] [Ep 2783] Reward: 481.22 | Coverage: 47.7% | Eps: 0.339 | Loss: 0.1824
[+00:50:57 | ~00:41:59 left] [Ep 2784] Reward: 315.43 | Coverage: 70.2% | Eps: 0.339 | Loss: 0.2044
[+00:50:58 | ~00:41:58 left] [Ep 2785] Reward: 294.36 | Coverage: 70.4% | Eps: 0.339 | Loss: 0.2096
[+00:50:59 | ~00:41:56 left] [Ep 2786] Reward: 267.68 | Coverage: 64.5% | Eps: 0.338 | Loss: 0.1927
[+00:51:00 | ~00:41:55 left] [Ep 2787] Reward: 322.93 | Coverage: 66.9% | Eps: 0.338 | Loss: 0.1715
[+00:51:01 | ~00:41:54 left] [Ep 2788] Reward: 319.85 | Coverage: 66.1% | Eps: 0.338 | Loss: 0.2050
[+00:51:02 | ~00:41:53 left] [Ep 2789] Reward: 454.20 | Coverage: 73.0% | Eps: 0.338 | Loss: 0.2303
[+00:51:03 | ~00:41:52 left] [Ep 2790] Reward: 516.64 | Coverage: 75.3% | Eps: 0.337 | Loss: 0.2467
[+00:51:04 | ~00:41:51 left] [Ep 2791] Reward: 473.81 | Coverage: 64.8% | Eps: 0.337 | Loss: 0.2004
[+00:51:05 | ~00:41:50 left] [Ep 2792] Reward: 453.01 | Coverage: 75.2% | Eps: 0.337 | Loss: 0.2061
[+00:51:07 | ~00:41:49 left] [Ep 2793] Reward: 412.59 | Coverage: 60.6% | Eps: 0.337 | Loss: 0.1854
[+00:51:08 | ~00:41:48 left] [Ep 2794] Reward: 449.65 | Coverage: 67.4% | Eps: 0.336 | Loss: 0.2211
[+00:51:09 | ~00:41:47 left] [Ep 2795] Reward: 628.53 | Coverage: 67.6% | Eps: 0.336 | Loss: 0.1882
[+00:51:10 | ~00:41:45 left] [Ep 2796] Reward: 568.00 | Coverage: 56.7% | Eps: 0.336 | Loss: 0.2450
[+00:51:11 | ~00:41:44 left] [Ep 2797] Reward: 349.83 | Coverage: 66.8% | Eps: 0.336 | Loss: 0.1505
[+00:51:13 | ~00:41:43 left] [Ep 2798] Reward: 436.49 | Coverage: 60.5% | Eps: 0.335 | Loss: 0.2074
[+00:51:14 | ~00:41:42 left] [Ep 2799] Reward: 301.00 | Coverage: 69.8% | Eps: 0.335 | Loss: 0.2337
[+00:51:15 | ~00:41:40 left] [Ep 2800] Reward: 388.63 | Coverage: 59.1% | Eps: 0.335 | Loss: 0.2289

[+00:51:15 | ~00:41:40 left] [Eval] Episode 2800: Reward=390.88, Coverage=59.3%

[+00:51:16 | ~00:41:39 left] [Ep 2801] Reward: 645.88 | Coverage: 53.4% | Eps: 0.335 | Loss: 0.3292
[+00:51:17 | ~00:41:38 left] [Ep 2802] Reward: 569.04 | Coverage: 56.4% | Eps: 0.335 | Loss: 0.2353
[+00:51:18 | ~00:41:37 left] [Ep 2803] Reward: 336.07 | Coverage: 64.9% | Eps: 0.334 | Loss: 0.1811
[+00:51:19 | ~00:41:36 left] [Ep 2804] Reward: 469.78 | Coverage: 66.7% | Eps: 0.334 | Loss: 0.2173
[+00:51:20 | ~00:41:35 left] [Ep 2805] Reward: 332.29 | Coverage: 66.9% | Eps: 0.334 | Loss: 0.1500
[+00:51:21 | ~00:41:34 left] [Ep 2806] Reward: 374.09 | Coverage: 59.9% | Eps: 0.334 | Loss: 0.2177
[+00:51:22 | ~00:41:33 left] [Ep 2807] Reward: 564.61 | Coverage: 69.8% | Eps: 0.333 | Loss: 0.1875
[+00:51:24 | ~00:41:32 left] [Ep 2808] Reward: 668.25 | Coverage: 61.2% | Eps: 0.333 | Loss: 0.2574
[+00:51:25 | ~00:41:31 left] [Ep 2809] Reward: 344.09 | Coverage: 63.3% | Eps: 0.333 | Loss: 0.1987
[+00:51:26 | ~00:41:29 left] [Ep 2810] Reward: 380.77 | Coverage: 71.0% | Eps: 0.333 | Loss: 0.2160
[+00:51:27 | ~00:41:28 left] [Ep 2811] Reward: 501.65 | Coverage: 63.7% | Eps: 0.332 | Loss: 0.1951
[+00:51:28 | ~00:41:27 left] [Ep 2812] Reward: 364.62 | Coverage: 52.7% | Eps: 0.332 | Loss: 0.2900
[+00:51:29 | ~00:41:26 left] [Ep 2813] Reward: 329.96 | Coverage: 69.3% | Eps: 0.332 | Loss: 0.2076
[+00:51:30 | ~00:41:25 left] [Ep 2814] Reward: 440.49 | Coverage: 64.8% | Eps: 0.332 | Loss: 0.2937
[+00:51:31 | ~00:41:24 left] [Ep 2815] Reward: 513.92 | Coverage: 62.3% | Eps: 0.331 | Loss: 0.2529
[+00:51:32 | ~00:41:23 left] [Ep 2816] Reward: 470.95 | Coverage: 73.0% | Eps: 0.331 | Loss: 0.2396
[+00:51:34 | ~00:41:22 left] [Ep 2817] Reward: 634.22 | Coverage: 60.7% | Eps: 0.331 | Loss: 0.2350
[+00:51:35 | ~00:41:21 left] [Ep 2818] Reward: 521.45 | Coverage: 68.9% | Eps: 0.331 | Loss: 0.2359
[+00:51:36 | ~00:41:20 left] [Ep 2819] Reward: 272.76 | Coverage: 65.6% | Eps: 0.330 | Loss: 0.1430
[+00:51:37 | ~00:41:19 left] [Ep 2820] Reward: 662.05 | Coverage: 78.5% | Eps: 0.330 | Loss: 0.2090
[+00:51:38 | ~00:41:18 left] [Ep 2821] Reward: 416.29 | Coverage: 53.2% | Eps: 0.330 | Loss: 0.2539
[+00:51:39 | ~00:41:16 left] [Ep 2822] Reward: 549.10 | Coverage: 66.0% | Eps: 0.330 | Loss: 0.2181
[+00:51:40 | ~00:41:15 left] [Ep 2823] Reward: 915.46 | Coverage: 67.0% | Eps: 0.330 | Loss: 0.1638
[+00:51:41 | ~00:41:14 left] [Ep 2824] Reward: 453.64 | Coverage: 71.8% | Eps: 0.329 | Loss: 0.2179
[+00:51:42 | ~00:41:13 left] [Ep 2825] Reward: 639.66 | Coverage: 62.1% | Eps: 0.329 | Loss: 0.2882
[+00:51:43 | ~00:41:12 left] [Ep 2826] Reward: 524.28 | Coverage: 60.7% | Eps: 0.329 | Loss: 0.2699
[+00:51:44 | ~00:41:11 left] [Ep 2827] Reward: 422.52 | Coverage: 73.7% | Eps: 0.329 | Loss: 0.2175
[+00:51:45 | ~00:41:10 left] [Ep 2828] Reward: 503.19 | Coverage: 62.0% | Eps: 0.328 | Loss: 0.2581
[+00:51:46 | ~00:41:09 left] [Ep 2829] Reward: 454.00 | Coverage: 66.5% | Eps: 0.328 | Loss: 0.2053
[+00:51:47 | ~00:41:08 left] [Ep 2830] Reward: 466.57 | Coverage: 64.4% | Eps: 0.328 | Loss: 0.1519
[+00:51:48 | ~00:41:07 left] [Ep 2831] Reward: 246.78 | Coverage: 67.2% | Eps: 0.328 | Loss: 0.1830
[+00:51:50 | ~00:41:06 left] [Ep 2832] Reward: 661.74 | Coverage: 56.1% | Eps: 0.327 | Loss: 0.2826
[+00:51:51 | ~00:41:05 left] [Ep 2833] Reward: 363.52 | Coverage: 61.3% | Eps: 0.327 | Loss: 0.2091
[+00:51:52 | ~00:41:03 left] [Ep 2834] Reward: 543.40 | Coverage: 64.4% | Eps: 0.327 | Loss: 0.2104
[+00:51:53 | ~00:41:02 left] [Ep 2835] Reward: 366.97 | Coverage: 65.4% | Eps: 0.327 | Loss: 0.2081
[+00:51:54 | ~00:41:01 left] [Ep 2836] Reward: 513.17 | Coverage: 71.8% | Eps: 0.326 | Loss: 0.2963
[+00:51:55 | ~00:41:00 left] [Ep 2837] Reward: 502.42 | Coverage: 68.0% | Eps: 0.326 | Loss: 0.2852
[+00:51:56 | ~00:40:59 left] [Ep 2838] Reward: 402.41 | Coverage: 68.4% | Eps: 0.326 | Loss: 0.3090
[+00:51:57 | ~00:40:58 left] [Ep 2839] Reward: 358.14 | Coverage: 64.4% | Eps: 0.326 | Loss: 0.2139
[+00:51:59 | ~00:40:57 left] [Ep 2840] Reward: 293.05 | Coverage: 72.8% | Eps: 0.326 | Loss: 0.2322
[+00:52:00 | ~00:40:56 left] [Ep 2841] Reward: 371.12 | Coverage: 60.9% | Eps: 0.325 | Loss: 0.1597
[+00:52:01 | ~00:40:55 left] [Ep 2842] Reward: 369.83 | Coverage: 64.1% | Eps: 0.325 | Loss: 0.2795
[+00:52:02 | ~00:40:54 left] [Ep 2843] Reward: 253.23 | Coverage: 55.2% | Eps: 0.325 | Loss: 0.1738
[+00:52:03 | ~00:40:52 left] [Ep 2844] Reward: 370.70 | Coverage: 58.0% | Eps: 0.325 | Loss: 0.2292
[+00:52:04 | ~00:40:51 left] [Ep 2845] Reward: 562.90 | Coverage: 70.2% | Eps: 0.324 | Loss: 0.1767
[+00:52:05 | ~00:40:50 left] [Ep 2846] Reward: 261.53 | Coverage: 64.5% | Eps: 0.324 | Loss: 0.1972
[+00:52:06 | ~00:40:49 left] [Ep 2847] Reward: 564.72 | Coverage: 52.9% | Eps: 0.324 | Loss: 0.1873
[+00:52:07 | ~00:40:48 left] [Ep 2848] Reward: 519.07 | Coverage: 64.5% | Eps: 0.324 | Loss: 0.1966
[+00:52:09 | ~00:40:47 left] [Ep 2849] Reward: 376.18 | Coverage: 63.2% | Eps: 0.323 | Loss: 0.1994
[+00:52:10 | ~00:40:46 left] [Ep 2850] Reward: 445.39 | Coverage: 57.5% | Eps: 0.323 | Loss: 0.1991
[+00:52:11 | ~00:40:45 left] [Ep 2851] Reward: 535.38 | Coverage: 66.9% | Eps: 0.323 | Loss: 0.2545
[+00:52:12 | ~00:40:43 left] [Ep 2852] Reward: 483.90 | Coverage: 63.0% | Eps: 0.323 | Loss: 0.1771
[+00:52:13 | ~00:40:42 left] [Ep 2853] Reward: 679.14 | Coverage: 64.8% | Eps: 0.322 | Loss: 0.2302
[+00:52:14 | ~00:40:41 left] [Ep 2854] Reward: 259.22 | Coverage: 70.8% | Eps: 0.322 | Loss: 0.2702
[+00:52:15 | ~00:40:40 left] [Ep 2855] Reward: 438.86 | Coverage: 60.8% | Eps: 0.322 | Loss: 0.2010
[+00:52:16 | ~00:40:39 left] [Ep 2856] Reward: 464.11 | Coverage: 71.6% | Eps: 0.322 | Loss: 0.1930
[+00:52:17 | ~00:40:38 left] [Ep 2857] Reward: 363.69 | Coverage: 63.0% | Eps: 0.321 | Loss: 0.2126
[+00:52:18 | ~00:40:37 left] [Ep 2858] Reward: 440.80 | Coverage: 63.1% | Eps: 0.321 | Loss: 0.2691
[+00:52:20 | ~00:40:36 left] [Ep 2859] Reward: 379.65 | Coverage: 73.0% | Eps: 0.321 | Loss: 0.2298
[+00:52:21 | ~00:40:35 left] [Ep 2860] Reward: 215.12 | Coverage: 67.2% | Eps: 0.321 | Loss: 0.2009
[+00:52:22 | ~00:40:33 left] [Ep 2861] Reward: 237.56 | Coverage: 62.1% | Eps: 0.321 | Loss: 0.2417
[+00:52:23 | ~00:40:32 left] [Ep 2862] Reward: 281.03 | Coverage: 64.0% | Eps: 0.320 | Loss: 0.1784
[+00:52:24 | ~00:40:31 left] [Ep 2863] Reward: 423.87 | Coverage: 66.1% | Eps: 0.320 | Loss: 0.2499
[+00:52:25 | ~00:40:30 left] [Ep 2864] Reward: 380.74 | Coverage: 55.4% | Eps: 0.320 | Loss: 0.2391
[+00:52:26 | ~00:40:29 left] [Ep 2865] Reward: 472.91 | Coverage: 69.0% | Eps: 0.320 | Loss: 0.2106
[+00:52:27 | ~00:40:28 left] [Ep 2866] Reward: 277.16 | Coverage: 64.7% | Eps: 0.319 | Loss: 0.1895
[+00:52:29 | ~00:40:27 left] [Ep 2867] Reward: 454.78 | Coverage: 56.5% | Eps: 0.319 | Loss: 0.1878
[+00:52:29 | ~00:40:26 left] [Ep 2868] Reward: 413.45 | Coverage: 58.7% | Eps: 0.319 | Loss: 0.2448
[+00:52:31 | ~00:40:25 left] [Ep 2869] Reward: 550.83 | Coverage: 70.3% | Eps: 0.319 | Loss: 0.2727
[+00:52:32 | ~00:40:24 left] [Ep 2870] Reward: 435.79 | Coverage: 56.7% | Eps: 0.318 | Loss: 0.1982
[+00:52:33 | ~00:40:23 left] [Ep 2871] Reward: 622.61 | Coverage: 78.5% | Eps: 0.318 | Loss: 0.2422
[+00:52:34 | ~00:40:21 left] [Ep 2872] Reward: 388.32 | Coverage: 57.9% | Eps: 0.318 | Loss: 0.1406
[+00:52:35 | ~00:40:20 left] [Ep 2873] Reward: 468.43 | Coverage: 66.0% | Eps: 0.318 | Loss: 0.2009
[+00:52:36 | ~00:40:19 left] [Ep 2874] Reward: 452.40 | Coverage: 48.4% | Eps: 0.317 | Loss: 0.2232
[+00:52:37 | ~00:40:18 left] [Ep 2875] Reward: 205.40 | Coverage: 64.3% | Eps: 0.317 | Loss: 0.1883
[+00:52:38 | ~00:40:17 left] [Ep 2876] Reward: 376.69 | Coverage: 61.4% | Eps: 0.317 | Loss: 0.1874
[+00:52:40 | ~00:40:16 left] [Ep 2877] Reward: 378.74 | Coverage: 67.8% | Eps: 0.317 | Loss: 0.1983
[+00:52:41 | ~00:40:15 left] [Ep 2878] Reward: 568.77 | Coverage: 65.9% | Eps: 0.316 | Loss: 0.2369
[+00:52:42 | ~00:40:14 left] [Ep 2879] Reward: 198.70 | Coverage: 62.5% | Eps: 0.316 | Loss: 0.2180
[+00:52:43 | ~00:40:12 left] [Ep 2880] Reward: 579.78 | Coverage: 78.4% | Eps: 0.316 | Loss: 0.1361
[+00:52:44 | ~00:40:11 left] [Ep 2881] Reward: 385.90 | Coverage: 69.6% | Eps: 0.316 | Loss: 0.1411
[+00:52:45 | ~00:40:10 left] [Ep 2882] Reward: 619.96 | Coverage: 60.0% | Eps: 0.316 | Loss: 0.2018
[+00:52:47 | ~00:40:09 left] [Ep 2883] Reward: 531.39 | Coverage: 66.9% | Eps: 0.315 | Loss: 0.2446
[+00:52:48 | ~00:40:08 left] [Ep 2884] Reward: 381.97 | Coverage: 46.2% | Eps: 0.315 | Loss: 0.1166
[+00:52:49 | ~00:40:07 left] [Ep 2885] Reward: 438.85 | Coverage: 60.9% | Eps: 0.315 | Loss: 0.2068
[+00:52:50 | ~00:40:06 left] [Ep 2886] Reward: 531.29 | Coverage: 72.6% | Eps: 0.315 | Loss: 0.2060
[+00:52:51 | ~00:40:04 left] [Ep 2887] Reward: 702.53 | Coverage: 61.0% | Eps: 0.314 | Loss: 0.2828
[+00:52:52 | ~00:40:03 left] [Ep 2888] Reward: 398.72 | Coverage: 65.5% | Eps: 0.314 | Loss: 0.2121
[+00:52:53 | ~00:40:02 left] [Ep 2889] Reward: 484.66 | Coverage: 57.2% | Eps: 0.314 | Loss: 0.2430
[+00:52:54 | ~00:40:01 left] [Ep 2890] Reward: 481.22 | Coverage: 69.6% | Eps: 0.314 | Loss: 0.2336
[+00:52:55 | ~00:40:00 left] [Ep 2891] Reward: 551.21 | Coverage: 65.3% | Eps: 0.313 | Loss: 0.1430
[+00:52:56 | ~00:39:59 left] [Ep 2892] Reward: 351.25 | Coverage: 64.6% | Eps: 0.313 | Loss: 0.2592
[+00:52:58 | ~00:39:58 left] [Ep 2893] Reward: 410.22 | Coverage: 70.5% | Eps: 0.313 | Loss: 0.2374
[+00:52:59 | ~00:39:57 left] [Ep 2894] Reward: 357.44 | Coverage: 75.0% | Eps: 0.313 | Loss: 0.2493
[+00:53:00 | ~00:39:56 left] [Ep 2895] Reward: 742.13 | Coverage: 69.7% | Eps: 0.312 | Loss: 0.3863
[+00:53:01 | ~00:39:54 left] [Ep 2896] Reward: 568.65 | Coverage: 53.5% | Eps: 0.312 | Loss: 0.1462
[+00:53:02 | ~00:39:53 left] [Ep 2897] Reward: 701.99 | Coverage: 67.1% | Eps: 0.312 | Loss: 0.2988
[+00:53:03 | ~00:39:52 left] [Ep 2898] Reward: 561.36 | Coverage: 66.2% | Eps: 0.312 | Loss: 0.2186
[+00:53:04 | ~00:39:51 left] [Ep 2899] Reward: 216.27 | Coverage: 57.2% | Eps: 0.311 | Loss: 0.2419
[+00:53:05 | ~00:39:50 left] [Ep 2900] Reward: 640.85 | Coverage: 54.2% | Eps: 0.311 | Loss: 0.2288

[+00:53:05 | ~00:39:50 left] [Eval] Episode 2900: Reward=647.39, Coverage=56.3%

[+00:53:07 | ~00:39:49 left] [Ep 2901] Reward: 609.85 | Coverage: 61.9% | Eps: 0.311 | Loss: 0.2140
[+00:53:08 | ~00:39:48 left] [Ep 2902] Reward: 428.72 | Coverage: 62.6% | Eps: 0.311 | Loss: 0.2084
[+00:53:09 | ~00:39:47 left] [Ep 2903] Reward: 706.70 | Coverage: 64.0% | Eps: 0.311 | Loss: 0.2447
[+00:53:10 | ~00:39:46 left] [Ep 2904] Reward: 471.99 | Coverage: 59.8% | Eps: 0.310 | Loss: 0.1711
[+00:53:11 | ~00:39:45 left] [Ep 2905] Reward: 449.73 | Coverage: 65.5% | Eps: 0.310 | Loss: 0.2621
[+00:53:12 | ~00:39:44 left] [Ep 2906] Reward: 320.07 | Coverage: 66.3% | Eps: 0.310 | Loss: 0.2158
[+00:53:13 | ~00:39:42 left] [Ep 2907] Reward: 498.31 | Coverage: 62.6% | Eps: 0.310 | Loss: 0.1875
[+00:53:14 | ~00:39:41 left] [Ep 2908] Reward: 501.99 | Coverage: 66.9% | Eps: 0.309 | Loss: 0.2150
[+00:53:15 | ~00:39:40 left] [Ep 2909] Reward: 573.66 | Coverage: 60.7% | Eps: 0.309 | Loss: 0.2836
[+00:53:16 | ~00:39:39 left] [Ep 2910] Reward: 359.29 | Coverage: 54.4% | Eps: 0.309 | Loss: 0.2122
[+00:53:17 | ~00:39:38 left] [Ep 2911] Reward: 549.91 | Coverage: 64.4% | Eps: 0.309 | Loss: 0.2483
[+00:53:18 | ~00:39:37 left] [Ep 2912] Reward: 541.85 | Coverage: 70.1% | Eps: 0.308 | Loss: 0.2051
[+00:53:20 | ~00:39:36 left] [Ep 2913] Reward: 529.07 | Coverage: 78.5% | Eps: 0.308 | Loss: 0.2649
[+00:53:21 | ~00:39:35 left] [Ep 2914] Reward: 433.10 | Coverage: 50.8% | Eps: 0.308 | Loss: 0.2624
[+00:53:22 | ~00:39:33 left] [Ep 2915] Reward: 471.05 | Coverage: 61.2% | Eps: 0.308 | Loss: 0.3092
[+00:53:23 | ~00:39:32 left] [Ep 2916] Reward: 512.21 | Coverage: 58.8% | Eps: 0.307 | Loss: 0.2286
[+00:53:24 | ~00:39:31 left] [Ep 2917] Reward: 496.50 | Coverage: 66.1% | Eps: 0.307 | Loss: 0.2627
[+00:53:25 | ~00:39:30 left] [Ep 2918] Reward: 452.11 | Coverage: 58.8% | Eps: 0.307 | Loss: 0.2402
[+00:53:26 | ~00:39:29 left] [Ep 2919] Reward: 185.86 | Coverage: 65.2% | Eps: 0.307 | Loss: 0.2885
[+00:53:28 | ~00:39:28 left] [Ep 2920] Reward: 469.16 | Coverage: 70.8% | Eps: 0.306 | Loss: 0.2082
[+00:53:29 | ~00:39:26 left] [Ep 2921] Reward: 483.49 | Coverage: 59.6% | Eps: 0.306 | Loss: 0.2671
[+00:53:30 | ~00:39:25 left] [Ep 2922] Reward: 555.61 | Coverage: 64.0% | Eps: 0.306 | Loss: 0.2299
[+00:53:31 | ~00:39:24 left] [Ep 2923] Reward: 514.23 | Coverage: 74.8% | Eps: 0.306 | Loss: 0.2355
[+00:53:32 | ~00:39:23 left] [Ep 2924] Reward: 511.58 | Coverage: 70.1% | Eps: 0.306 | Loss: 0.2421
[+00:53:33 | ~00:39:22 left] [Ep 2925] Reward: 402.30 | Coverage: 54.1% | Eps: 0.305 | Loss: 0.2489
[+00:53:35 | ~00:39:21 left] [Ep 2926] Reward: 453.67 | Coverage: 77.7% | Eps: 0.305 | Loss: 0.2345
[+00:53:36 | ~00:39:20 left] [Ep 2927] Reward: 265.45 | Coverage: 60.1% | Eps: 0.305 | Loss: 0.2481
[+00:53:37 | ~00:39:19 left] [Ep 2928] Reward: 670.93 | Coverage: 66.4% | Eps: 0.305 | Loss: 0.3030
[+00:53:38 | ~00:39:17 left] [Ep 2929] Reward: 547.38 | Coverage: 61.8% | Eps: 0.304 | Loss: 0.2797
[+00:53:39 | ~00:39:16 left] [Ep 2930] Reward: 584.13 | Coverage: 61.6% | Eps: 0.304 | Loss: 0.2754
[+00:53:40 | ~00:39:15 left] [Ep 2931] Reward: 596.80 | Coverage: 60.0% | Eps: 0.304 | Loss: 0.2228
[+00:53:41 | ~00:39:14 left] [Ep 2932] Reward: 230.85 | Coverage: 68.5% | Eps: 0.304 | Loss: 0.2058
[+00:53:43 | ~00:39:13 left] [Ep 2933] Reward: 433.06 | Coverage: 59.5% | Eps: 0.303 | Loss: 0.2800
[+00:53:44 | ~00:39:12 left] [Ep 2934] Reward: 498.34 | Coverage: 56.4% | Eps: 0.303 | Loss: 0.2772
[+00:53:45 | ~00:39:10 left] [Ep 2935] Reward: 437.54 | Coverage: 60.9% | Eps: 0.303 | Loss: 0.3014
[+00:53:46 | ~00:39:09 left] [Ep 2936] Reward: 537.97 | Coverage: 64.5% | Eps: 0.303 | Loss: 0.2188
[+00:53:47 | ~00:39:08 left] [Ep 2937] Reward: 214.93 | Coverage: 51.7% | Eps: 0.302 | Loss: 0.2341
[+00:53:48 | ~00:39:07 left] [Ep 2938] Reward: 346.25 | Coverage: 69.6% | Eps: 0.302 | Loss: 0.1781
[+00:53:49 | ~00:39:06 left] [Ep 2939] Reward: 570.73 | Coverage: 59.9% | Eps: 0.302 | Loss: 0.2284
[+00:53:50 | ~00:39:05 left] [Ep 2940] Reward: 632.99 | Coverage: 69.1% | Eps: 0.302 | Loss: 0.2844
[+00:53:51 | ~00:39:04 left] [Ep 2941] Reward: 241.15 | Coverage: 73.4% | Eps: 0.302 | Loss: 0.2263
[+00:53:53 | ~00:39:03 left] [Ep 2942] Reward: 494.69 | Coverage: 66.5% | Eps: 0.301 | Loss: 0.2709
[+00:53:54 | ~00:39:02 left] [Ep 2943] Reward: 660.19 | Coverage: 67.9% | Eps: 0.301 | Loss: 0.2381
[+00:53:55 | ~00:39:00 left] [Ep 2944] Reward: 582.27 | Coverage: 61.6% | Eps: 0.301 | Loss: 0.2591
[+00:53:56 | ~00:38:59 left] [Ep 2945] Reward: 468.89 | Coverage: 60.2% | Eps: 0.301 | Loss: 0.2007
[+00:53:57 | ~00:38:58 left] [Ep 2946] Reward: 480.58 | Coverage: 52.4% | Eps: 0.300 | Loss: 0.2504
[+00:53:58 | ~00:38:57 left] [Ep 2947] Reward: 351.87 | Coverage: 63.3% | Eps: 0.300 | Loss: 0.1278
[+00:53:59 | ~00:38:56 left] [Ep 2948] Reward: 828.89 | Coverage: 61.0% | Eps: 0.300 | Loss: 0.2403
[+00:54:00 | ~00:38:55 left] [Ep 2949] Reward: 476.09 | Coverage: 49.4% | Eps: 0.300 | Loss: 0.1830
[+00:54:01 | ~00:38:54 left] [Ep 2950] Reward: 275.50 | Coverage: 66.3% | Eps: 0.299 | Loss: 0.2969
[+00:54:02 | ~00:38:53 left] [Ep 2951] Reward: 499.24 | Coverage: 74.2% | Eps: 0.299 | Loss: 0.2802
[+00:54:03 | ~00:38:52 left] [Ep 2952] Reward: 586.86 | Coverage: 67.1% | Eps: 0.299 | Loss: 0.2682
[+00:54:04 | ~00:38:51 left] [Ep 2953] Reward: 568.27 | Coverage: 72.0% | Eps: 0.299 | Loss: 0.3108
[+00:54:05 | ~00:38:50 left] [Ep 2954] Reward: 603.76 | Coverage: 62.8% | Eps: 0.298 | Loss: 0.2124
[+00:54:06 | ~00:38:49 left] [Ep 2955] Reward: 432.18 | Coverage: 58.0% | Eps: 0.298 | Loss: 0.3207
[+00:54:07 | ~00:38:48 left] [Ep 2956] Reward: 518.31 | Coverage: 65.0% | Eps: 0.298 | Loss: 0.2886
[+00:54:08 | ~00:38:47 left] [Ep 2957] Reward: 392.94 | Coverage: 62.3% | Eps: 0.298 | Loss: 0.2422
[+00:54:10 | ~00:38:46 left] [Ep 2958] Reward: 708.10 | Coverage: 57.3% | Eps: 0.297 | Loss: 0.2976
[+00:54:11 | ~00:38:45 left] [Ep 2959] Reward: 389.53 | Coverage: 71.1% | Eps: 0.297 | Loss: 0.2083
[+00:54:12 | ~00:38:43 left] [Ep 2960] Reward: 320.74 | Coverage: 65.6% | Eps: 0.297 | Loss: 0.2201
[+00:54:13 | ~00:38:42 left] [Ep 2961] Reward: 449.76 | Coverage: 60.4% | Eps: 0.297 | Loss: 0.2291
[+00:54:14 | ~00:38:41 left] [Ep 2962] Reward: 723.46 | Coverage: 65.8% | Eps: 0.297 | Loss: 0.2328
[+00:54:15 | ~00:38:40 left] [Ep 2963] Reward: 370.70 | Coverage: 63.6% | Eps: 0.296 | Loss: 0.2121
[+00:54:16 | ~00:38:39 left] [Ep 2964] Reward: 473.76 | Coverage: 68.5% | Eps: 0.296 | Loss: 0.3038
[+00:54:17 | ~00:38:38 left] [Ep 2965] Reward: 509.82 | Coverage: 74.8% | Eps: 0.296 | Loss: 0.2449
[+00:54:18 | ~00:38:37 left] [Ep 2966] Reward: 475.67 | Coverage: 60.6% | Eps: 0.296 | Loss: 0.2698
[+00:54:20 | ~00:38:36 left] [Ep 2967] Reward: 490.52 | Coverage: 56.9% | Eps: 0.295 | Loss: 0.2334
[+00:54:21 | ~00:38:35 left] [Ep 2968] Reward: 422.39 | Coverage: 73.4% | Eps: 0.295 | Loss: 0.1838
[+00:54:22 | ~00:38:34 left] [Ep 2969] Reward: 389.53 | Coverage: 78.5% | Eps: 0.295 | Loss: 0.2679
[+00:54:23 | ~00:38:32 left] [Ep 2970] Reward: 305.97 | Coverage: 60.7% | Eps: 0.295 | Loss: 0.1811
[+00:54:24 | ~00:38:31 left] [Ep 2971] Reward: 236.01 | Coverage: 58.8% | Eps: 0.294 | Loss: 0.2553
[+00:54:25 | ~00:38:30 left] [Ep 2972] Reward: 418.93 | Coverage: 56.9% | Eps: 0.294 | Loss: 0.2038
[+00:54:26 | ~00:38:29 left] [Ep 2973] Reward: 772.30 | Coverage: 64.5% | Eps: 0.294 | Loss: 0.3385
[+00:54:27 | ~00:38:28 left] [Ep 2974] Reward: 626.50 | Coverage: 65.3% | Eps: 0.294 | Loss: 0.2959
[+00:54:28 | ~00:38:27 left] [Ep 2975] Reward: 554.29 | Coverage: 62.9% | Eps: 0.293 | Loss: 0.2642
[+00:54:29 | ~00:38:26 left] [Ep 2976] Reward: 631.20 | Coverage: 70.0% | Eps: 0.293 | Loss: 0.3110
[+00:54:30 | ~00:38:25 left] [Ep 2977] Reward: 314.78 | Coverage: 59.4% | Eps: 0.293 | Loss: 0.2270
[+00:54:31 | ~00:38:24 left] [Ep 2978] Reward: 573.24 | Coverage: 60.8% | Eps: 0.293 | Loss: 0.2831
[+00:54:32 | ~00:38:23 left] [Ep 2979] Reward: 425.63 | Coverage: 56.6% | Eps: 0.292 | Loss: 0.2698
[+00:54:33 | ~00:38:22 left] [Ep 2980] Reward: 775.89 | Coverage: 73.5% | Eps: 0.292 | Loss: 0.2729
[+00:54:35 | ~00:38:21 left] [Ep 2981] Reward: 298.03 | Coverage: 71.5% | Eps: 0.292 | Loss: 0.3137
[+00:54:36 | ~00:38:20 left] [Ep 2982] Reward: 455.24 | Coverage: 73.0% | Eps: 0.292 | Loss: 0.2926
[+00:54:37 | ~00:38:18 left] [Ep 2983] Reward: 685.40 | Coverage: 59.2% | Eps: 0.292 | Loss: 0.2753
[+00:54:38 | ~00:38:17 left] [Ep 2984] Reward: 484.82 | Coverage: 73.2% | Eps: 0.291 | Loss: 0.1980
[+00:54:39 | ~00:38:16 left] [Ep 2985] Reward: 524.29 | Coverage: 66.5% | Eps: 0.291 | Loss: 0.2263
[+00:54:40 | ~00:38:15 left] [Ep 2986] Reward: 413.82 | Coverage: 69.2% | Eps: 0.291 | Loss: 0.2603
[+00:54:41 | ~00:38:14 left] [Ep 2987] Reward: 565.31 | Coverage: 68.4% | Eps: 0.291 | Loss: 0.2694
[+00:54:42 | ~00:38:13 left] [Ep 2988] Reward: 739.30 | Coverage: 62.6% | Eps: 0.290 | Loss: 0.2210
[+00:54:43 | ~00:38:12 left] [Ep 2989] Reward: 655.91 | Coverage: 63.6% | Eps: 0.290 | Loss: 0.3631
[+00:54:44 | ~00:38:11 left] [Ep 2990] Reward: 585.54 | Coverage: 54.8% | Eps: 0.290 | Loss: 0.3278
[+00:54:45 | ~00:38:10 left] [Ep 2991] Reward: 483.51 | Coverage: 61.2% | Eps: 0.290 | Loss: 0.2917
[+00:54:47 | ~00:38:09 left] [Ep 2992] Reward: 599.99 | Coverage: 63.2% | Eps: 0.289 | Loss: 0.2710
[+00:54:48 | ~00:38:07 left] [Ep 2993] Reward: 464.12 | Coverage: 57.3% | Eps: 0.289 | Loss: 0.2601
[+00:54:49 | ~00:38:06 left] [Ep 2994] Reward: 386.99 | Coverage: 65.3% | Eps: 0.289 | Loss: 0.2310
[+00:54:50 | ~00:38:05 left] [Ep 2995] Reward: 459.12 | Coverage: 72.8% | Eps: 0.289 | Loss: 0.2727
[+00:54:51 | ~00:38:04 left] [Ep 2996] Reward: 644.18 | Coverage: 61.5% | Eps: 0.288 | Loss: 0.2804
[+00:54:52 | ~00:38:03 left] [Ep 2997] Reward: 503.96 | Coverage: 58.5% | Eps: 0.288 | Loss: 0.2209
[+00:54:53 | ~00:38:02 left] [Ep 2998] Reward: 568.29 | Coverage: 59.2% | Eps: 0.288 | Loss: 0.2844
[+00:54:54 | ~00:38:01 left] [Ep 2999] Reward: 329.40 | Coverage: 65.9% | Eps: 0.288 | Loss: 0.2654
[+00:54:55 | ~00:38:00 left] [Ep 3000] Reward: 589.59 | Coverage: 75.9% | Eps: 0.288 | Loss: 0.1957

[+00:54:55 | ~00:38:00 left] [Eval] Episode 3000: Reward=595.48, Coverage=77.0%

[+00:54:56 | ~00:37:59 left] [Ep 3001] Reward: 346.81 | Coverage: 65.8% | Eps: 0.287 | Loss: 0.2381
[+00:54:58 | ~00:37:58 left] [Ep 3002] Reward: 496.32 | Coverage: 65.1% | Eps: 0.287 | Loss: 0.2565
[+00:54:59 | ~00:37:57 left] [Ep 3003] Reward: 521.11 | Coverage: 56.8% | Eps: 0.287 | Loss: 0.3491
[+00:55:00 | ~00:37:55 left] [Ep 3004] Reward: 506.76 | Coverage: 66.9% | Eps: 0.287 | Loss: 0.2963
[+00:55:01 | ~00:37:54 left] [Ep 3005] Reward: 473.33 | Coverage: 68.8% | Eps: 0.286 | Loss: 0.2211
[+00:55:02 | ~00:37:53 left] [Ep 3006] Reward: 627.70 | Coverage: 62.2% | Eps: 0.286 | Loss: 0.2945
[+00:55:03 | ~00:37:52 left] [Ep 3007] Reward: 466.72 | Coverage: 64.6% | Eps: 0.286 | Loss: 0.2136
[+00:55:04 | ~00:37:51 left] [Ep 3008] Reward: 327.90 | Coverage: 60.5% | Eps: 0.286 | Loss: 0.3193
[+00:55:06 | ~00:37:50 left] [Ep 3009] Reward: 654.31 | Coverage: 69.5% | Eps: 0.285 | Loss: 0.2577
[+00:55:07 | ~00:37:49 left] [Ep 3010] Reward: 630.45 | Coverage: 73.3% | Eps: 0.285 | Loss: 0.2733
[+00:55:08 | ~00:37:48 left] [Ep 3011] Reward: 519.33 | Coverage: 67.2% | Eps: 0.285 | Loss: 0.3306
[+00:55:09 | ~00:37:47 left] [Ep 3012] Reward: 300.57 | Coverage: 68.0% | Eps: 0.285 | Loss: 0.2265
[+00:55:10 | ~00:37:46 left] [Ep 3013] Reward: 361.22 | Coverage: 65.1% | Eps: 0.284 | Loss: 0.2227
[+00:55:11 | ~00:37:44 left] [Ep 3014] Reward: 476.14 | Coverage: 60.7% | Eps: 0.284 | Loss: 0.2557
[+00:55:12 | ~00:37:43 left] [Ep 3015] Reward: 673.17 | Coverage: 59.8% | Eps: 0.284 | Loss: 0.3211
[+00:55:13 | ~00:37:42 left] [Ep 3016] Reward: 342.11 | Coverage: 62.2% | Eps: 0.284 | Loss: 0.2193
[+00:55:14 | ~00:37:41 left] [Ep 3017] Reward: 444.14 | Coverage: 65.5% | Eps: 0.283 | Loss: 0.1672
[+00:55:15 | ~00:37:40 left] [Ep 3018] Reward: 458.17 | Coverage: 64.7% | Eps: 0.283 | Loss: 0.2630
[+00:55:16 | ~00:37:39 left] [Ep 3019] Reward: 308.74 | Coverage: 71.2% | Eps: 0.283 | Loss: 0.3036
[+00:55:17 | ~00:37:38 left] [Ep 3020] Reward: 334.64 | Coverage: 69.5% | Eps: 0.283 | Loss: 0.3300
[+00:55:19 | ~00:37:37 left] [Ep 3021] Reward: 224.74 | Coverage: 74.2% | Eps: 0.283 | Loss: 0.2640
[+00:55:20 | ~00:37:35 left] [Ep 3022] Reward: 407.85 | Coverage: 69.7% | Eps: 0.282 | Loss: 0.2666
[+00:55:21 | ~00:37:34 left] [Ep 3023] Reward: 354.74 | Coverage: 63.2% | Eps: 0.282 | Loss: 0.3297
[+00:55:22 | ~00:37:33 left] [Ep 3024] Reward: 406.16 | Coverage: 65.4% | Eps: 0.282 | Loss: 0.2092
[+00:55:23 | ~00:37:32 left] [Ep 3025] Reward: 507.49 | Coverage: 54.4% | Eps: 0.282 | Loss: 0.2690
[+00:55:24 | ~00:37:31 left] [Ep 3026] Reward: 441.00 | Coverage: 75.4% | Eps: 0.281 | Loss: 0.2926
[+00:55:25 | ~00:37:30 left] [Ep 3027] Reward: 540.82 | Coverage: 61.1% | Eps: 0.281 | Loss: 0.3035
[+00:55:26 | ~00:37:29 left] [Ep 3028] Reward: 434.97 | Coverage: 62.2% | Eps: 0.281 | Loss: 0.2656
[+00:55:27 | ~00:37:28 left] [Ep 3029] Reward: 477.30 | Coverage: 76.4% | Eps: 0.281 | Loss: 0.2879
[+00:55:28 | ~00:37:27 left] [Ep 3030] Reward: 531.99 | Coverage: 57.9% | Eps: 0.280 | Loss: 0.1875
[+00:55:29 | ~00:37:26 left] [Ep 3031] Reward: 392.99 | Coverage: 60.8% | Eps: 0.280 | Loss: 0.2612
[+00:55:30 | ~00:37:25 left] [Ep 3032] Reward: 536.48 | Coverage: 64.4% | Eps: 0.280 | Loss: 0.3062
[+00:55:31 | ~00:37:24 left] [Ep 3033] Reward: 632.83 | Coverage: 61.1% | Eps: 0.280 | Loss: 0.2492
[+00:55:33 | ~00:37:23 left] [Ep 3034] Reward: 514.93 | Coverage: 65.4% | Eps: 0.279 | Loss: 0.2914
[+00:55:34 | ~00:37:22 left] [Ep 3035] Reward: 554.51 | Coverage: 66.3% | Eps: 0.279 | Loss: 0.3074
[+00:55:35 | ~00:37:21 left] [Ep 3036] Reward: 389.67 | Coverage: 68.8% | Eps: 0.279 | Loss: 0.2763
[+00:55:36 | ~00:37:20 left] [Ep 3037] Reward: 504.84 | Coverage: 64.1% | Eps: 0.279 | Loss: 0.2973
[+00:55:37 | ~00:37:19 left] [Ep 3038] Reward: 59.17 | Coverage: 69.2% | Eps: 0.278 | Loss: 0.2525
[+00:55:38 | ~00:37:18 left] [Ep 3039] Reward: 592.25 | Coverage: 62.7% | Eps: 0.278 | Loss: 0.2832
[+00:55:39 | ~00:37:17 left] [Ep 3040] Reward: 598.49 | Coverage: 68.7% | Eps: 0.278 | Loss: 0.3164
[+00:55:40 | ~00:37:16 left] [Ep 3041] Reward: 503.34 | Coverage: 72.3% | Eps: 0.278 | Loss: 0.2987
[+00:55:41 | ~00:37:14 left] [Ep 3042] Reward: 423.12 | Coverage: 53.8% | Eps: 0.278 | Loss: 0.2695
[+00:55:42 | ~00:37:13 left] [Ep 3043] Reward: 401.01 | Coverage: 63.4% | Eps: 0.277 | Loss: 0.3024
[+00:55:43 | ~00:37:12 left] [Ep 3044] Reward: 502.00 | Coverage: 65.9% | Eps: 0.277 | Loss: 0.3225
[+00:55:44 | ~00:37:11 left] [Ep 3045] Reward: 228.22 | Coverage: 52.8% | Eps: 0.277 | Loss: 0.2124
[+00:55:45 | ~00:37:10 left] [Ep 3046] Reward: 554.71 | Coverage: 45.3% | Eps: 0.277 | Loss: 0.3412
[+00:55:46 | ~00:37:09 left] [Ep 3047] Reward: 538.91 | Coverage: 66.8% | Eps: 0.276 | Loss: 0.2819
[+00:55:47 | ~00:37:08 left] [Ep 3048] Reward: 600.63 | Coverage: 60.7% | Eps: 0.276 | Loss: 0.3129
[+00:55:49 | ~00:37:07 left] [Ep 3049] Reward: 479.22 | Coverage: 69.8% | Eps: 0.276 | Loss: 0.3442
[+00:55:50 | ~00:37:06 left] [Ep 3050] Reward: 540.27 | Coverage: 64.7% | Eps: 0.276 | Loss: 0.2419
[+00:55:51 | ~00:37:05 left] [Ep 3051] Reward: 633.40 | Coverage: 64.7% | Eps: 0.275 | Loss: 0.2689
[+00:55:52 | ~00:37:03 left] [Ep 3052] Reward: 302.57 | Coverage: 62.6% | Eps: 0.275 | Loss: 0.2862
[+00:55:53 | ~00:37:02 left] [Ep 3053] Reward: 534.48 | Coverage: 65.4% | Eps: 0.275 | Loss: 0.2669
[+00:55:54 | ~00:37:01 left] [Ep 3054] Reward: 271.31 | Coverage: 59.0% | Eps: 0.275 | Loss: 0.3681
[+00:55:55 | ~00:37:00 left] [Ep 3055] Reward: 596.85 | Coverage: 61.5% | Eps: 0.274 | Loss: 0.2649
[+00:55:56 | ~00:36:59 left] [Ep 3056] Reward: 555.76 | Coverage: 69.8% | Eps: 0.274 | Loss: 0.2774
[+00:55:57 | ~00:36:58 left] [Ep 3057] Reward: 358.40 | Coverage: 63.2% | Eps: 0.274 | Loss: 0.3083
[+00:55:59 | ~00:36:57 left] [Ep 3058] Reward: 458.51 | Coverage: 68.0% | Eps: 0.274 | Loss: 0.2525
[+00:56:00 | ~00:36:56 left] [Ep 3059] Reward: 475.68 | Coverage: 64.7% | Eps: 0.273 | Loss: 0.2852
[+00:56:01 | ~00:36:55 left] [Ep 3060] Reward: 523.10 | Coverage: 62.6% | Eps: 0.273 | Loss: 0.3142
[+00:56:02 | ~00:36:53 left] [Ep 3061] Reward: 469.11 | Coverage: 58.6% | Eps: 0.273 | Loss: 0.2887
[+00:56:03 | ~00:36:52 left] [Ep 3062] Reward: 387.30 | Coverage: 70.1% | Eps: 0.273 | Loss: 0.2987
[+00:56:04 | ~00:36:51 left] [Ep 3063] Reward: 666.17 | Coverage: 59.5% | Eps: 0.273 | Loss: 0.2818
[+00:56:05 | ~00:36:50 left] [Ep 3064] Reward: 252.14 | Coverage: 67.2% | Eps: 0.272 | Loss: 0.2428
[+00:56:06 | ~00:36:49 left] [Ep 3065] Reward: 521.78 | Coverage: 54.9% | Eps: 0.272 | Loss: 0.3167
[+00:56:07 | ~00:36:48 left] [Ep 3066] Reward: 571.91 | Coverage: 66.5% | Eps: 0.272 | Loss: 0.3745
[+00:56:08 | ~00:36:47 left] [Ep 3067] Reward: 518.03 | Coverage: 67.2% | Eps: 0.272 | Loss: 0.3055
[+00:56:09 | ~00:36:46 left] [Ep 3068] Reward: 335.84 | Coverage: 60.7% | Eps: 0.271 | Loss: 0.3142
[+00:56:10 | ~00:36:45 left] [Ep 3069] Reward: 299.29 | Coverage: 54.5% | Eps: 0.271 | Loss: 0.3334
[+00:56:11 | ~00:36:44 left] [Ep 3070] Reward: 291.08 | Coverage: 63.8% | Eps: 0.271 | Loss: 0.2554
[+00:56:13 | ~00:36:43 left] [Ep 3071] Reward: 564.04 | Coverage: 65.4% | Eps: 0.271 | Loss: 0.3747
[+00:56:14 | ~00:36:42 left] [Ep 3072] Reward: 454.58 | Coverage: 61.4% | Eps: 0.270 | Loss: 0.3151
[+00:56:15 | ~00:36:40 left] [Ep 3073] Reward: 555.54 | Coverage: 60.5% | Eps: 0.270 | Loss: 0.3727
[+00:56:16 | ~00:36:39 left] [Ep 3074] Reward: 472.61 | Coverage: 70.6% | Eps: 0.270 | Loss: 0.2786
[+00:56:17 | ~00:36:38 left] [Ep 3075] Reward: 616.94 | Coverage: 64.1% | Eps: 0.270 | Loss: 0.3811
[+00:56:18 | ~00:36:37 left] [Ep 3076] Reward: 477.36 | Coverage: 62.1% | Eps: 0.269 | Loss: 0.3398
[+00:56:19 | ~00:36:36 left] [Ep 3077] Reward: 353.03 | Coverage: 70.1% | Eps: 0.269 | Loss: 0.3314
[+00:56:20 | ~00:36:35 left] [Ep 3078] Reward: 584.45 | Coverage: 64.6% | Eps: 0.269 | Loss: 0.3190
[+00:56:21 | ~00:36:34 left] [Ep 3079] Reward: 528.37 | Coverage: 60.3% | Eps: 0.269 | Loss: 0.3002
[+00:56:23 | ~00:36:33 left] [Ep 3080] Reward: 466.97 | Coverage: 70.3% | Eps: 0.269 | Loss: 0.3586
[+00:56:24 | ~00:36:32 left] [Ep 3081] Reward: 359.32 | Coverage: 62.5% | Eps: 0.268 | Loss: 0.3166
[+00:56:25 | ~00:36:31 left] [Ep 3082] Reward: 543.66 | Coverage: 70.6% | Eps: 0.268 | Loss: 0.2327
[+00:56:26 | ~00:36:30 left] [Ep 3083] Reward: 556.96 | Coverage: 60.5% | Eps: 0.268 | Loss: 0.2671
[+00:56:27 | ~00:36:28 left] [Ep 3084] Reward: 382.85 | Coverage: 66.8% | Eps: 0.268 | Loss: 0.3048
[+00:56:28 | ~00:36:27 left] [Ep 3085] Reward: 567.55 | Coverage: 72.6% | Eps: 0.267 | Loss: 0.3251
[+00:56:29 | ~00:36:26 left] [Ep 3086] Reward: 511.55 | Coverage: 67.7% | Eps: 0.267 | Loss: 0.3108
[+00:56:30 | ~00:36:25 left] [Ep 3087] Reward: 545.65 | Coverage: 67.9% | Eps: 0.267 | Loss: 0.3623
[+00:56:31 | ~00:36:24 left] [Ep 3088] Reward: 219.47 | Coverage: 67.6% | Eps: 0.267 | Loss: 0.2359
[+00:56:32 | ~00:36:23 left] [Ep 3089] Reward: 540.54 | Coverage: 70.2% | Eps: 0.266 | Loss: 0.3201
[+00:56:33 | ~00:36:22 left] [Ep 3090] Reward: 483.21 | Coverage: 65.3% | Eps: 0.266 | Loss: 0.2420
[+00:56:35 | ~00:36:21 left] [Ep 3091] Reward: 460.57 | Coverage: 67.6% | Eps: 0.266 | Loss: 0.3455
[+00:56:36 | ~00:36:19 left] [Ep 3092] Reward: 857.31 | Coverage: 63.3% | Eps: 0.266 | Loss: 0.3118
[+00:56:37 | ~00:36:18 left] [Ep 3093] Reward: 397.06 | Coverage: 77.0% | Eps: 0.265 | Loss: 0.3327
[+00:56:38 | ~00:36:17 left] [Ep 3094] Reward: 523.44 | Coverage: 59.2% | Eps: 0.265 | Loss: 0.2818
[+00:56:39 | ~00:36:16 left] [Ep 3095] Reward: 476.50 | Coverage: 70.0% | Eps: 0.265 | Loss: 0.3679
[+00:56:40 | ~00:36:15 left] [Ep 3096] Reward: 389.87 | Coverage: 58.5% | Eps: 0.265 | Loss: 0.3588
[+00:56:41 | ~00:36:14 left] [Ep 3097] Reward: 470.55 | Coverage: 68.2% | Eps: 0.264 | Loss: 0.3409
[+00:56:43 | ~00:36:13 left] [Ep 3098] Reward: 536.13 | Coverage: 73.1% | Eps: 0.264 | Loss: 0.3127
[+00:56:44 | ~00:36:12 left] [Ep 3099] Reward: 533.89 | Coverage: 57.8% | Eps: 0.264 | Loss: 0.3415
[+00:56:45 | ~00:36:11 left] [Ep 3100] Reward: 396.58 | Coverage: 75.9% | Eps: 0.264 | Loss: 0.2904

[+00:56:45 | ~00:36:11 left] [Eval] Episode 3100: Reward=372.84, Coverage=76.0%

[+00:56:46 | ~00:36:09 left] [Ep 3101] Reward: 497.68 | Coverage: 58.7% | Eps: 0.264 | Loss: 0.3533
[+00:56:47 | ~00:36:08 left] [Ep 3102] Reward: 599.71 | Coverage: 59.6% | Eps: 0.263 | Loss: 0.3854
[+00:56:48 | ~00:36:07 left] [Ep 3103] Reward: 496.36 | Coverage: 66.8% | Eps: 0.263 | Loss: 0.3626
[+00:56:50 | ~00:36:06 left] [Ep 3104] Reward: 323.64 | Coverage: 57.8% | Eps: 0.263 | Loss: 0.2910
[+00:56:51 | ~00:36:05 left] [Ep 3105] Reward: 454.90 | Coverage: 70.9% | Eps: 0.263 | Loss: 0.3350
[+00:56:51 | ~00:36:04 left] [Ep 3106] Reward: 420.84 | Coverage: 67.9% | Eps: 0.262 | Loss: 0.2692
[+00:56:53 | ~00:36:03 left] [Ep 3107] Reward: 693.04 | Coverage: 47.5% | Eps: 0.262 | Loss: 0.3442
[+00:56:54 | ~00:36:02 left] [Ep 3108] Reward: 449.79 | Coverage: 55.7% | Eps: 0.262 | Loss: 0.3397
[+00:56:55 | ~00:36:01 left] [Ep 3109] Reward: 539.07 | Coverage: 60.2% | Eps: 0.262 | Loss: 0.2472
[+00:56:56 | ~00:35:59 left] [Ep 3110] Reward: 655.33 | Coverage: 67.4% | Eps: 0.261 | Loss: 0.2759
[+00:56:57 | ~00:35:58 left] [Ep 3111] Reward: 514.45 | Coverage: 58.0% | Eps: 0.261 | Loss: 0.3114
[+00:56:58 | ~00:35:57 left] [Ep 3112] Reward: 601.61 | Coverage: 60.2% | Eps: 0.261 | Loss: 0.3110
[+00:56:59 | ~00:35:56 left] [Ep 3113] Reward: 364.28 | Coverage: 68.6% | Eps: 0.261 | Loss: 0.2750
[+00:57:00 | ~00:35:55 left] [Ep 3114] Reward: 448.89 | Coverage: 58.4% | Eps: 0.260 | Loss: 0.3393
[+00:57:01 | ~00:35:54 left] [Ep 3115] Reward: 488.61 | Coverage: 66.6% | Eps: 0.260 | Loss: 0.3342
[+00:57:03 | ~00:35:53 left] [Ep 3116] Reward: 237.08 | Coverage: 56.1% | Eps: 0.260 | Loss: 0.3167
[+00:57:04 | ~00:35:52 left] [Ep 3117] Reward: 470.89 | Coverage: 71.0% | Eps: 0.260 | Loss: 0.2945
[+00:57:05 | ~00:35:50 left] [Ep 3118] Reward: 613.75 | Coverage: 73.7% | Eps: 0.259 | Loss: 0.3670
[+00:57:06 | ~00:35:49 left] [Ep 3119] Reward: 719.66 | Coverage: 57.4% | Eps: 0.259 | Loss: 0.3916
[+00:57:07 | ~00:35:48 left] [Ep 3120] Reward: 461.21 | Coverage: 49.7% | Eps: 0.259 | Loss: 0.3064
[+00:57:08 | ~00:35:47 left] [Ep 3121] Reward: 468.02 | Coverage: 54.1% | Eps: 0.259 | Loss: 0.3016
[+00:57:09 | ~00:35:46 left] [Ep 3122] Reward: 540.73 | Coverage: 70.8% | Eps: 0.259 | Loss: 0.3460
[+00:57:11 | ~00:35:45 left] [Ep 3123] Reward: 443.11 | Coverage: 61.1% | Eps: 0.258 | Loss: 0.3124
[+00:57:12 | ~00:35:43 left] [Ep 3124] Reward: 422.77 | Coverage: 71.3% | Eps: 0.258 | Loss: 0.3214
[+00:57:13 | ~00:35:42 left] [Ep 3125] Reward: 528.00 | Coverage: 56.2% | Eps: 0.258 | Loss: 0.3569
[+00:57:14 | ~00:35:42 left] [Ep 3126] Reward: 535.16 | Coverage: 58.7% | Eps: 0.258 | Loss: 0.2513
[+00:57:15 | ~00:35:40 left] [Ep 3127] Reward: 203.91 | Coverage: 63.9% | Eps: 0.257 | Loss: 0.3807
[+00:57:16 | ~00:35:39 left] [Ep 3128] Reward: 539.45 | Coverage: 71.4% | Eps: 0.257 | Loss: 0.3311
[+00:57:17 | ~00:35:38 left] [Ep 3129] Reward: 365.70 | Coverage: 63.2% | Eps: 0.257 | Loss: 0.3121
[+00:57:18 | ~00:35:37 left] [Ep 3130] Reward: 539.30 | Coverage: 58.1% | Eps: 0.257 | Loss: 0.3253
[+00:57:19 | ~00:35:36 left] [Ep 3131] Reward: 433.53 | Coverage: 66.5% | Eps: 0.256 | Loss: 0.3276
[+00:57:20 | ~00:35:35 left] [Ep 3132] Reward: 403.48 | Coverage: 65.2% | Eps: 0.256 | Loss: 0.2602
[+00:57:21 | ~00:35:34 left] [Ep 3133] Reward: 704.27 | Coverage: 67.8% | Eps: 0.256 | Loss: 0.3895
[+00:57:22 | ~00:35:33 left] [Ep 3134] Reward: 569.04 | Coverage: 63.5% | Eps: 0.256 | Loss: 0.3316
[+00:57:23 | ~00:35:32 left] [Ep 3135] Reward: 467.40 | Coverage: 60.7% | Eps: 0.255 | Loss: 0.3480
[+00:57:25 | ~00:35:31 left] [Ep 3136] Reward: 567.68 | Coverage: 64.7% | Eps: 0.255 | Loss: 0.3686
[+00:57:26 | ~00:35:30 left] [Ep 3137] Reward: 438.33 | Coverage: 49.0% | Eps: 0.255 | Loss: 0.2899
[+00:57:27 | ~00:35:28 left] [Ep 3138] Reward: 391.60 | Coverage: 66.3% | Eps: 0.255 | Loss: 0.3500
[+00:57:28 | ~00:35:27 left] [Ep 3139] Reward: 519.29 | Coverage: 72.4% | Eps: 0.254 | Loss: 0.3206
[+00:57:29 | ~00:35:26 left] [Ep 3140] Reward: 664.83 | Coverage: 68.1% | Eps: 0.254 | Loss: 0.3654
[+00:57:30 | ~00:35:25 left] [Ep 3141] Reward: 473.74 | Coverage: 58.6% | Eps: 0.254 | Loss: 0.2467
[+00:57:31 | ~00:35:24 left] [Ep 3142] Reward: 625.09 | Coverage: 54.9% | Eps: 0.254 | Loss: 0.3281
[+00:57:32 | ~00:35:23 left] [Ep 3143] Reward: 455.25 | Coverage: 72.9% | Eps: 0.254 | Loss: 0.3082
[+00:57:33 | ~00:35:22 left] [Ep 3144] Reward: 353.56 | Coverage: 61.4% | Eps: 0.253 | Loss: 0.3498
[+00:57:34 | ~00:35:21 left] [Ep 3145] Reward: 662.20 | Coverage: 63.3% | Eps: 0.253 | Loss: 0.3516
[+00:57:35 | ~00:35:20 left] [Ep 3146] Reward: 421.23 | Coverage: 66.0% | Eps: 0.253 | Loss: 0.3047
[+00:57:36 | ~00:35:19 left] [Ep 3147] Reward: 320.69 | Coverage: 60.9% | Eps: 0.253 | Loss: 0.3048
[+00:57:38 | ~00:35:18 left] [Ep 3148] Reward: 362.74 | Coverage: 64.8% | Eps: 0.252 | Loss: 0.3291
[+00:57:39 | ~00:35:17 left] [Ep 3149] Reward: 280.46 | Coverage: 74.1% | Eps: 0.252 | Loss: 0.2978
[+00:57:40 | ~00:35:15 left] [Ep 3150] Reward: 548.32 | Coverage: 61.5% | Eps: 0.252 | Loss: 0.3676
[+00:57:41 | ~00:35:14 left] [Ep 3151] Reward: 282.30 | Coverage: 76.7% | Eps: 0.252 | Loss: 0.3194
[+00:57:42 | ~00:35:13 left] [Ep 3152] Reward: 183.69 | Coverage: 67.0% | Eps: 0.251 | Loss: 0.2181
[+00:57:43 | ~00:35:12 left] [Ep 3153] Reward: 528.66 | Coverage: 66.6% | Eps: 0.251 | Loss: 0.3196
[+00:57:44 | ~00:35:11 left] [Ep 3154] Reward: 475.36 | Coverage: 70.6% | Eps: 0.251 | Loss: 0.2932
[+00:57:45 | ~00:35:10 left] [Ep 3155] Reward: 234.74 | Coverage: 70.4% | Eps: 0.251 | Loss: 0.2697
[+00:57:47 | ~00:35:09 left] [Ep 3156] Reward: 662.18 | Coverage: 71.3% | Eps: 0.250 | Loss: 0.2857
[+00:57:48 | ~00:35:08 left] [Ep 3157] Reward: 315.95 | Coverage: 68.1% | Eps: 0.250 | Loss: 0.3398
[+00:57:48 | ~00:35:07 left] [Ep 3158] Reward: 311.37 | Coverage: 60.9% | Eps: 0.250 | Loss: 0.3887
[+00:57:50 | ~00:35:06 left] [Ep 3159] Reward: 463.15 | Coverage: 74.9% | Eps: 0.250 | Loss: 0.3483
[+00:57:51 | ~00:35:05 left] [Ep 3160] Reward: 610.11 | Coverage: 63.6% | Eps: 0.250 | Loss: 0.3117
[+00:57:52 | ~00:35:03 left] [Ep 3161] Reward: 524.18 | Coverage: 59.3% | Eps: 0.249 | Loss: 0.3544
[+00:57:53 | ~00:35:02 left] [Ep 3162] Reward: 367.03 | Coverage: 70.3% | Eps: 0.249 | Loss: 0.3179
[+00:57:54 | ~00:35:01 left] [Ep 3163] Reward: 517.19 | Coverage: 68.7% | Eps: 0.249 | Loss: 0.3087
[+00:57:55 | ~00:35:00 left] [Ep 3164] Reward: 720.68 | Coverage: 64.4% | Eps: 0.249 | Loss: 0.2905
[+00:57:56 | ~00:34:59 left] [Ep 3165] Reward: 439.26 | Coverage: 65.1% | Eps: 0.248 | Loss: 0.2667
[+00:57:57 | ~00:34:58 left] [Ep 3166] Reward: 321.08 | Coverage: 68.3% | Eps: 0.248 | Loss: 0.3214
[+00:57:59 | ~00:34:57 left] [Ep 3167] Reward: 585.65 | Coverage: 76.8% | Eps: 0.248 | Loss: 0.3434
[+00:58:00 | ~00:34:56 left] [Ep 3168] Reward: 404.34 | Coverage: 64.1% | Eps: 0.248 | Loss: 0.3334
[+00:58:01 | ~00:34:54 left] [Ep 3169] Reward: 668.52 | Coverage: 56.6% | Eps: 0.247 | Loss: 0.3208
[+00:58:02 | ~00:34:53 left] [Ep 3170] Reward: 652.98 | Coverage: 61.0% | Eps: 0.247 | Loss: 0.2997
[+00:58:03 | ~00:34:52 left] [Ep 3171] Reward: 529.17 | Coverage: 67.8% | Eps: 0.247 | Loss: 0.3620
[+00:58:04 | ~00:34:51 left] [Ep 3172] Reward: 358.63 | Coverage: 63.3% | Eps: 0.247 | Loss: 0.2851
[+00:58:05 | ~00:34:50 left] [Ep 3173] Reward: 373.31 | Coverage: 60.4% | Eps: 0.246 | Loss: 0.3690
[+00:58:06 | ~00:34:49 left] [Ep 3174] Reward: 309.10 | Coverage: 69.2% | Eps: 0.246 | Loss: 0.2980
[+00:58:08 | ~00:34:48 left] [Ep 3175] Reward: 553.69 | Coverage: 69.3% | Eps: 0.246 | Loss: 0.3081
[+00:58:09 | ~00:34:47 left] [Ep 3176] Reward: 324.44 | Coverage: 63.3% | Eps: 0.246 | Loss: 0.2797
[+00:58:10 | ~00:34:46 left] [Ep 3177] Reward: 608.00 | Coverage: 66.4% | Eps: 0.245 | Loss: 0.3184
[+00:58:11 | ~00:34:45 left] [Ep 3178] Reward: 750.85 | Coverage: 60.6% | Eps: 0.245 | Loss: 0.3776
[+00:58:12 | ~00:34:44 left] [Ep 3179] Reward: 497.94 | Coverage: 60.7% | Eps: 0.245 | Loss: 0.3593
[+00:58:13 | ~00:34:43 left] [Ep 3180] Reward: 690.78 | Coverage: 62.4% | Eps: 0.245 | Loss: 0.3779
[+00:58:14 | ~00:34:41 left] [Ep 3181] Reward: 448.93 | Coverage: 56.0% | Eps: 0.245 | Loss: 0.3597
[+00:58:15 | ~00:34:40 left] [Ep 3182] Reward: 428.39 | Coverage: 66.7% | Eps: 0.244 | Loss: 0.2948
[+00:58:16 | ~00:34:39 left] [Ep 3183] Reward: 399.23 | Coverage: 64.1% | Eps: 0.244 | Loss: 0.3258
[+00:58:17 | ~00:34:38 left] [Ep 3184] Reward: 333.94 | Coverage: 61.3% | Eps: 0.244 | Loss: 0.3079
[+00:58:18 | ~00:34:37 left] [Ep 3185] Reward: 441.07 | Coverage: 65.2% | Eps: 0.244 | Loss: 0.3924
[+00:58:19 | ~00:34:36 left] [Ep 3186] Reward: 519.31 | Coverage: 65.4% | Eps: 0.243 | Loss: 0.2914
[+00:58:21 | ~00:34:35 left] [Ep 3187] Reward: 652.93 | Coverage: 59.8% | Eps: 0.243 | Loss: 0.3751
[+00:58:22 | ~00:34:33 left] [Ep 3188] Reward: 459.96 | Coverage: 60.8% | Eps: 0.243 | Loss: 0.3752
[+00:58:23 | ~00:34:32 left] [Ep 3189] Reward: 547.82 | Coverage: 59.5% | Eps: 0.243 | Loss: 0.4127
[+00:58:24 | ~00:34:31 left] [Ep 3190] Reward: 660.60 | Coverage: 73.0% | Eps: 0.242 | Loss: 0.3232
[+00:58:25 | ~00:34:30 left] [Ep 3191] Reward: 381.50 | Coverage: 53.8% | Eps: 0.242 | Loss: 0.3681
[+00:58:26 | ~00:34:29 left] [Ep 3192] Reward: 641.33 | Coverage: 63.9% | Eps: 0.242 | Loss: 0.4309
[+00:58:27 | ~00:34:28 left] [Ep 3193] Reward: 307.91 | Coverage: 69.7% | Eps: 0.242 | Loss: 0.3150
[+00:58:28 | ~00:34:27 left] [Ep 3194] Reward: 496.09 | Coverage: 57.6% | Eps: 0.241 | Loss: 0.2784
[+00:58:29 | ~00:34:26 left] [Ep 3195] Reward: 276.96 | Coverage: 58.3% | Eps: 0.241 | Loss: 0.2646
[+00:58:30 | ~00:34:25 left] [Ep 3196] Reward: 664.64 | Coverage: 58.2% | Eps: 0.241 | Loss: 0.3684
[+00:58:31 | ~00:34:24 left] [Ep 3197] Reward: 355.16 | Coverage: 52.9% | Eps: 0.241 | Loss: 0.2646
[+00:58:33 | ~00:34:23 left] [Ep 3198] Reward: 464.04 | Coverage: 71.7% | Eps: 0.240 | Loss: 0.3250
[+00:58:34 | ~00:34:22 left] [Ep 3199] Reward: 532.95 | Coverage: 62.6% | Eps: 0.240 | Loss: 0.3574
[+00:58:35 | ~00:34:21 left] [Ep 3200] Reward: 701.53 | Coverage: 57.1% | Eps: 0.240 | Loss: 0.3474

[+00:58:35 | ~00:34:21 left] [Eval] Episode 3200: Reward=708.72, Coverage=58.9%

[+00:58:36 | ~00:34:20 left] [Ep 3201] Reward: 319.12 | Coverage: 60.0% | Eps: 0.240 | Loss: 0.3570
[+00:58:37 | ~00:34:18 left] [Ep 3202] Reward: 357.76 | Coverage: 65.1% | Eps: 0.240 | Loss: 0.3489
[+00:58:38 | ~00:34:17 left] [Ep 3203] Reward: 271.66 | Coverage: 61.8% | Eps: 0.239 | Loss: 0.3912
[+00:58:39 | ~00:34:16 left] [Ep 3204] Reward: 442.47 | Coverage: 58.2% | Eps: 0.239 | Loss: 0.3019
[+00:58:40 | ~00:34:15 left] [Ep 3205] Reward: 542.23 | Coverage: 67.1% | Eps: 0.239 | Loss: 0.3129
[+00:58:41 | ~00:34:14 left] [Ep 3206] Reward: 446.93 | Coverage: 58.2% | Eps: 0.239 | Loss: 0.3091
[+00:58:43 | ~00:34:13 left] [Ep 3207] Reward: 568.47 | Coverage: 61.3% | Eps: 0.238 | Loss: 0.3732
[+00:58:44 | ~00:34:11 left] [Ep 3208] Reward: 565.32 | Coverage: 64.9% | Eps: 0.238 | Loss: 0.3760
[+00:58:45 | ~00:34:11 left] [Ep 3209] Reward: 331.82 | Coverage: 59.2% | Eps: 0.238 | Loss: 0.3580
[+00:58:46 | ~00:34:10 left] [Ep 3210] Reward: 459.41 | Coverage: 64.3% | Eps: 0.238 | Loss: 0.3873
[+00:58:47 | ~00:34:08 left] [Ep 3211] Reward: 166.37 | Coverage: 59.7% | Eps: 0.237 | Loss: 0.2928
[+00:58:48 | ~00:34:07 left] [Ep 3212] Reward: 851.68 | Coverage: 78.5% | Eps: 0.237 | Loss: 0.4066
[+00:58:49 | ~00:34:06 left] [Ep 3213] Reward: 467.96 | Coverage: 61.1% | Eps: 0.237 | Loss: 0.4008
[+00:58:50 | ~00:34:05 left] [Ep 3214] Reward: 589.24 | Coverage: 68.1% | Eps: 0.237 | Loss: 0.3692
[+00:58:51 | ~00:34:04 left] [Ep 3215] Reward: 520.81 | Coverage: 58.3% | Eps: 0.236 | Loss: 0.4110
[+00:58:52 | ~00:34:03 left] [Ep 3216] Reward: 449.03 | Coverage: 56.6% | Eps: 0.236 | Loss: 0.2735
[+00:58:53 | ~00:34:02 left] [Ep 3217] Reward: 456.62 | Coverage: 62.9% | Eps: 0.236 | Loss: 0.3187
[+00:58:55 | ~00:34:01 left] [Ep 3218] Reward: 102.61 | Coverage: 61.5% | Eps: 0.236 | Loss: 0.3102
[+00:58:56 | ~00:33:59 left] [Ep 3219] Reward: 693.16 | Coverage: 61.5% | Eps: 0.235 | Loss: 0.3684
[+00:58:57 | ~00:33:58 left] [Ep 3220] Reward: 450.05 | Coverage: 63.4% | Eps: 0.235 | Loss: 0.2975
[+00:58:58 | ~00:33:57 left] [Ep 3221] Reward: 462.69 | Coverage: 69.2% | Eps: 0.235 | Loss: 0.3697
[+00:58:59 | ~00:33:56 left] [Ep 3222] Reward: 615.51 | Coverage: 75.7% | Eps: 0.235 | Loss: 0.3942
[+00:59:01 | ~00:33:55 left] [Ep 3223] Reward: 459.73 | Coverage: 76.4% | Eps: 0.235 | Loss: 0.3671
[+00:59:02 | ~00:33:54 left] [Ep 3224] Reward: 430.09 | Coverage: 64.0% | Eps: 0.234 | Loss: 0.3506
[+00:59:03 | ~00:33:52 left] [Ep 3225] Reward: 247.43 | Coverage: 75.2% | Eps: 0.234 | Loss: 0.2996
[+00:59:04 | ~00:33:51 left] [Ep 3226] Reward: 355.88 | Coverage: 74.3% | Eps: 0.234 | Loss: 0.3052
[+00:59:05 | ~00:33:50 left] [Ep 3227] Reward: 703.53 | Coverage: 59.6% | Eps: 0.234 | Loss: 0.3889
[+00:59:06 | ~00:33:49 left] [Ep 3228] Reward: 519.22 | Coverage: 60.4% | Eps: 0.233 | Loss: 0.3700
[+00:59:07 | ~00:33:48 left] [Ep 3229] Reward: 602.37 | Coverage: 62.8% | Eps: 0.233 | Loss: 0.3372
[+00:59:08 | ~00:33:47 left] [Ep 3230] Reward: 424.42 | Coverage: 75.9% | Eps: 0.233 | Loss: 0.3219
[+00:59:10 | ~00:33:46 left] [Ep 3231] Reward: 292.98 | Coverage: 62.5% | Eps: 0.233 | Loss: 0.2575
[+00:59:11 | ~00:33:45 left] [Ep 3232] Reward: 434.17 | Coverage: 61.9% | Eps: 0.232 | Loss: 0.2956
[+00:59:12 | ~00:33:43 left] [Ep 3233] Reward: 618.80 | Coverage: 72.2% | Eps: 0.232 | Loss: 0.4148
[+00:59:13 | ~00:33:42 left] [Ep 3234] Reward: 398.04 | Coverage: 62.2% | Eps: 0.232 | Loss: 0.2870
[+00:59:14 | ~00:33:41 left] [Ep 3235] Reward: 544.58 | Coverage: 62.4% | Eps: 0.232 | Loss: 0.3456
[+00:59:15 | ~00:33:40 left] [Ep 3236] Reward: 398.28 | Coverage: 67.1% | Eps: 0.231 | Loss: 0.3782
[+00:59:16 | ~00:33:39 left] [Ep 3237] Reward: 521.03 | Coverage: 64.4% | Eps: 0.231 | Loss: 0.2876
[+00:59:17 | ~00:33:38 left] [Ep 3238] Reward: 234.71 | Coverage: 48.0% | Eps: 0.231 | Loss: 0.3451
[+00:59:18 | ~00:33:37 left] [Ep 3239] Reward: 534.80 | Coverage: 55.4% | Eps: 0.231 | Loss: 0.3750
[+00:59:20 | ~00:33:36 left] [Ep 3240] Reward: 327.77 | Coverage: 67.8% | Eps: 0.231 | Loss: 0.3379
[+00:59:21 | ~00:33:34 left] [Ep 3241] Reward: 682.95 | Coverage: 54.2% | Eps: 0.230 | Loss: 0.4520
[+00:59:22 | ~00:33:33 left] [Ep 3242] Reward: 346.82 | Coverage: 71.0% | Eps: 0.230 | Loss: 0.2703
[+00:59:23 | ~00:33:32 left] [Ep 3243] Reward: 464.50 | Coverage: 62.8% | Eps: 0.230 | Loss: 0.3793
[+00:59:24 | ~00:33:31 left] [Ep 3244] Reward: 394.57 | Coverage: 64.8% | Eps: 0.230 | Loss: 0.3299
[+00:59:25 | ~00:33:30 left] [Ep 3245] Reward: 410.50 | Coverage: 65.0% | Eps: 0.229 | Loss: 0.3675
[+00:59:26 | ~00:33:29 left] [Ep 3246] Reward: 536.30 | Coverage: 51.9% | Eps: 0.229 | Loss: 0.3541
[+00:59:27 | ~00:33:28 left] [Ep 3247] Reward: 334.34 | Coverage: 58.7% | Eps: 0.229 | Loss: 0.3069
[+00:59:28 | ~00:33:27 left] [Ep 3248] Reward: 529.96 | Coverage: 56.6% | Eps: 0.229 | Loss: 0.3452
[+00:59:30 | ~00:33:26 left] [Ep 3249] Reward: 641.95 | Coverage: 64.7% | Eps: 0.228 | Loss: 0.2616
[+00:59:31 | ~00:33:25 left] [Ep 3250] Reward: 354.74 | Coverage: 72.9% | Eps: 0.228 | Loss: 0.3599
[+00:59:32 | ~00:33:23 left] [Ep 3251] Reward: 621.88 | Coverage: 61.8% | Eps: 0.228 | Loss: 0.3475
[+00:59:33 | ~00:33:22 left] [Ep 3252] Reward: 501.88 | Coverage: 63.7% | Eps: 0.228 | Loss: 0.3609
[+00:59:34 | ~00:33:21 left] [Ep 3253] Reward: 562.56 | Coverage: 50.9% | Eps: 0.227 | Loss: 0.3775
[+00:59:35 | ~00:33:20 left] [Ep 3254] Reward: 555.80 | Coverage: 60.9% | Eps: 0.227 | Loss: 0.3497
[+00:59:36 | ~00:33:19 left] [Ep 3255] Reward: 688.34 | Coverage: 61.7% | Eps: 0.227 | Loss: 0.3407
[+00:59:37 | ~00:33:18 left] [Ep 3256] Reward: 305.47 | Coverage: 62.1% | Eps: 0.227 | Loss: 0.2993
[+00:59:39 | ~00:33:17 left] [Ep 3257] Reward: 551.15 | Coverage: 67.0% | Eps: 0.226 | Loss: 0.3058
[+00:59:40 | ~00:33:16 left] [Ep 3258] Reward: 681.47 | Coverage: 72.1% | Eps: 0.226 | Loss: 0.3816
[+00:59:41 | ~00:33:14 left] [Ep 3259] Reward: 548.58 | Coverage: 63.2% | Eps: 0.226 | Loss: 0.3914
[+00:59:42 | ~00:33:13 left] [Ep 3260] Reward: 202.22 | Coverage: 65.7% | Eps: 0.226 | Loss: 0.3242
[+00:59:43 | ~00:33:12 left] [Ep 3261] Reward: 373.81 | Coverage: 53.4% | Eps: 0.226 | Loss: 0.3353
[+00:59:44 | ~00:33:11 left] [Ep 3262] Reward: 463.94 | Coverage: 67.1% | Eps: 0.225 | Loss: 0.2970
[+00:59:45 | ~00:33:10 left] [Ep 3263] Reward: 527.40 | Coverage: 63.5% | Eps: 0.225 | Loss: 0.3799
[+00:59:46 | ~00:33:09 left] [Ep 3264] Reward: 377.32 | Coverage: 52.2% | Eps: 0.225 | Loss: 0.3594
[+00:59:47 | ~00:33:08 left] [Ep 3265] Reward: 357.30 | Coverage: 65.4% | Eps: 0.225 | Loss: 0.4102
[+00:59:48 | ~00:33:07 left] [Ep 3266] Reward: 523.94 | Coverage: 59.1% | Eps: 0.224 | Loss: 0.2971
[+00:59:50 | ~00:33:06 left] [Ep 3267] Reward: 399.99 | Coverage: 69.7% | Eps: 0.224 | Loss: 0.3169
[+00:59:51 | ~00:33:04 left] [Ep 3268] Reward: 392.69 | Coverage: 66.2% | Eps: 0.224 | Loss: 0.3410
[+00:59:52 | ~00:33:03 left] [Ep 3269] Reward: 579.21 | Coverage: 63.8% | Eps: 0.224 | Loss: 0.3574
[+00:59:53 | ~00:33:02 left] [Ep 3270] Reward: 645.02 | Coverage: 74.2% | Eps: 0.223 | Loss: 0.3226
[+00:59:54 | ~00:33:01 left] [Ep 3271] Reward: 496.09 | Coverage: 62.3% | Eps: 0.223 | Loss: 0.2961
[+00:59:55 | ~00:33:00 left] [Ep 3272] Reward: 553.42 | Coverage: 61.3% | Eps: 0.223 | Loss: 0.3660
[+00:59:56 | ~00:32:59 left] [Ep 3273] Reward: 652.60 | Coverage: 63.5% | Eps: 0.223 | Loss: 0.3593
[+00:59:57 | ~00:32:58 left] [Ep 3274] Reward: 499.27 | Coverage: 64.1% | Eps: 0.222 | Loss: 0.2935
[+00:59:58 | ~00:32:57 left] [Ep 3275] Reward: 585.81 | Coverage: 57.9% | Eps: 0.222 | Loss: 0.3841
[+00:59:59 | ~00:32:56 left] [Ep 3276] Reward: 436.56 | Coverage: 66.9% | Eps: 0.222 | Loss: 0.3764
[+01:00:00 | ~00:32:55 left] [Ep 3277] Reward: 312.67 | Coverage: 66.0% | Eps: 0.222 | Loss: 0.3347
[+01:00:02 | ~00:32:54 left] [Ep 3278] Reward: 520.92 | Coverage: 60.0% | Eps: 0.221 | Loss: 0.3323
[+01:00:03 | ~00:32:52 left] [Ep 3279] Reward: 463.33 | Coverage: 53.5% | Eps: 0.221 | Loss: 0.3509
[+01:00:04 | ~00:32:51 left] [Ep 3280] Reward: 630.63 | Coverage: 71.0% | Eps: 0.221 | Loss: 0.2940
[+01:00:05 | ~00:32:50 left] [Ep 3281] Reward: 246.29 | Coverage: 71.8% | Eps: 0.221 | Loss: 0.3294
[+01:00:06 | ~00:32:49 left] [Ep 3282] Reward: 503.99 | Coverage: 69.2% | Eps: 0.221 | Loss: 0.2418
[+01:00:07 | ~00:32:48 left] [Ep 3283] Reward: 635.07 | Coverage: 69.8% | Eps: 0.220 | Loss: 0.3626
[+01:00:08 | ~00:32:47 left] [Ep 3284] Reward: 461.78 | Coverage: 75.0% | Eps: 0.220 | Loss: 0.2648
[+01:00:09 | ~00:32:46 left] [Ep 3285] Reward: 661.11 | Coverage: 65.8% | Eps: 0.220 | Loss: 0.3871
[+01:00:11 | ~00:32:45 left] [Ep 3286] Reward: 419.93 | Coverage: 74.1% | Eps: 0.220 | Loss: 0.3135
[+01:00:12 | ~00:32:44 left] [Ep 3287] Reward: 524.98 | Coverage: 62.9% | Eps: 0.219 | Loss: 0.3179
[+01:00:13 | ~00:32:43 left] [Ep 3288] Reward: 500.66 | Coverage: 58.3% | Eps: 0.219 | Loss: 0.3009
[+01:00:14 | ~00:32:41 left] [Ep 3289] Reward: 256.74 | Coverage: 64.0% | Eps: 0.219 | Loss: 0.3142
[+01:00:15 | ~00:32:40 left] [Ep 3290] Reward: 525.40 | Coverage: 62.0% | Eps: 0.219 | Loss: 0.3821
[+01:00:16 | ~00:32:39 left] [Ep 3291] Reward: 351.19 | Coverage: 67.1% | Eps: 0.218 | Loss: 0.2255
[+01:00:17 | ~00:32:38 left] [Ep 3292] Reward: 567.13 | Coverage: 75.5% | Eps: 0.218 | Loss: 0.3758
[+01:00:18 | ~00:32:37 left] [Ep 3293] Reward: 621.20 | Coverage: 66.7% | Eps: 0.218 | Loss: 0.3379
[+01:00:20 | ~00:32:36 left] [Ep 3294] Reward: 413.38 | Coverage: 70.7% | Eps: 0.218 | Loss: 0.2758
[+01:00:21 | ~00:32:35 left] [Ep 3295] Reward: 746.12 | Coverage: 77.6% | Eps: 0.217 | Loss: 0.2807
[+01:00:22 | ~00:32:33 left] [Ep 3296] Reward: 458.78 | Coverage: 75.5% | Eps: 0.217 | Loss: 0.3904
[+01:00:23 | ~00:32:32 left] [Ep 3297] Reward: 397.82 | Coverage: 64.7% | Eps: 0.217 | Loss: 0.2852
[+01:00:24 | ~00:32:31 left] [Ep 3298] Reward: 426.11 | Coverage: 59.9% | Eps: 0.217 | Loss: 0.2765
[+01:00:25 | ~00:32:30 left] [Ep 3299] Reward: 404.54 | Coverage: 77.7% | Eps: 0.216 | Loss: 0.3678
[+01:00:26 | ~00:32:29 left] [Ep 3300] Reward: 684.25 | Coverage: 57.3% | Eps: 0.216 | Loss: 0.3355

[+01:00:26 | ~00:32:29 left] [Eval] Episode 3300: Reward=673.86, Coverage=55.7%

[+01:00:27 | ~00:32:28 left] [Ep 3301] Reward: 638.31 | Coverage: 52.6% | Eps: 0.216 | Loss: 0.2841
[+01:00:28 | ~00:32:27 left] [Ep 3302] Reward: 435.88 | Coverage: 51.5% | Eps: 0.216 | Loss: 0.3299
[+01:00:29 | ~00:32:26 left] [Ep 3303] Reward: 499.29 | Coverage: 71.6% | Eps: 0.216 | Loss: 0.2798
[+01:00:30 | ~00:32:25 left] [Ep 3304] Reward: 425.93 | Coverage: 54.8% | Eps: 0.215 | Loss: 0.3645
[+01:00:31 | ~00:32:24 left] [Ep 3305] Reward: 644.29 | Coverage: 62.6% | Eps: 0.215 | Loss: 0.3626
[+01:00:32 | ~00:32:23 left] [Ep 3306] Reward: 439.88 | Coverage: 63.4% | Eps: 0.215 | Loss: 0.3410
[+01:00:34 | ~00:32:22 left] [Ep 3307] Reward: 406.73 | Coverage: 72.5% | Eps: 0.215 | Loss: 0.3338
[+01:00:35 | ~00:32:21 left] [Ep 3308] Reward: 436.13 | Coverage: 55.5% | Eps: 0.214 | Loss: 0.3895
[+01:00:36 | ~00:32:19 left] [Ep 3309] Reward: 652.66 | Coverage: 64.5% | Eps: 0.214 | Loss: 0.3186
[+01:00:37 | ~00:32:18 left] [Ep 3310] Reward: 445.02 | Coverage: 66.1% | Eps: 0.214 | Loss: 0.2710
[+01:00:38 | ~00:32:17 left] [Ep 3311] Reward: 459.68 | Coverage: 73.2% | Eps: 0.214 | Loss: 0.3358
[+01:00:39 | ~00:32:16 left] [Ep 3312] Reward: 379.15 | Coverage: 62.7% | Eps: 0.213 | Loss: 0.4009
[+01:00:40 | ~00:32:15 left] [Ep 3313] Reward: 443.51 | Coverage: 65.9% | Eps: 0.213 | Loss: 0.2765
[+01:00:41 | ~00:32:14 left] [Ep 3314] Reward: 279.71 | Coverage: 62.4% | Eps: 0.213 | Loss: 0.3022
[+01:00:42 | ~00:32:13 left] [Ep 3315] Reward: 490.00 | Coverage: 71.2% | Eps: 0.213 | Loss: 0.3329
[+01:00:44 | ~00:32:12 left] [Ep 3316] Reward: 278.27 | Coverage: 70.2% | Eps: 0.212 | Loss: 0.3137
[+01:00:45 | ~00:32:11 left] [Ep 3317] Reward: 641.14 | Coverage: 61.8% | Eps: 0.212 | Loss: 0.2762
[+01:00:46 | ~00:32:09 left] [Ep 3318] Reward: 448.75 | Coverage: 67.7% | Eps: 0.212 | Loss: 0.3599
[+01:00:47 | ~00:32:08 left] [Ep 3319] Reward: 582.87 | Coverage: 54.8% | Eps: 0.212 | Loss: 0.4075
[+01:00:48 | ~00:32:07 left] [Ep 3320] Reward: 530.28 | Coverage: 64.7% | Eps: 0.212 | Loss: 0.3221
[+01:00:49 | ~00:32:06 left] [Ep 3321] Reward: 488.53 | Coverage: 58.6% | Eps: 0.211 | Loss: 0.2777
[+01:00:50 | ~00:32:05 left] [Ep 3322] Reward: 750.91 | Coverage: 61.6% | Eps: 0.211 | Loss: 0.2515
[+01:00:51 | ~00:32:04 left] [Ep 3323] Reward: 542.24 | Coverage: 70.7% | Eps: 0.211 | Loss: 0.3233
[+01:00:53 | ~00:32:03 left] [Ep 3324] Reward: 649.88 | Coverage: 78.0% | Eps: 0.211 | Loss: 0.3568
[+01:00:54 | ~00:32:02 left] [Ep 3325] Reward: 437.02 | Coverage: 65.6% | Eps: 0.210 | Loss: 0.3312
[+01:00:55 | ~00:32:01 left] [Ep 3326] Reward: 479.86 | Coverage: 63.4% | Eps: 0.210 | Loss: 0.3117
[+01:00:56 | ~00:31:59 left] [Ep 3327] Reward: 584.60 | Coverage: 62.2% | Eps: 0.210 | Loss: 0.2878
[+01:00:57 | ~00:31:58 left] [Ep 3328] Reward: 415.42 | Coverage: 69.1% | Eps: 0.210 | Loss: 0.2672
[+01:00:58 | ~00:31:57 left] [Ep 3329] Reward: 361.20 | Coverage: 63.2% | Eps: 0.209 | Loss: 0.3439
[+01:00:59 | ~00:31:56 left] [Ep 3330] Reward: 632.02 | Coverage: 70.6% | Eps: 0.209 | Loss: 0.3466
[+01:01:00 | ~00:31:55 left] [Ep 3331] Reward: 474.19 | Coverage: 74.1% | Eps: 0.209 | Loss: 0.2478
[+01:01:02 | ~00:31:54 left] [Ep 3332] Reward: 447.53 | Coverage: 68.3% | Eps: 0.209 | Loss: 0.3728
[+01:01:03 | ~00:31:53 left] [Ep 3333] Reward: 437.77 | Coverage: 61.9% | Eps: 0.208 | Loss: 0.3317
[+01:01:04 | ~00:31:52 left] [Ep 3334] Reward: 480.83 | Coverage: 69.2% | Eps: 0.208 | Loss: 0.3643
[+01:01:05 | ~00:31:51 left] [Ep 3335] Reward: 609.12 | Coverage: 59.9% | Eps: 0.208 | Loss: 0.2542
[+01:01:06 | ~00:31:50 left] [Ep 3336] Reward: 420.50 | Coverage: 53.1% | Eps: 0.208 | Loss: 0.2528
[+01:01:07 | ~00:31:48 left] [Ep 3337] Reward: 382.00 | Coverage: 71.6% | Eps: 0.207 | Loss: 0.3010
[+01:01:08 | ~00:31:47 left] [Ep 3338] Reward: 589.66 | Coverage: 76.6% | Eps: 0.207 | Loss: 0.3266
[+01:01:09 | ~00:31:46 left] [Ep 3339] Reward: 435.70 | Coverage: 72.8% | Eps: 0.207 | Loss: 0.3779
[+01:01:10 | ~00:31:45 left] [Ep 3340] Reward: 601.55 | Coverage: 62.1% | Eps: 0.207 | Loss: 0.3339
[+01:01:11 | ~00:31:44 left] [Ep 3341] Reward: 332.25 | Coverage: 42.7% | Eps: 0.207 | Loss: 0.2955
[+01:01:12 | ~00:31:43 left] [Ep 3342] Reward: 432.86 | Coverage: 59.7% | Eps: 0.206 | Loss: 0.2636
[+01:01:13 | ~00:31:42 left] [Ep 3343] Reward: 343.79 | Coverage: 68.3% | Eps: 0.206 | Loss: 0.3534
[+01:01:15 | ~00:31:41 left] [Ep 3344] Reward: 558.74 | Coverage: 61.8% | Eps: 0.206 | Loss: 0.2652
[+01:01:16 | ~00:31:40 left] [Ep 3345] Reward: 642.23 | Coverage: 73.2% | Eps: 0.206 | Loss: 0.3685
[+01:01:17 | ~00:31:39 left] [Ep 3346] Reward: 501.80 | Coverage: 59.1% | Eps: 0.205 | Loss: 0.2915
[+01:01:18 | ~00:31:37 left] [Ep 3347] Reward: 690.02 | Coverage: 67.5% | Eps: 0.205 | Loss: 0.3660
[+01:01:19 | ~00:31:36 left] [Ep 3348] Reward: 422.22 | Coverage: 65.7% | Eps: 0.205 | Loss: 0.3291
[+01:01:20 | ~00:31:35 left] [Ep 3349] Reward: 600.01 | Coverage: 65.9% | Eps: 0.205 | Loss: 0.2960
[+01:01:21 | ~00:31:34 left] [Ep 3350] Reward: 473.35 | Coverage: 55.3% | Eps: 0.204 | Loss: 0.2802
[+01:01:22 | ~00:31:33 left] [Ep 3351] Reward: 446.87 | Coverage: 63.6% | Eps: 0.204 | Loss: 0.2869
[+01:01:23 | ~00:31:32 left] [Ep 3352] Reward: 680.64 | Coverage: 65.9% | Eps: 0.204 | Loss: 0.3172
[+01:01:24 | ~00:31:31 left] [Ep 3353] Reward: 334.45 | Coverage: 61.7% | Eps: 0.204 | Loss: 0.3027
[+01:01:25 | ~00:31:30 left] [Ep 3354] Reward: 289.33 | Coverage: 55.9% | Eps: 0.203 | Loss: 0.2754
[+01:01:26 | ~00:31:29 left] [Ep 3355] Reward: 610.94 | Coverage: 61.1% | Eps: 0.203 | Loss: 0.2920
[+01:01:27 | ~00:31:28 left] [Ep 3356] Reward: 337.54 | Coverage: 58.1% | Eps: 0.203 | Loss: 0.3013
[+01:01:29 | ~00:31:27 left] [Ep 3357] Reward: 480.96 | Coverage: 66.4% | Eps: 0.203 | Loss: 0.2125
[+01:01:30 | ~00:31:26 left] [Ep 3358] Reward: 466.85 | Coverage: 70.4% | Eps: 0.202 | Loss: 0.3155
[+01:01:31 | ~00:31:25 left] [Ep 3359] Reward: 575.57 | Coverage: 66.3% | Eps: 0.202 | Loss: 0.2575
[+01:01:32 | ~00:31:23 left] [Ep 3360] Reward: 357.85 | Coverage: 66.6% | Eps: 0.202 | Loss: 0.2501
[+01:01:33 | ~00:31:22 left] [Ep 3361] Reward: 358.73 | Coverage: 63.0% | Eps: 0.202 | Loss: 0.2283
[+01:01:34 | ~00:31:21 left] [Ep 3362] Reward: 423.85 | Coverage: 65.4% | Eps: 0.202 | Loss: 0.2235
[+01:01:35 | ~00:31:20 left] [Ep 3363] Reward: 383.39 | Coverage: 51.7% | Eps: 0.201 | Loss: 0.2406
[+01:01:36 | ~00:31:19 left] [Ep 3364] Reward: 433.77 | Coverage: 64.6% | Eps: 0.201 | Loss: 0.2660
[+01:01:37 | ~00:31:18 left] [Ep 3365] Reward: 608.00 | Coverage: 69.8% | Eps: 0.201 | Loss: 0.3720
[+01:01:38 | ~00:31:17 left] [Ep 3366] Reward: 509.49 | Coverage: 60.8% | Eps: 0.201 | Loss: 0.2723
[+01:01:40 | ~00:31:16 left] [Ep 3367] Reward: 380.36 | Coverage: 68.6% | Eps: 0.200 | Loss: 0.3000
[+01:01:41 | ~00:31:15 left] [Ep 3368] Reward: 367.19 | Coverage: 54.5% | Eps: 0.200 | Loss: 0.3084
[+01:01:42 | ~00:31:14 left] [Ep 3369] Reward: 455.23 | Coverage: 64.4% | Eps: 0.200 | Loss: 0.2971
[+01:01:43 | ~00:31:12 left] [Ep 3370] Reward: 543.77 | Coverage: 62.9% | Eps: 0.200 | Loss: 0.2883
[+01:01:44 | ~00:31:11 left] [Ep 3371] Reward: 585.09 | Coverage: 67.1% | Eps: 0.199 | Loss: 0.2431
[+01:01:45 | ~00:31:10 left] [Ep 3372] Reward: 642.58 | Coverage: 65.1% | Eps: 0.199 | Loss: 0.3484
[+01:01:46 | ~00:31:09 left] [Ep 3373] Reward: 432.62 | Coverage: 78.4% | Eps: 0.199 | Loss: 0.3622
[+01:01:47 | ~00:31:08 left] [Ep 3374] Reward: 425.40 | Coverage: 43.7% | Eps: 0.199 | Loss: 0.2221
[+01:01:48 | ~00:31:07 left] [Ep 3375] Reward: 618.34 | Coverage: 54.8% | Eps: 0.198 | Loss: 0.2480
[+01:01:49 | ~00:31:06 left] [Ep 3376] Reward: 379.10 | Coverage: 59.8% | Eps: 0.198 | Loss: 0.2772
[+01:01:51 | ~00:31:05 left] [Ep 3377] Reward: 588.56 | Coverage: 64.7% | Eps: 0.198 | Loss: 0.2494
[+01:01:52 | ~00:31:04 left] [Ep 3378] Reward: 614.19 | Coverage: 60.0% | Eps: 0.198 | Loss: 0.3077
[+01:01:53 | ~00:31:03 left] [Ep 3379] Reward: 702.27 | Coverage: 59.8% | Eps: 0.197 | Loss: 0.2578
[+01:01:54 | ~00:31:02 left] [Ep 3380] Reward: 393.92 | Coverage: 54.0% | Eps: 0.197 | Loss: 0.3730
[+01:01:55 | ~00:31:00 left] [Ep 3381] Reward: 621.90 | Coverage: 55.4% | Eps: 0.197 | Loss: 0.3336
[+01:01:56 | ~00:30:59 left] [Ep 3382] Reward: 306.89 | Coverage: 58.5% | Eps: 0.197 | Loss: 0.2940
[+01:01:57 | ~00:30:58 left] [Ep 3383] Reward: 580.86 | Coverage: 73.8% | Eps: 0.197 | Loss: 0.3260
[+01:01:58 | ~00:30:57 left] [Ep 3384] Reward: 593.03 | Coverage: 58.9% | Eps: 0.196 | Loss: 0.3287
[+01:01:59 | ~00:30:56 left] [Ep 3385] Reward: 442.29 | Coverage: 78.5% | Eps: 0.196 | Loss: 0.2614
[+01:02:00 | ~00:30:55 left] [Ep 3386] Reward: 314.03 | Coverage: 70.9% | Eps: 0.196 | Loss: 0.2508
[+01:02:01 | ~00:30:54 left] [Ep 3387] Reward: 795.76 | Coverage: 62.2% | Eps: 0.196 | Loss: 0.2861
[+01:02:02 | ~00:30:53 left] [Ep 3388] Reward: 367.75 | Coverage: 69.3% | Eps: 0.195 | Loss: 0.3169
[+01:02:03 | ~00:30:52 left] [Ep 3389] Reward: 511.91 | Coverage: 70.7% | Eps: 0.195 | Loss: 0.2875
[+01:02:05 | ~00:30:51 left] [Ep 3390] Reward: 341.39 | Coverage: 56.4% | Eps: 0.195 | Loss: 0.2184
[+01:02:06 | ~00:30:50 left] [Ep 3391] Reward: 476.50 | Coverage: 53.7% | Eps: 0.195 | Loss: 0.2488
[+01:02:07 | ~00:30:48 left] [Ep 3392] Reward: 617.29 | Coverage: 73.5% | Eps: 0.194 | Loss: 0.2775
[+01:02:08 | ~00:30:47 left] [Ep 3393] Reward: 471.84 | Coverage: 57.9% | Eps: 0.194 | Loss: 0.2769
[+01:02:09 | ~00:30:46 left] [Ep 3394] Reward: 594.17 | Coverage: 69.7% | Eps: 0.194 | Loss: 0.3584
[+01:02:10 | ~00:30:45 left] [Ep 3395] Reward: 343.63 | Coverage: 68.5% | Eps: 0.194 | Loss: 0.2235
[+01:02:11 | ~00:30:44 left] [Ep 3396] Reward: 520.59 | Coverage: 53.3% | Eps: 0.193 | Loss: 0.2987
[+01:02:12 | ~00:30:43 left] [Ep 3397] Reward: 489.52 | Coverage: 68.2% | Eps: 0.193 | Loss: 0.3375
[+01:02:14 | ~00:30:42 left] [Ep 3398] Reward: 145.09 | Coverage: 67.7% | Eps: 0.193 | Loss: 0.3683
[+01:02:15 | ~00:30:41 left] [Ep 3399] Reward: 231.45 | Coverage: 72.3% | Eps: 0.193 | Loss: 0.2608
[+01:02:16 | ~00:30:40 left] [Ep 3400] Reward: 698.77 | Coverage: 63.9% | Eps: 0.193 | Loss: 0.2961

[+01:02:16 | ~00:30:40 left] [Eval] Episode 3400: Reward=690.16, Coverage=65.2%

[+01:02:17 | ~00:30:39 left] [Ep 3401] Reward: 353.98 | Coverage: 67.0% | Eps: 0.192 | Loss: 0.2988
[+01:02:18 | ~00:30:37 left] [Ep 3402] Reward: 448.51 | Coverage: 66.5% | Eps: 0.192 | Loss: 0.2833
[+01:02:19 | ~00:30:36 left] [Ep 3403] Reward: 350.43 | Coverage: 62.6% | Eps: 0.192 | Loss: 0.2710
[+01:02:20 | ~00:30:35 left] [Ep 3404] Reward: 731.74 | Coverage: 74.6% | Eps: 0.192 | Loss: 0.2919
[+01:02:21 | ~00:30:34 left] [Ep 3405] Reward: 534.54 | Coverage: 70.3% | Eps: 0.191 | Loss: 0.1727
[+01:02:22 | ~00:30:33 left] [Ep 3406] Reward: 594.91 | Coverage: 74.0% | Eps: 0.191 | Loss: 0.3008
[+01:02:23 | ~00:30:32 left] [Ep 3407] Reward: 277.65 | Coverage: 66.4% | Eps: 0.191 | Loss: 0.2780
[+01:02:25 | ~00:30:31 left] [Ep 3408] Reward: 361.78 | Coverage: 71.6% | Eps: 0.191 | Loss: 0.2636
[+01:02:26 | ~00:30:30 left] [Ep 3409] Reward: 662.39 | Coverage: 58.0% | Eps: 0.190 | Loss: 0.3539
[+01:02:27 | ~00:30:29 left] [Ep 3410] Reward: 398.33 | Coverage: 60.1% | Eps: 0.190 | Loss: 0.2445
[+01:02:28 | ~00:30:27 left] [Ep 3411] Reward: 266.24 | Coverage: 70.5% | Eps: 0.190 | Loss: 0.2549
[+01:02:29 | ~00:30:26 left] [Ep 3412] Reward: 414.32 | Coverage: 62.6% | Eps: 0.190 | Loss: 0.3502
[+01:02:30 | ~00:30:25 left] [Ep 3413] Reward: 461.38 | Coverage: 61.5% | Eps: 0.189 | Loss: 0.2367
[+01:02:31 | ~00:30:24 left] [Ep 3414] Reward: 568.21 | Coverage: 65.1% | Eps: 0.189 | Loss: 0.2475
[+01:02:32 | ~00:30:23 left] [Ep 3415] Reward: 323.11 | Coverage: 53.9% | Eps: 0.189 | Loss: 0.2631
[+01:02:33 | ~00:30:22 left] [Ep 3416] Reward: 347.83 | Coverage: 65.2% | Eps: 0.189 | Loss: 0.3022
[+01:02:35 | ~00:30:21 left] [Ep 3417] Reward: 381.37 | Coverage: 67.2% | Eps: 0.188 | Loss: 0.2764
[+01:02:36 | ~00:30:20 left] [Ep 3418] Reward: 502.99 | Coverage: 62.0% | Eps: 0.188 | Loss: 0.2158
[+01:02:37 | ~00:30:19 left] [Ep 3419] Reward: 370.62 | Coverage: 56.8% | Eps: 0.188 | Loss: 0.2458
[+01:02:38 | ~00:30:18 left] [Ep 3420] Reward: 346.32 | Coverage: 75.3% | Eps: 0.188 | Loss: 0.2423
[+01:02:39 | ~00:30:16 left] [Ep 3421] Reward: 412.54 | Coverage: 66.8% | Eps: 0.188 | Loss: 0.2630
[+01:02:40 | ~00:30:15 left] [Ep 3422] Reward: 313.18 | Coverage: 57.5% | Eps: 0.187 | Loss: 0.2826
[+01:02:41 | ~00:30:14 left] [Ep 3423] Reward: 465.62 | Coverage: 60.3% | Eps: 0.187 | Loss: 0.2818
[+01:02:42 | ~00:30:13 left] [Ep 3424] Reward: 651.55 | Coverage: 53.7% | Eps: 0.187 | Loss: 0.1936
[+01:02:43 | ~00:30:12 left] [Ep 3425] Reward: 443.29 | Coverage: 52.9% | Eps: 0.187 | Loss: 0.3067
[+01:02:45 | ~00:30:11 left] [Ep 3426] Reward: 488.21 | Coverage: 51.8% | Eps: 0.186 | Loss: 0.2738
[+01:02:46 | ~00:30:10 left] [Ep 3427] Reward: 499.75 | Coverage: 58.7% | Eps: 0.186 | Loss: 0.3186
[+01:02:47 | ~00:30:08 left] [Ep 3428] Reward: 542.48 | Coverage: 66.8% | Eps: 0.186 | Loss: 0.2805
[+01:02:48 | ~00:30:07 left] [Ep 3429] Reward: 647.56 | Coverage: 68.8% | Eps: 0.186 | Loss: 0.3063
[+01:02:49 | ~00:30:06 left] [Ep 3430] Reward: 414.39 | Coverage: 63.3% | Eps: 0.185 | Loss: 0.2804
[+01:02:50 | ~00:30:05 left] [Ep 3431] Reward: 476.41 | Coverage: 70.6% | Eps: 0.185 | Loss: 0.3151
[+01:02:51 | ~00:30:04 left] [Ep 3432] Reward: 538.57 | Coverage: 67.7% | Eps: 0.185 | Loss: 0.2817
[+01:02:52 | ~00:30:03 left] [Ep 3433] Reward: 426.35 | Coverage: 56.7% | Eps: 0.185 | Loss: 0.2564
[+01:02:53 | ~00:30:02 left] [Ep 3434] Reward: 494.00 | Coverage: 58.6% | Eps: 0.184 | Loss: 0.3508
[+01:02:54 | ~00:30:01 left] [Ep 3435] Reward: 461.34 | Coverage: 65.9% | Eps: 0.184 | Loss: 0.2950
[+01:02:56 | ~00:30:00 left] [Ep 3436] Reward: 406.98 | Coverage: 68.4% | Eps: 0.184 | Loss: 0.2819
[+01:02:57 | ~00:29:59 left] [Ep 3437] Reward: 332.68 | Coverage: 71.0% | Eps: 0.184 | Loss: 0.2074
[+01:02:58 | ~00:29:57 left] [Ep 3438] Reward: 149.24 | Coverage: 55.2% | Eps: 0.183 | Loss: 0.2065
[+01:02:59 | ~00:29:56 left] [Ep 3439] Reward: 186.58 | Coverage: 51.6% | Eps: 0.183 | Loss: 0.2692
[+01:03:00 | ~00:29:55 left] [Ep 3440] Reward: 805.71 | Coverage: 77.0% | Eps: 0.183 | Loss: 0.2629
[+01:03:01 | ~00:29:54 left] [Ep 3441] Reward: 589.03 | Coverage: 62.3% | Eps: 0.183 | Loss: 0.2320
[+01:03:02 | ~00:29:53 left] [Ep 3442] Reward: 434.84 | Coverage: 70.5% | Eps: 0.183 | Loss: 0.2618
[+01:03:03 | ~00:29:52 left] [Ep 3443] Reward: 631.86 | Coverage: 64.3% | Eps: 0.182 | Loss: 0.3192
[+01:03:04 | ~00:29:51 left] [Ep 3444] Reward: 327.92 | Coverage: 55.2% | Eps: 0.182 | Loss: 0.2830
[+01:03:06 | ~00:29:50 left] [Ep 3445] Reward: 286.21 | Coverage: 73.1% | Eps: 0.182 | Loss: 0.2091
[+01:03:07 | ~00:29:49 left] [Ep 3446] Reward: 422.16 | Coverage: 67.1% | Eps: 0.182 | Loss: 0.2499
[+01:03:08 | ~00:29:47 left] [Ep 3447] Reward: 325.84 | Coverage: 73.6% | Eps: 0.181 | Loss: 0.2217
[+01:03:09 | ~00:29:46 left] [Ep 3448] Reward: 506.24 | Coverage: 68.0% | Eps: 0.181 | Loss: 0.2379
[+01:03:10 | ~00:29:45 left] [Ep 3449] Reward: 375.31 | Coverage: 57.8% | Eps: 0.181 | Loss: 0.2364
[+01:03:11 | ~00:29:44 left] [Ep 3450] Reward: 635.36 | Coverage: 63.9% | Eps: 0.181 | Loss: 0.2334
[+01:03:12 | ~00:29:43 left] [Ep 3451] Reward: 504.68 | Coverage: 70.6% | Eps: 0.180 | Loss: 0.2019
[+01:03:13 | ~00:29:42 left] [Ep 3452] Reward: 244.41 | Coverage: 59.7% | Eps: 0.180 | Loss: 0.2465
[+01:03:14 | ~00:29:41 left] [Ep 3453] Reward: 403.20 | Coverage: 65.4% | Eps: 0.180 | Loss: 0.2288
[+01:03:15 | ~00:29:40 left] [Ep 3454] Reward: 226.88 | Coverage: 71.7% | Eps: 0.180 | Loss: 0.1336
[+01:03:16 | ~00:29:39 left] [Ep 3455] Reward: 514.02 | Coverage: 56.2% | Eps: 0.179 | Loss: 0.3324
[+01:03:17 | ~00:29:38 left] [Ep 3456] Reward: 461.72 | Coverage: 61.8% | Eps: 0.179 | Loss: 0.2934
[+01:03:18 | ~00:29:37 left] [Ep 3457] Reward: 764.17 | Coverage: 65.3% | Eps: 0.179 | Loss: 0.2344
[+01:03:19 | ~00:29:36 left] [Ep 3458] Reward: 313.87 | Coverage: 70.4% | Eps: 0.179 | Loss: 0.2498
[+01:03:21 | ~00:29:35 left] [Ep 3459] Reward: 406.32 | Coverage: 63.6% | Eps: 0.178 | Loss: 0.2017
[+01:03:22 | ~00:29:33 left] [Ep 3460] Reward: 533.72 | Coverage: 59.6% | Eps: 0.178 | Loss: 0.3160
[+01:03:23 | ~00:29:32 left] [Ep 3461] Reward: 349.04 | Coverage: 67.8% | Eps: 0.178 | Loss: 0.3236
[+01:03:24 | ~00:29:31 left] [Ep 3462] Reward: 359.24 | Coverage: 60.3% | Eps: 0.178 | Loss: 0.2536
[+01:03:25 | ~00:29:30 left] [Ep 3463] Reward: 272.21 | Coverage: 66.9% | Eps: 0.178 | Loss: 0.2879
[+01:03:27 | ~00:29:29 left] [Ep 3464] Reward: 499.20 | Coverage: 66.5% | Eps: 0.177 | Loss: 0.2535
[+01:03:28 | ~00:29:28 left] [Ep 3465] Reward: 575.52 | Coverage: 63.0% | Eps: 0.177 | Loss: 0.1926
[+01:03:29 | ~00:29:26 left] [Ep 3466] Reward: 498.22 | Coverage: 69.8% | Eps: 0.177 | Loss: 0.2292
[+01:03:30 | ~00:29:25 left] [Ep 3467] Reward: 373.51 | Coverage: 71.8% | Eps: 0.177 | Loss: 0.2505
[+01:03:31 | ~00:29:24 left] [Ep 3468] Reward: 254.18 | Coverage: 55.9% | Eps: 0.176 | Loss: 0.2267
[+01:03:32 | ~00:29:23 left] [Ep 3469] Reward: 350.21 | Coverage: 67.6% | Eps: 0.176 | Loss: 0.2357
[+01:03:33 | ~00:29:22 left] [Ep 3470] Reward: 507.07 | Coverage: 63.2% | Eps: 0.176 | Loss: 0.2404
[+01:03:34 | ~00:29:21 left] [Ep 3471] Reward: 502.36 | Coverage: 62.3% | Eps: 0.176 | Loss: 0.2404
[+01:03:35 | ~00:29:20 left] [Ep 3472] Reward: 338.94 | Coverage: 64.8% | Eps: 0.175 | Loss: 0.2454
[+01:03:37 | ~00:29:19 left] [Ep 3473] Reward: 617.04 | Coverage: 71.8% | Eps: 0.175 | Loss: 0.2004
[+01:03:38 | ~00:29:18 left] [Ep 3474] Reward: 258.71 | Coverage: 63.4% | Eps: 0.175 | Loss: 0.2138
[+01:03:39 | ~00:29:17 left] [Ep 3475] Reward: 270.41 | Coverage: 62.2% | Eps: 0.175 | Loss: 0.1907
[+01:03:40 | ~00:29:16 left] [Ep 3476] Reward: 430.10 | Coverage: 56.3% | Eps: 0.174 | Loss: 0.2808
[+01:03:41 | ~00:29:15 left] [Ep 3477] Reward: 188.71 | Coverage: 63.2% | Eps: 0.174 | Loss: 0.1571
[+01:03:42 | ~00:29:13 left] [Ep 3478] Reward: 412.88 | Coverage: 64.3% | Eps: 0.174 | Loss: 0.2871
[+01:03:43 | ~00:29:12 left] [Ep 3479] Reward: 626.00 | Coverage: 58.2% | Eps: 0.174 | Loss: 0.2960
[+01:03:44 | ~00:29:11 left] [Ep 3480] Reward: 560.20 | Coverage: 62.4% | Eps: 0.173 | Loss: 0.2281
[+01:03:45 | ~00:29:10 left] [Ep 3481] Reward: 224.19 | Coverage: 67.4% | Eps: 0.173 | Loss: 0.1357
[+01:03:46 | ~00:29:09 left] [Ep 3482] Reward: 391.38 | Coverage: 73.3% | Eps: 0.173 | Loss: 0.2250
[+01:03:48 | ~00:29:08 left] [Ep 3483] Reward: 685.08 | Coverage: 62.6% | Eps: 0.173 | Loss: 0.2365
[+01:03:49 | ~00:29:07 left] [Ep 3484] Reward: 275.24 | Coverage: 77.2% | Eps: 0.173 | Loss: 0.1983
[+01:03:50 | ~00:29:05 left] [Ep 3485] Reward: 342.83 | Coverage: 70.8% | Eps: 0.172 | Loss: 0.2177
[+01:03:51 | ~00:29:04 left] [Ep 3486] Reward: 643.65 | Coverage: 70.0% | Eps: 0.172 | Loss: 0.2992
[+01:03:52 | ~00:29:03 left] [Ep 3487] Reward: 592.55 | Coverage: 68.2% | Eps: 0.172 | Loss: 0.2642
[+01:03:53 | ~00:29:02 left] [Ep 3488] Reward: 355.59 | Coverage: 65.1% | Eps: 0.172 | Loss: 0.2003
[+01:03:54 | ~00:29:01 left] [Ep 3489] Reward: 329.47 | Coverage: 60.5% | Eps: 0.171 | Loss: 0.1730
[+01:03:55 | ~00:29:00 left] [Ep 3490] Reward: 375.22 | Coverage: 64.1% | Eps: 0.171 | Loss: 0.2235
[+01:03:56 | ~00:28:59 left] [Ep 3491] Reward: 356.31 | Coverage: 64.9% | Eps: 0.171 | Loss: 0.2277
[+01:03:58 | ~00:28:58 left] [Ep 3492] Reward: 482.34 | Coverage: 65.6% | Eps: 0.171 | Loss: 0.2557
[+01:03:59 | ~00:28:56 left] [Ep 3493] Reward: 328.93 | Coverage: 74.4% | Eps: 0.170 | Loss: 0.2141
[+01:04:00 | ~00:28:55 left] [Ep 3494] Reward: 489.98 | Coverage: 77.4% | Eps: 0.170 | Loss: 0.2557
[+01:04:01 | ~00:28:54 left] [Ep 3495] Reward: 405.02 | Coverage: 68.1% | Eps: 0.170 | Loss: 0.3123
[+01:04:02 | ~00:28:53 left] [Ep 3496] Reward: 588.24 | Coverage: 71.0% | Eps: 0.170 | Loss: 0.2672
[+01:04:03 | ~00:28:52 left] [Ep 3497] Reward: 246.25 | Coverage: 60.2% | Eps: 0.169 | Loss: 0.2323
[+01:04:04 | ~00:28:51 left] [Ep 3498] Reward: 577.91 | Coverage: 51.9% | Eps: 0.169 | Loss: 0.2266
[+01:04:05 | ~00:28:50 left] [Ep 3499] Reward: 449.41 | Coverage: 64.0% | Eps: 0.169 | Loss: 0.2193
[+01:04:06 | ~00:28:49 left] [Ep 3500] Reward: 354.91 | Coverage: 66.3% | Eps: 0.169 | Loss: 0.2805

[+01:04:06 | ~00:28:49 left] [Eval] Episode 3500: Reward=370.41, Coverage=65.2%

[+01:04:08 | ~00:28:48 left] [Ep 3501] Reward: 272.68 | Coverage: 73.7% | Eps: 0.169 | Loss: 0.2079
[+01:04:09 | ~00:28:47 left] [Ep 3502] Reward: 541.14 | Coverage: 78.5% | Eps: 0.168 | Loss: 0.2345
[+01:04:10 | ~00:28:46 left] [Ep 3503] Reward: 636.74 | Coverage: 66.4% | Eps: 0.168 | Loss: 0.2344
[+01:04:11 | ~00:28:45 left] [Ep 3504] Reward: 196.72 | Coverage: 73.1% | Eps: 0.168 | Loss: 0.2120
[+01:04:12 | ~00:28:43 left] [Ep 3505] Reward: 390.80 | Coverage: 71.9% | Eps: 0.168 | Loss: 0.1769
[+01:04:13 | ~00:28:42 left] [Ep 3506] Reward: 492.48 | Coverage: 66.1% | Eps: 0.167 | Loss: 0.2444
[+01:04:14 | ~00:28:41 left] [Ep 3507] Reward: 319.34 | Coverage: 70.1% | Eps: 0.167 | Loss: 0.2287
[+01:04:15 | ~00:28:40 left] [Ep 3508] Reward: 441.76 | Coverage: 67.2% | Eps: 0.167 | Loss: 0.2509
[+01:04:16 | ~00:28:39 left] [Ep 3509] Reward: 272.12 | Coverage: 74.7% | Eps: 0.167 | Loss: 0.2093
[+01:04:17 | ~00:28:38 left] [Ep 3510] Reward: 522.25 | Coverage: 58.0% | Eps: 0.166 | Loss: 0.2791
[+01:04:18 | ~00:28:37 left] [Ep 3511] Reward: 373.41 | Coverage: 50.0% | Eps: 0.166 | Loss: 0.1950
[+01:04:20 | ~00:28:36 left] [Ep 3512] Reward: 599.44 | Coverage: 65.6% | Eps: 0.166 | Loss: 0.2982
[+01:04:20 | ~00:28:35 left] [Ep 3513] Reward: 514.58 | Coverage: 70.7% | Eps: 0.166 | Loss: 0.1596
[+01:04:22 | ~00:28:34 left] [Ep 3514] Reward: 574.83 | Coverage: 71.5% | Eps: 0.165 | Loss: 0.2466
[+01:04:23 | ~00:28:33 left] [Ep 3515] Reward: 616.71 | Coverage: 61.2% | Eps: 0.165 | Loss: 0.2480
[+01:04:24 | ~00:28:31 left] [Ep 3516] Reward: 570.99 | Coverage: 68.3% | Eps: 0.165 | Loss: 0.1969
[+01:04:25 | ~00:28:30 left] [Ep 3517] Reward: 388.64 | Coverage: 60.6% | Eps: 0.165 | Loss: 0.2454
[+01:04:26 | ~00:28:29 left] [Ep 3518] Reward: 434.62 | Coverage: 69.2% | Eps: 0.164 | Loss: 0.2794
[+01:04:27 | ~00:28:28 left] [Ep 3519] Reward: 364.71 | Coverage: 60.1% | Eps: 0.164 | Loss: 0.1393
[+01:04:28 | ~00:28:27 left] [Ep 3520] Reward: 521.90 | Coverage: 58.0% | Eps: 0.164 | Loss: 0.2478
[+01:04:29 | ~00:28:26 left] [Ep 3521] Reward: 276.56 | Coverage: 70.9% | Eps: 0.164 | Loss: 0.1277
[+01:04:30 | ~00:28:25 left] [Ep 3522] Reward: 475.67 | Coverage: 56.8% | Eps: 0.164 | Loss: 0.1886
[+01:04:32 | ~00:28:24 left] [Ep 3523] Reward: 351.68 | Coverage: 55.4% | Eps: 0.163 | Loss: 0.2921
[+01:04:33 | ~00:28:23 left] [Ep 3524] Reward: 392.89 | Coverage: 69.9% | Eps: 0.163 | Loss: 0.2035
[+01:04:34 | ~00:28:22 left] [Ep 3525] Reward: 229.95 | Coverage: 65.5% | Eps: 0.163 | Loss: 0.1796
[+01:04:35 | ~00:28:20 left] [Ep 3526] Reward: 310.48 | Coverage: 50.0% | Eps: 0.163 | Loss: 0.2184
[+01:04:36 | ~00:28:19 left] [Ep 3527] Reward: 777.45 | Coverage: 72.4% | Eps: 0.162 | Loss: 0.3088
[+01:04:37 | ~00:28:18 left] [Ep 3528] Reward: 426.07 | Coverage: 57.0% | Eps: 0.162 | Loss: 0.1526
[+01:04:38 | ~00:28:17 left] [Ep 3529] Reward: 497.87 | Coverage: 61.9% | Eps: 0.162 | Loss: 0.1836
[+01:04:39 | ~00:28:16 left] [Ep 3530] Reward: 595.06 | Coverage: 64.1% | Eps: 0.162 | Loss: 0.2853
[+01:04:41 | ~00:28:15 left] [Ep 3531] Reward: 406.38 | Coverage: 77.7% | Eps: 0.161 | Loss: 0.2995
[+01:04:42 | ~00:28:14 left] [Ep 3532] Reward: 268.53 | Coverage: 64.7% | Eps: 0.161 | Loss: 0.2209
[+01:04:43 | ~00:28:12 left] [Ep 3533] Reward: 418.35 | Coverage: 70.6% | Eps: 0.161 | Loss: 0.1753
[+01:04:44 | ~00:28:12 left] [Ep 3534] Reward: 450.20 | Coverage: 64.0% | Eps: 0.161 | Loss: 0.3085
[+01:04:45 | ~00:28:11 left] [Ep 3535] Reward: 695.93 | Coverage: 68.1% | Eps: 0.160 | Loss: 0.2882
[+01:04:46 | ~00:28:09 left] [Ep 3536] Reward: 582.61 | Coverage: 55.8% | Eps: 0.160 | Loss: 0.2514
[+01:04:47 | ~00:28:08 left] [Ep 3537] Reward: 333.94 | Coverage: 64.9% | Eps: 0.160 | Loss: 0.1916
[+01:04:48 | ~00:28:07 left] [Ep 3538] Reward: 403.03 | Coverage: 60.9% | Eps: 0.160 | Loss: 0.2219
[+01:04:49 | ~00:28:06 left] [Ep 3539] Reward: 538.77 | Coverage: 58.4% | Eps: 0.159 | Loss: 0.2173
[+01:04:50 | ~00:28:05 left] [Ep 3540] Reward: 380.99 | Coverage: 66.7% | Eps: 0.159 | Loss: 0.2368
[+01:04:51 | ~00:28:04 left] [Ep 3541] Reward: 231.26 | Coverage: 71.5% | Eps: 0.159 | Loss: 0.2814
[+01:04:52 | ~00:28:03 left] [Ep 3542] Reward: 239.36 | Coverage: 67.9% | Eps: 0.159 | Loss: 0.2584
[+01:04:53 | ~00:28:02 left] [Ep 3543] Reward: 356.95 | Coverage: 62.8% | Eps: 0.159 | Loss: 0.1800
[+01:04:55 | ~00:28:01 left] [Ep 3544] Reward: 275.15 | Coverage: 69.5% | Eps: 0.158 | Loss: 0.2780
[+01:04:56 | ~00:27:59 left] [Ep 3545] Reward: 573.12 | Coverage: 57.7% | Eps: 0.158 | Loss: 0.2353
[+01:04:57 | ~00:27:58 left] [Ep 3546] Reward: 411.33 | Coverage: 66.9% | Eps: 0.158 | Loss: 0.2501
[+01:04:58 | ~00:27:57 left] [Ep 3547] Reward: 584.08 | Coverage: 68.2% | Eps: 0.158 | Loss: 0.2811
[+01:04:59 | ~00:27:56 left] [Ep 3548] Reward: 490.10 | Coverage: 64.3% | Eps: 0.157 | Loss: 0.1778
[+01:05:00 | ~00:27:55 left] [Ep 3549] Reward: 723.11 | Coverage: 63.2% | Eps: 0.157 | Loss: 0.2207
[+01:05:01 | ~00:27:54 left] [Ep 3550] Reward: 453.85 | Coverage: 65.6% | Eps: 0.157 | Loss: 0.2008
[+01:05:03 | ~00:27:53 left] [Ep 3551] Reward: 372.16 | Coverage: 61.2% | Eps: 0.157 | Loss: 0.1592
[+01:05:04 | ~00:27:52 left] [Ep 3552] Reward: 414.49 | Coverage: 63.4% | Eps: 0.156 | Loss: 0.2357
[+01:05:05 | ~00:27:50 left] [Ep 3553] Reward: 466.22 | Coverage: 69.5% | Eps: 0.156 | Loss: 0.3221
[+01:05:06 | ~00:27:49 left] [Ep 3554] Reward: 359.88 | Coverage: 52.5% | Eps: 0.156 | Loss: 0.1480
[+01:05:07 | ~00:27:48 left] [Ep 3555] Reward: 515.69 | Coverage: 72.8% | Eps: 0.156 | Loss: 0.2202
[+01:05:08 | ~00:27:47 left] [Ep 3556] Reward: 482.21 | Coverage: 67.7% | Eps: 0.155 | Loss: 0.2470
[+01:05:09 | ~00:27:46 left] [Ep 3557] Reward: 469.35 | Coverage: 66.2% | Eps: 0.155 | Loss: 0.2262
[+01:05:10 | ~00:27:45 left] [Ep 3558] Reward: 587.46 | Coverage: 58.4% | Eps: 0.155 | Loss: 0.2166
[+01:05:12 | ~00:27:44 left] [Ep 3559] Reward: 322.17 | Coverage: 62.2% | Eps: 0.155 | Loss: 0.1691
[+01:05:13 | ~00:27:43 left] [Ep 3560] Reward: 256.60 | Coverage: 61.0% | Eps: 0.155 | Loss: 0.2303
[+01:05:14 | ~00:27:42 left] [Ep 3561] Reward: 377.81 | Coverage: 69.1% | Eps: 0.154 | Loss: 0.1906
[+01:05:15 | ~00:27:41 left] [Ep 3562] Reward: 207.54 | Coverage: 68.8% | Eps: 0.154 | Loss: 0.1332
[+01:05:16 | ~00:27:40 left] [Ep 3563] Reward: 459.38 | Coverage: 72.2% | Eps: 0.154 | Loss: 0.2685
[+01:05:17 | ~00:27:38 left] [Ep 3564] Reward: 325.19 | Coverage: 65.2% | Eps: 0.154 | Loss: 0.2590
[+01:05:18 | ~00:27:37 left] [Ep 3565] Reward: 689.75 | Coverage: 51.8% | Eps: 0.153 | Loss: 0.2226
[+01:05:19 | ~00:27:36 left] [Ep 3566] Reward: 285.39 | Coverage: 58.6% | Eps: 0.153 | Loss: 0.2297
[+01:05:20 | ~00:27:35 left] [Ep 3567] Reward: 536.92 | Coverage: 62.4% | Eps: 0.153 | Loss: 0.2634
[+01:05:21 | ~00:27:34 left] [Ep 3568] Reward: 253.42 | Coverage: 66.8% | Eps: 0.153 | Loss: 0.2293
[+01:05:23 | ~00:27:33 left] [Ep 3569] Reward: 357.45 | Coverage: 55.1% | Eps: 0.152 | Loss: 0.2565
[+01:05:24 | ~00:27:32 left] [Ep 3570] Reward: 205.57 | Coverage: 63.4% | Eps: 0.152 | Loss: 0.2084
[+01:05:25 | ~00:27:31 left] [Ep 3571] Reward: 488.55 | Coverage: 65.1% | Eps: 0.152 | Loss: 0.2727
[+01:05:26 | ~00:27:30 left] [Ep 3572] Reward: 362.96 | Coverage: 60.9% | Eps: 0.152 | Loss: 0.2330
[+01:05:27 | ~00:27:29 left] [Ep 3573] Reward: 458.90 | Coverage: 63.4% | Eps: 0.151 | Loss: 0.2279
[+01:05:28 | ~00:27:28 left] [Ep 3574] Reward: 502.02 | Coverage: 78.5% | Eps: 0.151 | Loss: 0.1693
[+01:05:29 | ~00:27:27 left] [Ep 3575] Reward: 425.55 | Coverage: 64.5% | Eps: 0.151 | Loss: 0.2316
[+01:05:30 | ~00:27:26 left] [Ep 3576] Reward: 424.51 | Coverage: 77.2% | Eps: 0.151 | Loss: 0.1868
[+01:05:31 | ~00:27:24 left] [Ep 3577] Reward: 133.08 | Coverage: 66.1% | Eps: 0.150 | Loss: 0.1945
[+01:05:32 | ~00:27:23 left] [Ep 3578] Reward: 266.40 | Coverage: 60.1% | Eps: 0.150 | Loss: 0.1874
[+01:05:33 | ~00:27:22 left] [Ep 3579] Reward: 244.87 | Coverage: 68.1% | Eps: 0.150 | Loss: 0.1774
[+01:05:34 | ~00:27:21 left] [Ep 3580] Reward: 456.27 | Coverage: 62.0% | Eps: 0.150 | Loss: 0.3050
[+01:05:35 | ~00:27:20 left] [Ep 3581] Reward: 477.28 | Coverage: 64.2% | Eps: 0.150 | Loss: 0.2733
[+01:05:36 | ~00:27:19 left] [Ep 3582] Reward: 379.65 | Coverage: 50.3% | Eps: 0.149 | Loss: 0.2968
[+01:05:38 | ~00:27:18 left] [Ep 3583] Reward: 324.20 | Coverage: 66.8% | Eps: 0.149 | Loss: 0.1711
[+01:05:39 | ~00:27:17 left] [Ep 3584] Reward: 501.79 | Coverage: 60.8% | Eps: 0.149 | Loss: 0.2229
[+01:05:40 | ~00:27:15 left] [Ep 3585] Reward: 174.07 | Coverage: 71.7% | Eps: 0.149 | Loss: 0.1683
[+01:05:41 | ~00:27:14 left] [Ep 3586] Reward: 492.12 | Coverage: 65.2% | Eps: 0.148 | Loss: 0.1922
[+01:05:42 | ~00:27:13 left] [Ep 3587] Reward: 271.91 | Coverage: 62.1% | Eps: 0.148 | Loss: 0.1833
[+01:05:43 | ~00:27:12 left] [Ep 3588] Reward: 739.17 | Coverage: 57.8% | Eps: 0.148 | Loss: 0.2697
[+01:05:44 | ~00:27:11 left] [Ep 3589] Reward: 421.99 | Coverage: 64.6% | Eps: 0.148 | Loss: 0.2043
[+01:05:46 | ~00:27:10 left] [Ep 3590] Reward: 456.72 | Coverage: 62.1% | Eps: 0.147 | Loss: 0.2629
[+01:05:47 | ~00:27:09 left] [Ep 3591] Reward: 484.05 | Coverage: 59.5% | Eps: 0.147 | Loss: 0.2444
[+01:05:48 | ~00:27:08 left] [Ep 3592] Reward: 373.91 | Coverage: 76.4% | Eps: 0.147 | Loss: 0.3124
[+01:05:49 | ~00:27:07 left] [Ep 3593] Reward: 338.93 | Coverage: 63.5% | Eps: 0.147 | Loss: 0.1611
[+01:05:50 | ~00:27:05 left] [Ep 3594] Reward: 332.29 | Coverage: 70.1% | Eps: 0.146 | Loss: 0.2707
[+01:05:51 | ~00:27:04 left] [Ep 3595] Reward: 270.70 | Coverage: 73.8% | Eps: 0.146 | Loss: 0.2662
[+01:05:52 | ~00:27:03 left] [Ep 3596] Reward: 432.52 | Coverage: 67.0% | Eps: 0.146 | Loss: 0.1815
[+01:05:53 | ~00:27:02 left] [Ep 3597] Reward: 466.93 | Coverage: 68.4% | Eps: 0.146 | Loss: 0.2608
[+01:05:55 | ~00:27:01 left] [Ep 3598] Reward: 502.22 | Coverage: 67.6% | Eps: 0.145 | Loss: 0.2340
[+01:05:56 | ~00:27:00 left] [Ep 3599] Reward: 226.05 | Coverage: 70.5% | Eps: 0.145 | Loss: 0.2115
[+01:05:57 | ~00:26:58 left] [Ep 3600] Reward: 316.79 | Coverage: 68.1% | Eps: 0.145 | Loss: 0.1878

[+01:05:57 | ~00:26:58 left] [Eval] Episode 3600: Reward=330.41, Coverage=68.4%

[+01:05:58 | ~00:26:57 left] [Ep 3601] Reward: 199.63 | Coverage: 67.6% | Eps: 0.145 | Loss: 0.1920
[+01:05:59 | ~00:26:56 left] [Ep 3602] Reward: 289.91 | Coverage: 65.3% | Eps: 0.145 | Loss: 0.3029
[+01:06:00 | ~00:26:55 left] [Ep 3603] Reward: 134.41 | Coverage: 61.3% | Eps: 0.144 | Loss: 0.2210
[+01:06:01 | ~00:26:54 left] [Ep 3604] Reward: 269.89 | Coverage: 61.7% | Eps: 0.144 | Loss: 0.2523
[+01:06:02 | ~00:26:53 left] [Ep 3605] Reward: 420.85 | Coverage: 60.4% | Eps: 0.144 | Loss: 0.1895
[+01:06:03 | ~00:26:52 left] [Ep 3606] Reward: 494.70 | Coverage: 65.6% | Eps: 0.144 | Loss: 0.1901
[+01:06:05 | ~00:26:51 left] [Ep 3607] Reward: 556.63 | Coverage: 72.7% | Eps: 0.143 | Loss: 0.2646
[+01:06:05 | ~00:26:50 left] [Ep 3608] Reward: 388.52 | Coverage: 58.4% | Eps: 0.143 | Loss: 0.1675
[+01:06:07 | ~00:26:49 left] [Ep 3609] Reward: 372.52 | Coverage: 60.5% | Eps: 0.143 | Loss: 0.2050
[+01:06:08 | ~00:26:47 left] [Ep 3610] Reward: 336.57 | Coverage: 58.2% | Eps: 0.143 | Loss: 0.2231
[+01:06:09 | ~00:26:46 left] [Ep 3611] Reward: 323.63 | Coverage: 64.0% | Eps: 0.142 | Loss: 0.2263
[+01:06:10 | ~00:26:45 left] [Ep 3612] Reward: 583.67 | Coverage: 70.9% | Eps: 0.142 | Loss: 0.2148
[+01:06:11 | ~00:26:44 left] [Ep 3613] Reward: 280.06 | Coverage: 62.3% | Eps: 0.142 | Loss: 0.2379
[+01:06:12 | ~00:26:43 left] [Ep 3614] Reward: 659.68 | Coverage: 66.3% | Eps: 0.142 | Loss: 0.2499
[+01:06:14 | ~00:26:42 left] [Ep 3615] Reward: 433.12 | Coverage: 49.6% | Eps: 0.141 | Loss: 0.2517
[+01:06:15 | ~00:26:41 left] [Ep 3616] Reward: 324.98 | Coverage: 63.4% | Eps: 0.141 | Loss: 0.1830
[+01:06:16 | ~00:26:40 left] [Ep 3617] Reward: 366.96 | Coverage: 67.4% | Eps: 0.141 | Loss: 0.2113
[+01:06:17 | ~00:26:38 left] [Ep 3618] Reward: 646.27 | Coverage: 60.5% | Eps: 0.141 | Loss: 0.2706
[+01:06:18 | ~00:26:37 left] [Ep 3619] Reward: 411.68 | Coverage: 54.0% | Eps: 0.140 | Loss: 0.2587
[+01:06:19 | ~00:26:36 left] [Ep 3620] Reward: 441.38 | Coverage: 67.3% | Eps: 0.140 | Loss: 0.1682
[+01:06:20 | ~00:26:35 left] [Ep 3621] Reward: 286.62 | Coverage: 63.7% | Eps: 0.140 | Loss: 0.2373
[+01:06:22 | ~00:26:34 left] [Ep 3622] Reward: 359.92 | Coverage: 75.8% | Eps: 0.140 | Loss: 0.1443
[+01:06:23 | ~00:26:33 left] [Ep 3623] Reward: 554.53 | Coverage: 60.7% | Eps: 0.140 | Loss: 0.2254
[+01:06:24 | ~00:26:32 left] [Ep 3624] Reward: 686.42 | Coverage: 63.4% | Eps: 0.139 | Loss: 0.2996
[+01:06:25 | ~00:26:31 left] [Ep 3625] Reward: 574.97 | Coverage: 61.9% | Eps: 0.139 | Loss: 0.1860
[+01:06:26 | ~00:26:29 left] [Ep 3626] Reward: 475.38 | Coverage: 65.0% | Eps: 0.139 | Loss: 0.1907
[+01:06:27 | ~00:26:28 left] [Ep 3627] Reward: 410.65 | Coverage: 52.8% | Eps: 0.139 | Loss: 0.2548
[+01:06:28 | ~00:26:27 left] [Ep 3628] Reward: 534.18 | Coverage: 72.9% | Eps: 0.138 | Loss: 0.1628
[+01:06:29 | ~00:26:26 left] [Ep 3629] Reward: 501.86 | Coverage: 68.4% | Eps: 0.138 | Loss: 0.1993
[+01:06:30 | ~00:26:25 left] [Ep 3630] Reward: 494.53 | Coverage: 62.9% | Eps: 0.138 | Loss: 0.2487
[+01:06:31 | ~00:26:24 left] [Ep 3631] Reward: 610.26 | Coverage: 62.1% | Eps: 0.138 | Loss: 0.1997
[+01:06:33 | ~00:26:23 left] [Ep 3632] Reward: 343.19 | Coverage: 67.6% | Eps: 0.137 | Loss: 0.2158
[+01:06:34 | ~00:26:22 left] [Ep 3633] Reward: 503.44 | Coverage: 66.6% | Eps: 0.137 | Loss: 0.2552
[+01:06:35 | ~00:26:20 left] [Ep 3634] Reward: 428.16 | Coverage: 61.7% | Eps: 0.137 | Loss: 0.2425
[+01:06:36 | ~00:26:19 left] [Ep 3635] Reward: 530.44 | Coverage: 63.3% | Eps: 0.137 | Loss: 0.2366
[+01:06:37 | ~00:26:18 left] [Ep 3636] Reward: 661.68 | Coverage: 66.5% | Eps: 0.136 | Loss: 0.2125
[+01:06:38 | ~00:26:17 left] [Ep 3637] Reward: 532.20 | Coverage: 61.7% | Eps: 0.136 | Loss: 0.2411
[+01:06:39 | ~00:26:16 left] [Ep 3638] Reward: 148.63 | Coverage: 62.3% | Eps: 0.136 | Loss: 0.2216
[+01:06:40 | ~00:26:15 left] [Ep 3639] Reward: 447.88 | Coverage: 61.7% | Eps: 0.136 | Loss: 0.2451
[+01:06:41 | ~00:26:14 left] [Ep 3640] Reward: 388.66 | Coverage: 62.1% | Eps: 0.136 | Loss: 0.2071
[+01:06:43 | ~00:26:13 left] [Ep 3641] Reward: 527.73 | Coverage: 56.1% | Eps: 0.135 | Loss: 0.2199
[+01:06:44 | ~00:26:12 left] [Ep 3642] Reward: 136.26 | Coverage: 58.4% | Eps: 0.135 | Loss: 0.1879
[+01:06:45 | ~00:26:10 left] [Ep 3643] Reward: 284.26 | Coverage: 66.7% | Eps: 0.135 | Loss: 0.2263
[+01:06:46 | ~00:26:09 left] [Ep 3644] Reward: 517.37 | Coverage: 69.3% | Eps: 0.135 | Loss: 0.1955
[+01:06:47 | ~00:26:08 left] [Ep 3645] Reward: 427.58 | Coverage: 64.0% | Eps: 0.134 | Loss: 0.1837
[+01:06:48 | ~00:26:07 left] [Ep 3646] Reward: 447.04 | Coverage: 41.7% | Eps: 0.134 | Loss: 0.2388
[+01:06:49 | ~00:26:06 left] [Ep 3647] Reward: 500.98 | Coverage: 55.0% | Eps: 0.134 | Loss: 0.2372
[+01:06:50 | ~00:26:05 left] [Ep 3648] Reward: 635.78 | Coverage: 66.9% | Eps: 0.134 | Loss: 0.2603
[+01:06:51 | ~00:26:04 left] [Ep 3649] Reward: 241.76 | Coverage: 75.0% | Eps: 0.133 | Loss: 0.2120
[+01:06:53 | ~00:26:03 left] [Ep 3650] Reward: 404.29 | Coverage: 72.0% | Eps: 0.133 | Loss: 0.2459
[+01:06:54 | ~00:26:02 left] [Ep 3651] Reward: 643.17 | Coverage: 63.0% | Eps: 0.133 | Loss: 0.2518
[+01:06:55 | ~00:26:00 left] [Ep 3652] Reward: 627.62 | Coverage: 62.1% | Eps: 0.133 | Loss: 0.2479
[+01:06:56 | ~00:25:59 left] [Ep 3653] Reward: 568.20 | Coverage: 61.6% | Eps: 0.132 | Loss: 0.1973
[+01:06:57 | ~00:25:58 left] [Ep 3654] Reward: 511.86 | Coverage: 75.3% | Eps: 0.132 | Loss: 0.2366
[+01:06:58 | ~00:25:57 left] [Ep 3655] Reward: 440.58 | Coverage: 65.8% | Eps: 0.132 | Loss: 0.2455
[+01:06:59 | ~00:25:56 left] [Ep 3656] Reward: 449.08 | Coverage: 58.5% | Eps: 0.132 | Loss: 0.2315
[+01:07:00 | ~00:25:55 left] [Ep 3657] Reward: 667.55 | Coverage: 70.4% | Eps: 0.131 | Loss: 0.1481
[+01:07:02 | ~00:25:54 left] [Ep 3658] Reward: 433.43 | Coverage: 69.6% | Eps: 0.131 | Loss: 0.2382
[+01:07:03 | ~00:25:53 left] [Ep 3659] Reward: 479.42 | Coverage: 51.6% | Eps: 0.131 | Loss: 0.3206
[+01:07:04 | ~00:25:52 left] [Ep 3660] Reward: 534.90 | Coverage: 60.4% | Eps: 0.131 | Loss: 0.2180
[+01:07:05 | ~00:25:51 left] [Ep 3661] Reward: 387.54 | Coverage: 70.7% | Eps: 0.131 | Loss: 0.2036
[+01:07:06 | ~00:25:50 left] [Ep 3662] Reward: 315.21 | Coverage: 70.1% | Eps: 0.130 | Loss: 0.2480
[+01:07:07 | ~00:25:49 left] [Ep 3663] Reward: 434.99 | Coverage: 56.5% | Eps: 0.130 | Loss: 0.2458
[+01:07:08 | ~00:25:47 left] [Ep 3664] Reward: 490.08 | Coverage: 64.4% | Eps: 0.130 | Loss: 0.2814
[+01:07:09 | ~00:25:46 left] [Ep 3665] Reward: 470.87 | Coverage: 69.9% | Eps: 0.130 | Loss: 0.1837
[+01:07:10 | ~00:25:45 left] [Ep 3666] Reward: 409.48 | Coverage: 66.6% | Eps: 0.129 | Loss: 0.2636
[+01:07:11 | ~00:25:44 left] [Ep 3667] Reward: 364.83 | Coverage: 57.8% | Eps: 0.129 | Loss: 0.2582
[+01:07:12 | ~00:25:43 left] [Ep 3668] Reward: 472.33 | Coverage: 63.2% | Eps: 0.129 | Loss: 0.2293
[+01:07:14 | ~00:25:42 left] [Ep 3669] Reward: 201.85 | Coverage: 68.6% | Eps: 0.129 | Loss: 0.2488
[+01:07:15 | ~00:25:41 left] [Ep 3670] Reward: 356.42 | Coverage: 67.5% | Eps: 0.128 | Loss: 0.2768
[+01:07:16 | ~00:25:39 left] [Ep 3671] Reward: 402.50 | Coverage: 58.3% | Eps: 0.128 | Loss: 0.2708
[+01:07:17 | ~00:25:38 left] [Ep 3672] Reward: 169.36 | Coverage: 78.5% | Eps: 0.128 | Loss: 0.1906
[+01:07:18 | ~00:25:37 left] [Ep 3673] Reward: 320.64 | Coverage: 65.8% | Eps: 0.128 | Loss: 0.2694
[+01:07:19 | ~00:25:36 left] [Ep 3674] Reward: 439.46 | Coverage: 54.9% | Eps: 0.127 | Loss: 0.2344
[+01:07:20 | ~00:25:35 left] [Ep 3675] Reward: 369.07 | Coverage: 62.3% | Eps: 0.127 | Loss: 0.2403
[+01:07:21 | ~00:25:34 left] [Ep 3676] Reward: 325.03 | Coverage: 47.1% | Eps: 0.127 | Loss: 0.2406
[+01:07:22 | ~00:25:33 left] [Ep 3677] Reward: 383.00 | Coverage: 60.1% | Eps: 0.127 | Loss: 0.2320
[+01:07:23 | ~00:25:32 left] [Ep 3678] Reward: 431.39 | Coverage: 64.2% | Eps: 0.126 | Loss: 0.2861
[+01:07:25 | ~00:25:31 left] [Ep 3679] Reward: 261.52 | Coverage: 78.5% | Eps: 0.126 | Loss: 0.2354
[+01:07:26 | ~00:25:30 left] [Ep 3680] Reward: 574.81 | Coverage: 65.7% | Eps: 0.126 | Loss: 0.1944
[+01:07:27 | ~00:25:29 left] [Ep 3681] Reward: 443.34 | Coverage: 66.8% | Eps: 0.126 | Loss: 0.2238
[+01:07:28 | ~00:25:27 left] [Ep 3682] Reward: 742.30 | Coverage: 69.3% | Eps: 0.126 | Loss: 0.2470
[+01:07:29 | ~00:25:26 left] [Ep 3683] Reward: 520.26 | Coverage: 65.8% | Eps: 0.125 | Loss: 0.2894
[+01:07:30 | ~00:25:25 left] [Ep 3684] Reward: 434.24 | Coverage: 60.7% | Eps: 0.125 | Loss: 0.2647
[+01:07:31 | ~00:25:24 left] [Ep 3685] Reward: 312.71 | Coverage: 73.0% | Eps: 0.125 | Loss: 0.2070
[+01:07:32 | ~00:25:23 left] [Ep 3686] Reward: 454.39 | Coverage: 67.8% | Eps: 0.125 | Loss: 0.3408
[+01:07:33 | ~00:25:22 left] [Ep 3687] Reward: 385.06 | Coverage: 74.2% | Eps: 0.124 | Loss: 0.2524
[+01:07:34 | ~00:25:21 left] [Ep 3688] Reward: 657.61 | Coverage: 71.0% | Eps: 0.124 | Loss: 0.2932
[+01:07:36 | ~00:25:20 left] [Ep 3689] Reward: 149.45 | Coverage: 58.6% | Eps: 0.124 | Loss: 0.2365
[+01:07:37 | ~00:25:19 left] [Ep 3690] Reward: 526.68 | Coverage: 61.6% | Eps: 0.124 | Loss: 0.2643
[+01:07:38 | ~00:25:18 left] [Ep 3691] Reward: 349.87 | Coverage: 62.0% | Eps: 0.123 | Loss: 0.2769
[+01:07:39 | ~00:25:16 left] [Ep 3692] Reward: 491.07 | Coverage: 62.1% | Eps: 0.123 | Loss: 0.2925
[+01:07:40 | ~00:25:15 left] [Ep 3693] Reward: 263.21 | Coverage: 67.3% | Eps: 0.123 | Loss: 0.2864
[+01:07:41 | ~00:25:14 left] [Ep 3694] Reward: 240.95 | Coverage: 63.4% | Eps: 0.123 | Loss: 0.2794
[+01:07:42 | ~00:25:13 left] [Ep 3695] Reward: 330.95 | Coverage: 59.5% | Eps: 0.122 | Loss: 0.2323
[+01:07:43 | ~00:25:12 left] [Ep 3696] Reward: 322.89 | Coverage: 73.8% | Eps: 0.122 | Loss: 0.2225
[+01:07:45 | ~00:25:11 left] [Ep 3697] Reward: 543.01 | Coverage: 73.1% | Eps: 0.122 | Loss: 0.2591
[+01:07:46 | ~00:25:10 left] [Ep 3698] Reward: 324.54 | Coverage: 64.8% | Eps: 0.122 | Loss: 0.2835
[+01:07:47 | ~00:25:08 left] [Ep 3699] Reward: 419.12 | Coverage: 57.9% | Eps: 0.121 | Loss: 0.2377
[+01:07:48 | ~00:25:07 left] [Ep 3700] Reward: 526.11 | Coverage: 60.7% | Eps: 0.121 | Loss: 0.2896

[+01:07:48 | ~00:25:07 left] [Eval] Episode 3700: Reward=524.25, Coverage=60.1%

[+01:07:49 | ~00:25:06 left] [Ep 3701] Reward: 463.36 | Coverage: 59.8% | Eps: 0.121 | Loss: 0.3055
[+01:07:50 | ~00:25:05 left] [Ep 3702] Reward: 465.21 | Coverage: 59.0% | Eps: 0.121 | Loss: 0.2112
[+01:07:51 | ~00:25:04 left] [Ep 3703] Reward: 374.90 | Coverage: 58.4% | Eps: 0.121 | Loss: 0.2148
[+01:07:52 | ~00:25:03 left] [Ep 3704] Reward: 546.39 | Coverage: 66.1% | Eps: 0.120 | Loss: 0.2431
[+01:07:54 | ~00:25:02 left] [Ep 3705] Reward: 477.79 | Coverage: 66.4% | Eps: 0.120 | Loss: 0.2614
[+01:07:55 | ~00:25:01 left] [Ep 3706] Reward: 591.17 | Coverage: 67.3% | Eps: 0.120 | Loss: 0.2286
[+01:07:56 | ~00:24:59 left] [Ep 3707] Reward: 597.66 | Coverage: 58.7% | Eps: 0.120 | Loss: 0.3041
[+01:07:57 | ~00:24:58 left] [Ep 3708] Reward: 543.23 | Coverage: 66.4% | Eps: 0.119 | Loss: 0.2674
[+01:07:58 | ~00:24:57 left] [Ep 3709] Reward: 521.85 | Coverage: 77.1% | Eps: 0.119 | Loss: 0.2524
[+01:07:59 | ~00:24:56 left] [Ep 3710] Reward: 366.39 | Coverage: 66.0% | Eps: 0.119 | Loss: 0.1938
[+01:08:00 | ~00:24:55 left] [Ep 3711] Reward: 313.78 | Coverage: 62.1% | Eps: 0.119 | Loss: 0.1991
[+01:08:01 | ~00:24:54 left] [Ep 3712] Reward: 445.70 | Coverage: 78.5% | Eps: 0.118 | Loss: 0.2634
[+01:08:02 | ~00:24:53 left] [Ep 3713] Reward: 348.32 | Coverage: 66.5% | Eps: 0.118 | Loss: 0.1673
[+01:08:03 | ~00:24:52 left] [Ep 3714] Reward: 564.53 | Coverage: 60.7% | Eps: 0.118 | Loss: 0.2936
[+01:08:05 | ~00:24:51 left] [Ep 3715] Reward: 413.20 | Coverage: 70.1% | Eps: 0.118 | Loss: 0.2472
[+01:08:05 | ~00:24:50 left] [Ep 3716] Reward: 535.98 | Coverage: 60.1% | Eps: 0.117 | Loss: 0.3837
[+01:08:07 | ~00:24:49 left] [Ep 3717] Reward: 404.88 | Coverage: 62.3% | Eps: 0.117 | Loss: 0.3467
[+01:08:08 | ~00:24:48 left] [Ep 3718] Reward: 380.86 | Coverage: 70.9% | Eps: 0.117 | Loss: 0.2476
[+01:08:09 | ~00:24:47 left] [Ep 3719] Reward: 195.40 | Coverage: 60.8% | Eps: 0.117 | Loss: 0.2510
[+01:08:10 | ~00:24:46 left] [Ep 3720] Reward: 589.08 | Coverage: 55.3% | Eps: 0.117 | Loss: 0.2956
[+01:08:11 | ~00:24:45 left] [Ep 3721] Reward: 481.80 | Coverage: 69.0% | Eps: 0.116 | Loss: 0.3243
[+01:08:12 | ~00:24:44 left] [Ep 3722] Reward: 428.02 | Coverage: 69.8% | Eps: 0.116 | Loss: 0.1912
[+01:08:13 | ~00:24:42 left] [Ep 3723] Reward: 405.44 | Coverage: 56.0% | Eps: 0.116 | Loss: 0.1857
[+01:08:14 | ~00:24:41 left] [Ep 3724] Reward: 423.07 | Coverage: 62.4% | Eps: 0.116 | Loss: 0.2327
[+01:08:15 | ~00:24:40 left] [Ep 3725] Reward: 475.52 | Coverage: 71.4% | Eps: 0.115 | Loss: 0.2814
[+01:08:16 | ~00:24:39 left] [Ep 3726] Reward: 194.51 | Coverage: 66.2% | Eps: 0.115 | Loss: 0.2784
[+01:08:17 | ~00:24:38 left] [Ep 3727] Reward: 370.36 | Coverage: 69.8% | Eps: 0.115 | Loss: 0.3018
[+01:08:18 | ~00:24:37 left] [Ep 3728] Reward: 476.02 | Coverage: 63.9% | Eps: 0.115 | Loss: 0.2115
[+01:08:20 | ~00:24:36 left] [Ep 3729] Reward: 359.92 | Coverage: 60.7% | Eps: 0.114 | Loss: 0.1673
[+01:08:21 | ~00:24:35 left] [Ep 3730] Reward: 434.30 | Coverage: 61.1% | Eps: 0.114 | Loss: 0.2947
[+01:08:22 | ~00:24:34 left] [Ep 3731] Reward: 469.76 | Coverage: 62.7% | Eps: 0.114 | Loss: 0.2278
[+01:08:23 | ~00:24:33 left] [Ep 3732] Reward: 505.19 | Coverage: 65.8% | Eps: 0.114 | Loss: 0.1806
[+01:08:24 | ~00:24:31 left] [Ep 3733] Reward: 290.21 | Coverage: 47.8% | Eps: 0.113 | Loss: 0.2676
[+01:08:25 | ~00:24:30 left] [Ep 3734] Reward: 710.02 | Coverage: 52.7% | Eps: 0.113 | Loss: 0.2940
[+01:08:26 | ~00:24:29 left] [Ep 3735] Reward: 360.27 | Coverage: 64.7% | Eps: 0.113 | Loss: 0.2579
[+01:08:27 | ~00:24:28 left] [Ep 3736] Reward: 333.18 | Coverage: 68.9% | Eps: 0.113 | Loss: 0.2450
[+01:08:28 | ~00:24:27 left] [Ep 3737] Reward: 558.01 | Coverage: 60.5% | Eps: 0.112 | Loss: 0.2574
[+01:08:29 | ~00:24:26 left] [Ep 3738] Reward: 343.11 | Coverage: 64.7% | Eps: 0.112 | Loss: 0.2494
[+01:08:31 | ~00:24:25 left] [Ep 3739] Reward: 551.81 | Coverage: 57.9% | Eps: 0.112 | Loss: 0.2108
[+01:08:32 | ~00:24:24 left] [Ep 3740] Reward: 529.90 | Coverage: 56.1% | Eps: 0.112 | Loss: 0.2366
[+01:08:33 | ~00:24:22 left] [Ep 3741] Reward: 539.61 | Coverage: 65.7% | Eps: 0.112 | Loss: 0.2865
[+01:08:34 | ~00:24:21 left] [Ep 3742] Reward: 368.23 | Coverage: 64.3% | Eps: 0.111 | Loss: 0.2790
[+01:08:35 | ~00:24:20 left] [Ep 3743] Reward: 489.45 | Coverage: 61.5% | Eps: 0.111 | Loss: 0.2734
[+01:08:36 | ~00:24:19 left] [Ep 3744] Reward: 494.42 | Coverage: 56.6% | Eps: 0.111 | Loss: 0.2273
[+01:08:37 | ~00:24:18 left] [Ep 3745] Reward: 488.57 | Coverage: 65.1% | Eps: 0.111 | Loss: 0.2604
[+01:08:38 | ~00:24:17 left] [Ep 3746] Reward: 427.19 | Coverage: 64.3% | Eps: 0.110 | Loss: 0.1810
[+01:08:40 | ~00:24:16 left] [Ep 3747] Reward: 401.86 | Coverage: 63.1% | Eps: 0.110 | Loss: 0.2758
[+01:08:41 | ~00:24:15 left] [Ep 3748] Reward: 732.73 | Coverage: 63.9% | Eps: 0.110 | Loss: 0.3263
[+01:08:42 | ~00:24:13 left] [Ep 3749] Reward: 627.77 | Coverage: 62.4% | Eps: 0.110 | Loss: 0.2106
[+01:08:43 | ~00:24:12 left] [Ep 3750] Reward: 405.93 | Coverage: 67.9% | Eps: 0.109 | Loss: 0.2467
[+01:08:44 | ~00:24:11 left] [Ep 3751] Reward: 470.22 | Coverage: 67.1% | Eps: 0.109 | Loss: 0.2837
[+01:08:45 | ~00:24:10 left] [Ep 3752] Reward: 346.78 | Coverage: 75.8% | Eps: 0.109 | Loss: 0.3212
[+01:08:46 | ~00:24:09 left] [Ep 3753] Reward: 224.17 | Coverage: 73.4% | Eps: 0.109 | Loss: 0.2536
[+01:08:47 | ~00:24:08 left] [Ep 3754] Reward: 488.12 | Coverage: 64.3% | Eps: 0.108 | Loss: 0.2444
[+01:08:48 | ~00:24:07 left] [Ep 3755] Reward: 58.83 | Coverage: 56.9% | Eps: 0.108 | Loss: 0.1938
[+01:08:49 | ~00:24:06 left] [Ep 3756] Reward: 385.18 | Coverage: 68.5% | Eps: 0.108 | Loss: 0.2772
[+01:08:50 | ~00:24:05 left] [Ep 3757] Reward: 515.54 | Coverage: 60.8% | Eps: 0.108 | Loss: 0.3552
[+01:08:51 | ~00:24:04 left] [Ep 3758] Reward: 603.14 | Coverage: 74.0% | Eps: 0.107 | Loss: 0.2851
[+01:08:53 | ~00:24:03 left] [Ep 3759] Reward: 297.60 | Coverage: 55.3% | Eps: 0.107 | Loss: 0.2737
[+01:08:54 | ~00:24:02 left] [Ep 3760] Reward: 628.09 | Coverage: 61.9% | Eps: 0.107 | Loss: 0.2879
[+01:08:55 | ~00:24:00 left] [Ep 3761] Reward: 490.72 | Coverage: 74.1% | Eps: 0.107 | Loss: 0.2751
[+01:08:56 | ~00:23:59 left] [Ep 3762] Reward: 626.91 | Coverage: 64.6% | Eps: 0.107 | Loss: 0.2435
[+01:08:57 | ~00:23:58 left] [Ep 3763] Reward: 362.19 | Coverage: 69.0% | Eps: 0.106 | Loss: 0.3095
[+01:08:58 | ~00:23:57 left] [Ep 3764] Reward: 584.01 | Coverage: 68.6% | Eps: 0.106 | Loss: 0.2861
[+01:08:59 | ~00:23:56 left] [Ep 3765] Reward: 631.78 | Coverage: 61.5% | Eps: 0.106 | Loss: 0.2782
[+01:09:00 | ~00:23:55 left] [Ep 3766] Reward: 391.12 | Coverage: 69.7% | Eps: 0.106 | Loss: 0.2390
[+01:09:01 | ~00:23:54 left] [Ep 3767] Reward: 381.81 | Coverage: 59.1% | Eps: 0.105 | Loss: 0.3307
[+01:09:03 | ~00:23:53 left] [Ep 3768] Reward: 470.09 | Coverage: 62.5% | Eps: 0.105 | Loss: 0.3056
[+01:09:04 | ~00:23:52 left] [Ep 3769] Reward: 556.70 | Coverage: 77.7% | Eps: 0.105 | Loss: 0.2574
[+01:09:05 | ~00:23:50 left] [Ep 3770] Reward: 540.59 | Coverage: 63.3% | Eps: 0.105 | Loss: 0.3201
[+01:09:06 | ~00:23:49 left] [Ep 3771] Reward: 318.47 | Coverage: 66.8% | Eps: 0.104 | Loss: 0.2606
[+01:09:07 | ~00:23:48 left] [Ep 3772] Reward: 553.99 | Coverage: 57.8% | Eps: 0.104 | Loss: 0.2498
[+01:09:08 | ~00:23:47 left] [Ep 3773] Reward: 525.09 | Coverage: 72.8% | Eps: 0.104 | Loss: 0.2512
[+01:09:09 | ~00:23:46 left] [Ep 3774] Reward: 454.82 | Coverage: 58.7% | Eps: 0.104 | Loss: 0.2112
[+01:09:10 | ~00:23:45 left] [Ep 3775] Reward: 377.15 | Coverage: 59.8% | Eps: 0.103 | Loss: 0.3014
[+01:09:11 | ~00:23:44 left] [Ep 3776] Reward: 423.30 | Coverage: 60.7% | Eps: 0.103 | Loss: 0.2098
[+01:09:13 | ~00:23:43 left] [Ep 3777] Reward: 481.71 | Coverage: 58.6% | Eps: 0.103 | Loss: 0.2344
[+01:09:13 | ~00:23:42 left] [Ep 3778] Reward: 602.29 | Coverage: 55.6% | Eps: 0.103 | Loss: 0.2010
[+01:09:14 | ~00:23:41 left] [Ep 3779] Reward: 309.95 | Coverage: 62.6% | Eps: 0.102 | Loss: 0.2811
[+01:09:16 | ~00:23:40 left] [Ep 3780] Reward: 334.86 | Coverage: 61.4% | Eps: 0.102 | Loss: 0.2790
[+01:09:17 | ~00:23:39 left] [Ep 3781] Reward: 293.95 | Coverage: 63.8% | Eps: 0.102 | Loss: 0.2725
[+01:09:18 | ~00:23:38 left] [Ep 3782] Reward: 539.93 | Coverage: 58.3% | Eps: 0.102 | Loss: 0.2443
[+01:09:19 | ~00:23:37 left] [Ep 3783] Reward: 413.44 | Coverage: 58.8% | Eps: 0.102 | Loss: 0.2396
[+01:09:20 | ~00:23:36 left] [Ep 3784] Reward: 508.02 | Coverage: 62.4% | Eps: 0.101 | Loss: 0.3056
[+01:09:21 | ~00:23:35 left] [Ep 3785] Reward: 583.62 | Coverage: 64.3% | Eps: 0.101 | Loss: 0.2655
[+01:09:22 | ~00:23:33 left] [Ep 3786] Reward: 420.01 | Coverage: 58.6% | Eps: 0.101 | Loss: 0.3007
[+01:09:23 | ~00:23:32 left] [Ep 3787] Reward: 337.82 | Coverage: 64.1% | Eps: 0.101 | Loss: 0.2531
[+01:09:24 | ~00:23:31 left] [Ep 3788] Reward: 487.88 | Coverage: 62.9% | Eps: 0.100 | Loss: 0.2963
[+01:09:25 | ~00:23:30 left] [Ep 3789] Reward: 505.22 | Coverage: 70.9% | Eps: 0.100 | Loss: 0.3416
[+01:09:26 | ~00:23:29 left] [Ep 3790] Reward: 232.19 | Coverage: 68.3% | Eps: 0.100 | Loss: 0.3134
[+01:09:27 | ~00:23:28 left] [Ep 3791] Reward: 360.89 | Coverage: 67.4% | Eps: 0.100 | Loss: 0.2740
[+01:09:28 | ~00:23:27 left] [Ep 3792] Reward: 379.11 | Coverage: 70.6% | Eps: 0.099 | Loss: 0.3013
[+01:09:29 | ~00:23:26 left] [Ep 3793] Reward: 363.47 | Coverage: 60.4% | Eps: 0.099 | Loss: 0.2818
[+01:09:31 | ~00:23:25 left] [Ep 3794] Reward: 427.42 | Coverage: 72.7% | Eps: 0.099 | Loss: 0.2923
[+01:09:32 | ~00:23:24 left] [Ep 3795] Reward: 399.10 | Coverage: 65.5% | Eps: 0.099 | Loss: 0.2794
[+01:09:33 | ~00:23:23 left] [Ep 3796] Reward: 663.27 | Coverage: 61.2% | Eps: 0.098 | Loss: 0.2864
[+01:09:34 | ~00:23:21 left] [Ep 3797] Reward: 543.95 | Coverage: 66.8% | Eps: 0.098 | Loss: 0.3019
[+01:09:35 | ~00:23:20 left] [Ep 3798] Reward: 554.64 | Coverage: 57.6% | Eps: 0.098 | Loss: 0.2542
[+01:09:36 | ~00:23:19 left] [Ep 3799] Reward: 285.41 | Coverage: 75.3% | Eps: 0.098 | Loss: 0.2538
[+01:09:37 | ~00:23:18 left] [Ep 3800] Reward: 381.27 | Coverage: 65.9% | Eps: 0.098 | Loss: 0.2393

[+01:09:37 | ~00:23:18 left] [Eval] Episode 3800: Reward=392.47, Coverage=66.7%

[+01:09:38 | ~00:23:17 left] [Ep 3801] Reward: 523.76 | Coverage: 55.0% | Eps: 0.097 | Loss: 0.2314
[+01:09:39 | ~00:23:16 left] [Ep 3802] Reward: 467.86 | Coverage: 57.3% | Eps: 0.097 | Loss: 0.2472
[+01:09:40 | ~00:23:15 left] [Ep 3803] Reward: 559.04 | Coverage: 61.1% | Eps: 0.097 | Loss: 0.3027
[+01:09:41 | ~00:23:14 left] [Ep 3804] Reward: 426.88 | Coverage: 60.8% | Eps: 0.097 | Loss: 0.2611
[+01:09:42 | ~00:23:13 left] [Ep 3805] Reward: 557.31 | Coverage: 67.1% | Eps: 0.096 | Loss: 0.3178
[+01:09:43 | ~00:23:12 left] [Ep 3806] Reward: 453.98 | Coverage: 69.8% | Eps: 0.096 | Loss: 0.2992
[+01:09:44 | ~00:23:11 left] [Ep 3807] Reward: 239.72 | Coverage: 70.6% | Eps: 0.096 | Loss: 0.2195
[+01:09:46 | ~00:23:10 left] [Ep 3808] Reward: 215.96 | Coverage: 67.6% | Eps: 0.096 | Loss: 0.3249
[+01:09:47 | ~00:23:09 left] [Ep 3809] Reward: 519.45 | Coverage: 58.5% | Eps: 0.095 | Loss: 0.3316
[+01:09:48 | ~00:23:07 left] [Ep 3810] Reward: 224.69 | Coverage: 71.2% | Eps: 0.095 | Loss: 0.2599
[+01:09:49 | ~00:23:06 left] [Ep 3811] Reward: 683.34 | Coverage: 71.9% | Eps: 0.095 | Loss: 0.3170
[+01:09:50 | ~00:23:05 left] [Ep 3812] Reward: 453.36 | Coverage: 52.2% | Eps: 0.095 | Loss: 0.2664
[+01:09:51 | ~00:23:04 left] [Ep 3813] Reward: 290.32 | Coverage: 60.7% | Eps: 0.094 | Loss: 0.3050
[+01:09:52 | ~00:23:03 left] [Ep 3814] Reward: 586.95 | Coverage: 62.1% | Eps: 0.094 | Loss: 0.2510
[+01:09:53 | ~00:23:02 left] [Ep 3815] Reward: 460.96 | Coverage: 59.4% | Eps: 0.094 | Loss: 0.2303
[+01:09:54 | ~00:23:01 left] [Ep 3816] Reward: 532.76 | Coverage: 70.7% | Eps: 0.094 | Loss: 0.2872
[+01:09:56 | ~00:23:00 left] [Ep 3817] Reward: 527.52 | Coverage: 67.1% | Eps: 0.093 | Loss: 0.2980
[+01:09:57 | ~00:22:59 left] [Ep 3818] Reward: 478.95 | Coverage: 64.6% | Eps: 0.093 | Loss: 0.2875
[+01:09:58 | ~00:22:58 left] [Ep 3819] Reward: 361.27 | Coverage: 56.7% | Eps: 0.093 | Loss: 0.2565
[+01:09:59 | ~00:22:57 left] [Ep 3820] Reward: 401.49 | Coverage: 51.5% | Eps: 0.093 | Loss: 0.2883
[+01:10:00 | ~00:22:55 left] [Ep 3821] Reward: 489.25 | Coverage: 58.4% | Eps: 0.093 | Loss: 0.3156
[+01:10:01 | ~00:22:54 left] [Ep 3822] Reward: 563.45 | Coverage: 59.1% | Eps: 0.092 | Loss: 0.3034
[+01:10:02 | ~00:22:53 left] [Ep 3823] Reward: 565.12 | Coverage: 58.6% | Eps: 0.092 | Loss: 0.3130
[+01:10:03 | ~00:22:52 left] [Ep 3824] Reward: 398.78 | Coverage: 51.0% | Eps: 0.092 | Loss: 0.2793
[+01:10:04 | ~00:22:51 left] [Ep 3825] Reward: 588.22 | Coverage: 54.7% | Eps: 0.092 | Loss: 0.3535
[+01:10:05 | ~00:22:50 left] [Ep 3826] Reward: 318.95 | Coverage: 61.5% | Eps: 0.091 | Loss: 0.2600
[+01:10:07 | ~00:22:49 left] [Ep 3827] Reward: 289.63 | Coverage: 66.2% | Eps: 0.091 | Loss: 0.3270
[+01:10:08 | ~00:22:48 left] [Ep 3828] Reward: 541.00 | Coverage: 60.9% | Eps: 0.091 | Loss: 0.3552
[+01:10:09 | ~00:22:47 left] [Ep 3829] Reward: 638.68 | Coverage: 62.7% | Eps: 0.091 | Loss: 0.3276
[+01:10:10 | ~00:22:46 left] [Ep 3830] Reward: 567.72 | Coverage: 63.7% | Eps: 0.090 | Loss: 0.3007
[+01:10:11 | ~00:22:44 left] [Ep 3831] Reward: 162.96 | Coverage: 63.7% | Eps: 0.090 | Loss: 0.2881
[+01:10:12 | ~00:22:43 left] [Ep 3832] Reward: 686.94 | Coverage: 71.6% | Eps: 0.090 | Loss: 0.3511
[+01:10:13 | ~00:22:42 left] [Ep 3833] Reward: 286.20 | Coverage: 59.2% | Eps: 0.090 | Loss: 0.2532
[+01:10:14 | ~00:22:41 left] [Ep 3834] Reward: 360.52 | Coverage: 65.4% | Eps: 0.089 | Loss: 0.2717
[+01:10:15 | ~00:22:40 left] [Ep 3835] Reward: 484.11 | Coverage: 55.9% | Eps: 0.089 | Loss: 0.2951
[+01:10:16 | ~00:22:39 left] [Ep 3836] Reward: 559.28 | Coverage: 71.4% | Eps: 0.089 | Loss: 0.3609
[+01:10:17 | ~00:22:38 left] [Ep 3837] Reward: 573.95 | Coverage: 68.6% | Eps: 0.089 | Loss: 0.3270
[+01:10:18 | ~00:22:37 left] [Ep 3838] Reward: 660.49 | Coverage: 70.3% | Eps: 0.088 | Loss: 0.2735
[+01:10:20 | ~00:22:36 left] [Ep 3839] Reward: 323.27 | Coverage: 64.8% | Eps: 0.088 | Loss: 0.3003
[+01:10:21 | ~00:22:35 left] [Ep 3840] Reward: 284.41 | Coverage: 63.4% | Eps: 0.088 | Loss: 0.2885
[+01:10:22 | ~00:22:34 left] [Ep 3841] Reward: 362.63 | Coverage: 56.2% | Eps: 0.088 | Loss: 0.2851
[+01:10:23 | ~00:22:32 left] [Ep 3842] Reward: 610.35 | Coverage: 66.1% | Eps: 0.088 | Loss: 0.3531
[+01:10:24 | ~00:22:31 left] [Ep 3843] Reward: 503.26 | Coverage: 72.6% | Eps: 0.087 | Loss: 0.2595
[+01:10:25 | ~00:22:30 left] [Ep 3844] Reward: 441.42 | Coverage: 46.9% | Eps: 0.087 | Loss: 0.3791
[+01:10:26 | ~00:22:29 left] [Ep 3845] Reward: 780.70 | Coverage: 75.0% | Eps: 0.087 | Loss: 0.3483
[+01:10:27 | ~00:22:28 left] [Ep 3846] Reward: 407.78 | Coverage: 59.0% | Eps: 0.087 | Loss: 0.3592
[+01:10:29 | ~00:22:27 left] [Ep 3847] Reward: 305.37 | Coverage: 67.1% | Eps: 0.086 | Loss: 0.2974
[+01:10:30 | ~00:22:26 left] [Ep 3848] Reward: 540.90 | Coverage: 59.0% | Eps: 0.086 | Loss: 0.3103
[+01:10:31 | ~00:22:25 left] [Ep 3849] Reward: 493.18 | Coverage: 63.2% | Eps: 0.086 | Loss: 0.2594
[+01:10:32 | ~00:22:24 left] [Ep 3850] Reward: 545.19 | Coverage: 69.2% | Eps: 0.086 | Loss: 0.2962
[+01:10:33 | ~00:22:23 left] [Ep 3851] Reward: 593.52 | Coverage: 63.0% | Eps: 0.085 | Loss: 0.3373
[+01:10:34 | ~00:22:22 left] [Ep 3852] Reward: 583.56 | Coverage: 75.4% | Eps: 0.085 | Loss: 0.3698
[+01:10:35 | ~00:22:20 left] [Ep 3853] Reward: 430.52 | Coverage: 64.4% | Eps: 0.085 | Loss: 0.2740
[+01:10:36 | ~00:22:19 left] [Ep 3854] Reward: 610.89 | Coverage: 68.2% | Eps: 0.085 | Loss: 0.3041
[+01:10:37 | ~00:22:18 left] [Ep 3855] Reward: 417.39 | Coverage: 60.3% | Eps: 0.084 | Loss: 0.3130
[+01:10:38 | ~00:22:17 left] [Ep 3856] Reward: 302.74 | Coverage: 61.0% | Eps: 0.084 | Loss: 0.2636
[+01:10:39 | ~00:22:16 left] [Ep 3857] Reward: 621.49 | Coverage: 61.7% | Eps: 0.084 | Loss: 0.3435
[+01:10:40 | ~00:22:15 left] [Ep 3858] Reward: 598.92 | Coverage: 67.3% | Eps: 0.084 | Loss: 0.2912
[+01:10:41 | ~00:22:14 left] [Ep 3859] Reward: 152.47 | Coverage: 74.5% | Eps: 0.083 | Loss: 0.3127
[+01:10:42 | ~00:22:13 left] [Ep 3860] Reward: 487.00 | Coverage: 64.3% | Eps: 0.083 | Loss: 0.3029
[+01:10:44 | ~00:22:12 left] [Ep 3861] Reward: 384.70 | Coverage: 56.1% | Eps: 0.083 | Loss: 0.2897
[+01:10:45 | ~00:22:11 left] [Ep 3862] Reward: 682.40 | Coverage: 60.3% | Eps: 0.083 | Loss: 0.3214
[+01:10:46 | ~00:22:09 left] [Ep 3863] Reward: 409.95 | Coverage: 55.6% | Eps: 0.083 | Loss: 0.3134
[+01:10:47 | ~00:22:08 left] [Ep 3864] Reward: 459.20 | Coverage: 67.2% | Eps: 0.082 | Loss: 0.3075
[+01:10:48 | ~00:22:07 left] [Ep 3865] Reward: 375.16 | Coverage: 64.3% | Eps: 0.082 | Loss: 0.2936
[+01:10:49 | ~00:22:06 left] [Ep 3866] Reward: 469.11 | Coverage: 57.4% | Eps: 0.082 | Loss: 0.3359
[+01:10:51 | ~00:22:05 left] [Ep 3867] Reward: 697.37 | Coverage: 61.9% | Eps: 0.082 | Loss: 0.3896
[+01:10:52 | ~00:22:04 left] [Ep 3868] Reward: 407.88 | Coverage: 70.0% | Eps: 0.081 | Loss: 0.3294
[+01:10:53 | ~00:22:03 left] [Ep 3869] Reward: 377.39 | Coverage: 67.0% | Eps: 0.081 | Loss: 0.3639
[+01:10:54 | ~00:22:02 left] [Ep 3870] Reward: 528.95 | Coverage: 60.6% | Eps: 0.081 | Loss: 0.2688
[+01:10:55 | ~00:22:00 left] [Ep 3871] Reward: 422.64 | Coverage: 68.8% | Eps: 0.081 | Loss: 0.3311
[+01:10:56 | ~00:21:59 left] [Ep 3872] Reward: 262.69 | Coverage: 66.6% | Eps: 0.080 | Loss: 0.2812
[+01:10:57 | ~00:21:58 left] [Ep 3873] Reward: 298.37 | Coverage: 60.7% | Eps: 0.080 | Loss: 0.2664
[+01:10:58 | ~00:21:57 left] [Ep 3874] Reward: 265.88 | Coverage: 65.3% | Eps: 0.080 | Loss: 0.2962
[+01:10:59 | ~00:21:56 left] [Ep 3875] Reward: 206.32 | Coverage: 75.8% | Eps: 0.080 | Loss: 0.3738
[+01:11:00 | ~00:21:55 left] [Ep 3876] Reward: 532.01 | Coverage: 57.3% | Eps: 0.079 | Loss: 0.3644
[+01:11:01 | ~00:21:54 left] [Ep 3877] Reward: 380.33 | Coverage: 70.5% | Eps: 0.079 | Loss: 0.3364
[+01:11:02 | ~00:21:53 left] [Ep 3878] Reward: 534.58 | Coverage: 63.3% | Eps: 0.079 | Loss: 0.2657
[+01:11:04 | ~00:21:52 left] [Ep 3879] Reward: 463.11 | Coverage: 68.1% | Eps: 0.079 | Loss: 0.3195
[+01:11:05 | ~00:21:51 left] [Ep 3880] Reward: 434.98 | Coverage: 66.6% | Eps: 0.079 | Loss: 0.3397
[+01:11:06 | ~00:21:50 left] [Ep 3881] Reward: 428.47 | Coverage: 65.9% | Eps: 0.078 | Loss: 0.3350
[+01:11:07 | ~00:21:48 left] [Ep 3882] Reward: 270.03 | Coverage: 63.2% | Eps: 0.078 | Loss: 0.2545
[+01:11:08 | ~00:21:47 left] [Ep 3883] Reward: 356.37 | Coverage: 64.2% | Eps: 0.078 | Loss: 0.2929
[+01:11:09 | ~00:21:46 left] [Ep 3884] Reward: 682.47 | Coverage: 68.4% | Eps: 0.078 | Loss: 0.3263
[+01:11:10 | ~00:21:45 left] [Ep 3885] Reward: 355.01 | Coverage: 67.0% | Eps: 0.077 | Loss: 0.3506
[+01:11:11 | ~00:21:44 left] [Ep 3886] Reward: 178.08 | Coverage: 55.0% | Eps: 0.077 | Loss: 0.2416
[+01:11:12 | ~00:21:43 left] [Ep 3887] Reward: 439.73 | Coverage: 67.0% | Eps: 0.077 | Loss: 0.3232
[+01:11:13 | ~00:21:42 left] [Ep 3888] Reward: 239.10 | Coverage: 72.3% | Eps: 0.077 | Loss: 0.3357
[+01:11:15 | ~00:21:41 left] [Ep 3889] Reward: 246.45 | Coverage: 69.7% | Eps: 0.076 | Loss: 0.3642
[+01:11:16 | ~00:21:40 left] [Ep 3890] Reward: 258.70 | Coverage: 65.4% | Eps: 0.076 | Loss: 0.3582
[+01:11:17 | ~00:21:39 left] [Ep 3891] Reward: 629.80 | Coverage: 52.7% | Eps: 0.076 | Loss: 0.3541
[+01:11:18 | ~00:21:38 left] [Ep 3892] Reward: 286.47 | Coverage: 67.8% | Eps: 0.076 | Loss: 0.2990
[+01:11:19 | ~00:21:36 left] [Ep 3893] Reward: 512.67 | Coverage: 68.3% | Eps: 0.075 | Loss: 0.2550
[+01:11:20 | ~00:21:35 left] [Ep 3894] Reward: 546.11 | Coverage: 73.3% | Eps: 0.075 | Loss: 0.3158
[+01:11:21 | ~00:21:34 left] [Ep 3895] Reward: 449.87 | Coverage: 58.2% | Eps: 0.075 | Loss: 0.3719
[+01:11:22 | ~00:21:33 left] [Ep 3896] Reward: 401.22 | Coverage: 62.7% | Eps: 0.075 | Loss: 0.3878
[+01:11:24 | ~00:21:32 left] [Ep 3897] Reward: 413.19 | Coverage: 60.8% | Eps: 0.074 | Loss: 0.3607
[+01:11:25 | ~00:21:31 left] [Ep 3898] Reward: 588.44 | Coverage: 62.4% | Eps: 0.074 | Loss: 0.3497
[+01:11:26 | ~00:21:30 left] [Ep 3899] Reward: 463.46 | Coverage: 53.3% | Eps: 0.074 | Loss: 0.3480
[+01:11:27 | ~00:21:28 left] [Ep 3900] Reward: 389.05 | Coverage: 61.2% | Eps: 0.074 | Loss: 0.3108

[+01:11:27 | ~00:21:28 left] [Eval] Episode 3900: Reward=423.19, Coverage=59.0%

[+01:11:28 | ~00:21:27 left] [Ep 3901] Reward: 414.33 | Coverage: 61.4% | Eps: 0.074 | Loss: 0.3281
[+01:11:29 | ~00:21:26 left] [Ep 3902] Reward: 426.11 | Coverage: 61.7% | Eps: 0.073 | Loss: 0.4003
[+01:11:30 | ~00:21:25 left] [Ep 3903] Reward: 533.70 | Coverage: 74.0% | Eps: 0.073 | Loss: 0.2960
[+01:11:31 | ~00:21:24 left] [Ep 3904] Reward: 474.10 | Coverage: 60.1% | Eps: 0.073 | Loss: 0.3985
[+01:11:32 | ~00:21:23 left] [Ep 3905] Reward: 700.56 | Coverage: 61.3% | Eps: 0.073 | Loss: 0.3213
[+01:11:33 | ~00:21:22 left] [Ep 3906] Reward: 234.23 | Coverage: 71.1% | Eps: 0.072 | Loss: 0.3874
[+01:11:35 | ~00:21:21 left] [Ep 3907] Reward: 247.24 | Coverage: 60.5% | Eps: 0.072 | Loss: 0.2783
[+01:11:36 | ~00:21:19 left] [Ep 3908] Reward: 341.70 | Coverage: 71.6% | Eps: 0.072 | Loss: 0.3582
[+01:11:37 | ~00:21:18 left] [Ep 3909] Reward: 391.03 | Coverage: 66.9% | Eps: 0.072 | Loss: 0.3055
[+01:11:38 | ~00:21:17 left] [Ep 3910] Reward: 677.52 | Coverage: 60.1% | Eps: 0.071 | Loss: 0.2786
[+01:11:39 | ~00:21:16 left] [Ep 3911] Reward: 429.47 | Coverage: 59.6% | Eps: 0.071 | Loss: 0.3441
[+01:11:40 | ~00:21:15 left] [Ep 3912] Reward: 534.23 | Coverage: 64.9% | Eps: 0.071 | Loss: 0.3759
[+01:11:41 | ~00:21:14 left] [Ep 3913] Reward: 97.54 | Coverage: 62.8% | Eps: 0.071 | Loss: 0.3020
[+01:11:43 | ~00:21:13 left] [Ep 3914] Reward: 245.75 | Coverage: 64.6% | Eps: 0.070 | Loss: 0.2760
[+01:11:44 | ~00:21:12 left] [Ep 3915] Reward: 614.65 | Coverage: 60.4% | Eps: 0.070 | Loss: 0.3324
[+01:11:45 | ~00:21:10 left] [Ep 3916] Reward: 532.56 | Coverage: 67.7% | Eps: 0.070 | Loss: 0.3328
[+01:11:46 | ~00:21:09 left] [Ep 3917] Reward: 597.33 | Coverage: 59.8% | Eps: 0.070 | Loss: 0.3584
[+01:11:47 | ~00:21:08 left] [Ep 3918] Reward: 504.17 | Coverage: 61.1% | Eps: 0.069 | Loss: 0.3746
[+01:11:48 | ~00:21:07 left] [Ep 3919] Reward: 480.24 | Coverage: 62.9% | Eps: 0.069 | Loss: 0.3344
[+01:11:49 | ~00:21:06 left] [Ep 3920] Reward: 528.76 | Coverage: 56.1% | Eps: 0.069 | Loss: 0.4112
[+01:11:50 | ~00:21:05 left] [Ep 3921] Reward: 780.01 | Coverage: 62.0% | Eps: 0.069 | Loss: 0.3461
[+01:11:52 | ~00:21:04 left] [Ep 3922] Reward: 378.04 | Coverage: 62.7% | Eps: 0.069 | Loss: 0.3234
[+01:11:53 | ~00:21:03 left] [Ep 3923] Reward: 556.00 | Coverage: 55.0% | Eps: 0.068 | Loss: 0.2729
[+01:11:54 | ~00:21:02 left] [Ep 3924] Reward: 330.37 | Coverage: 52.8% | Eps: 0.068 | Loss: 0.3270
[+01:11:55 | ~00:21:00 left] [Ep 3925] Reward: 451.82 | Coverage: 71.7% | Eps: 0.068 | Loss: 0.3242
[+01:11:56 | ~00:20:59 left] [Ep 3926] Reward: 568.71 | Coverage: 62.3% | Eps: 0.068 | Loss: 0.3762
[+01:11:57 | ~00:20:58 left] [Ep 3927] Reward: 294.30 | Coverage: 63.1% | Eps: 0.067 | Loss: 0.3565
[+01:11:58 | ~00:20:57 left] [Ep 3928] Reward: 344.26 | Coverage: 60.0% | Eps: 0.067 | Loss: 0.2909
[+01:11:59 | ~00:20:56 left] [Ep 3929] Reward: 460.52 | Coverage: 73.8% | Eps: 0.067 | Loss: 0.3451
[+01:12:00 | ~00:20:55 left] [Ep 3930] Reward: 562.73 | Coverage: 62.7% | Eps: 0.067 | Loss: 0.3652
[+01:12:01 | ~00:20:54 left] [Ep 3931] Reward: 719.45 | Coverage: 52.8% | Eps: 0.066 | Loss: 0.3996
[+01:12:03 | ~00:20:53 left] [Ep 3932] Reward: 565.16 | Coverage: 67.0% | Eps: 0.066 | Loss: 0.3741
[+01:12:04 | ~00:20:52 left] [Ep 3933] Reward: 536.79 | Coverage: 57.9% | Eps: 0.066 | Loss: 0.3691
[+01:12:05 | ~00:20:50 left] [Ep 3934] Reward: 204.24 | Coverage: 66.7% | Eps: 0.066 | Loss: 0.3412
[+01:12:06 | ~00:20:49 left] [Ep 3935] Reward: 325.37 | Coverage: 63.1% | Eps: 0.065 | Loss: 0.3544
[+01:12:07 | ~00:20:48 left] [Ep 3936] Reward: 502.20 | Coverage: 71.9% | Eps: 0.065 | Loss: 0.3889
[+01:12:08 | ~00:20:47 left] [Ep 3937] Reward: 337.69 | Coverage: 67.0% | Eps: 0.065 | Loss: 0.2857
[+01:12:09 | ~00:20:46 left] [Ep 3938] Reward: 423.31 | Coverage: 61.6% | Eps: 0.065 | Loss: 0.3252
[+01:12:10 | ~00:20:45 left] [Ep 3939] Reward: 523.90 | Coverage: 72.9% | Eps: 0.064 | Loss: 0.3083
[+01:12:11 | ~00:20:44 left] [Ep 3940] Reward: 389.74 | Coverage: 78.5% | Eps: 0.064 | Loss: 0.3545
[+01:12:12 | ~00:20:43 left] [Ep 3941] Reward: 337.20 | Coverage: 60.7% | Eps: 0.064 | Loss: 0.3886
[+01:12:13 | ~00:20:42 left] [Ep 3942] Reward: 292.97 | Coverage: 70.8% | Eps: 0.064 | Loss: 0.3156
[+01:12:14 | ~00:20:41 left] [Ep 3943] Reward: 386.57 | Coverage: 66.4% | Eps: 0.064 | Loss: 0.2439
[+01:12:15 | ~00:20:40 left] [Ep 3944] Reward: 348.50 | Coverage: 66.9% | Eps: 0.063 | Loss: 0.3231
[+01:12:17 | ~00:20:39 left] [Ep 3945] Reward: 545.06 | Coverage: 56.3% | Eps: 0.063 | Loss: 0.3762
[+01:12:18 | ~00:20:38 left] [Ep 3946] Reward: 463.58 | Coverage: 57.9% | Eps: 0.063 | Loss: 0.3612
[+01:12:19 | ~00:20:36 left] [Ep 3947] Reward: 431.80 | Coverage: 72.9% | Eps: 0.063 | Loss: 0.3569
[+01:12:20 | ~00:20:35 left] [Ep 3948] Reward: 197.81 | Coverage: 65.0% | Eps: 0.062 | Loss: 0.3286
[+01:12:21 | ~00:20:34 left] [Ep 3949] Reward: 428.78 | Coverage: 60.7% | Eps: 0.062 | Loss: 0.2887
[+01:12:22 | ~00:20:33 left] [Ep 3950] Reward: 474.99 | Coverage: 75.4% | Eps: 0.062 | Loss: 0.3605
[+01:12:23 | ~00:20:32 left] [Ep 3951] Reward: 426.22 | Coverage: 71.7% | Eps: 0.062 | Loss: 0.3065
[+01:12:24 | ~00:20:31 left] [Ep 3952] Reward: 510.00 | Coverage: 68.7% | Eps: 0.061 | Loss: 0.4273
[+01:12:26 | ~00:20:30 left] [Ep 3953] Reward: 681.24 | Coverage: 57.9% | Eps: 0.061 | Loss: 0.3628
[+01:12:27 | ~00:20:29 left] [Ep 3954] Reward: 491.65 | Coverage: 64.0% | Eps: 0.061 | Loss: 0.3167
[+01:12:28 | ~00:20:28 left] [Ep 3955] Reward: 483.75 | Coverage: 73.3% | Eps: 0.061 | Loss: 0.3155
[+01:12:29 | ~00:20:26 left] [Ep 3956] Reward: 410.78 | Coverage: 51.3% | Eps: 0.060 | Loss: 0.3363
[+01:12:30 | ~00:20:25 left] [Ep 3957] Reward: 541.15 | Coverage: 54.1% | Eps: 0.060 | Loss: 0.3304
[+01:12:31 | ~00:20:24 left] [Ep 3958] Reward: 513.58 | Coverage: 59.0% | Eps: 0.060 | Loss: 0.3847
[+01:12:32 | ~00:20:23 left] [Ep 3959] Reward: 630.26 | Coverage: 70.2% | Eps: 0.060 | Loss: 0.3475
[+01:12:33 | ~00:20:22 left] [Ep 3960] Reward: 458.25 | Coverage: 65.5% | Eps: 0.059 | Loss: 0.3107
[+01:12:34 | ~00:20:21 left] [Ep 3961] Reward: 557.98 | Coverage: 67.1% | Eps: 0.059 | Loss: 0.4156
[+01:12:35 | ~00:20:20 left] [Ep 3962] Reward: 600.45 | Coverage: 65.3% | Eps: 0.059 | Loss: 0.3419
[+01:12:37 | ~00:20:19 left] [Ep 3963] Reward: 555.46 | Coverage: 64.7% | Eps: 0.059 | Loss: 0.3707
[+01:12:38 | ~00:20:18 left] [Ep 3964] Reward: 373.07 | Coverage: 71.7% | Eps: 0.059 | Loss: 0.3156
[+01:12:39 | ~00:20:16 left] [Ep 3965] Reward: 647.48 | Coverage: 78.5% | Eps: 0.058 | Loss: 0.3544
[+01:12:40 | ~00:20:15 left] [Ep 3966] Reward: 380.09 | Coverage: 67.1% | Eps: 0.058 | Loss: 0.3523
[+01:12:41 | ~00:20:14 left] [Ep 3967] Reward: 605.64 | Coverage: 72.4% | Eps: 0.058 | Loss: 0.2643
[+01:12:42 | ~00:20:13 left] [Ep 3968] Reward: 590.26 | Coverage: 61.3% | Eps: 0.058 | Loss: 0.4204
[+01:12:43 | ~00:20:12 left] [Ep 3969] Reward: 401.87 | Coverage: 74.2% | Eps: 0.057 | Loss: 0.3914
[+01:12:44 | ~00:20:11 left] [Ep 3970] Reward: 550.41 | Coverage: 64.7% | Eps: 0.057 | Loss: 0.3238
[+01:12:45 | ~00:20:10 left] [Ep 3971] Reward: 565.34 | Coverage: 65.3% | Eps: 0.057 | Loss: 0.2956
[+01:12:46 | ~00:20:09 left] [Ep 3972] Reward: 469.60 | Coverage: 61.2% | Eps: 0.057 | Loss: 0.3535
[+01:12:48 | ~00:20:08 left] [Ep 3973] Reward: 533.92 | Coverage: 59.3% | Eps: 0.056 | Loss: 0.3430
[+01:12:49 | ~00:20:07 left] [Ep 3974] Reward: 331.88 | Coverage: 60.7% | Eps: 0.056 | Loss: 0.3537
[+01:12:50 | ~00:20:05 left] [Ep 3975] Reward: 373.53 | Coverage: 58.0% | Eps: 0.056 | Loss: 0.3471
[+01:12:51 | ~00:20:04 left] [Ep 3976] Reward: 513.82 | Coverage: 56.0% | Eps: 0.056 | Loss: 0.3596
[+01:12:52 | ~00:20:03 left] [Ep 3977] Reward: 403.05 | Coverage: 75.8% | Eps: 0.055 | Loss: 0.3972
[+01:12:53 | ~00:20:02 left] [Ep 3978] Reward: 285.77 | Coverage: 67.0% | Eps: 0.055 | Loss: 0.3619
[+01:12:54 | ~00:20:01 left] [Ep 3979] Reward: 538.17 | Coverage: 70.4% | Eps: 0.055 | Loss: 0.2971
[+01:12:55 | ~00:20:00 left] [Ep 3980] Reward: 476.51 | Coverage: 67.3% | Eps: 0.055 | Loss: 0.3935
[+01:12:56 | ~00:19:59 left] [Ep 3981] Reward: 462.60 | Coverage: 55.1% | Eps: 0.055 | Loss: 0.4046
[+01:12:57 | ~00:19:58 left] [Ep 3982] Reward: 381.21 | Coverage: 64.3% | Eps: 0.054 | Loss: 0.4649
[+01:12:58 | ~00:19:57 left] [Ep 3983] Reward: 315.51 | Coverage: 58.5% | Eps: 0.054 | Loss: 0.2938
[+01:12:59 | ~00:19:56 left] [Ep 3984] Reward: 534.43 | Coverage: 59.0% | Eps: 0.054 | Loss: 0.3484
[+01:13:00 | ~00:19:55 left] [Ep 3985] Reward: 598.85 | Coverage: 63.4% | Eps: 0.054 | Loss: 0.2552
[+01:13:02 | ~00:19:54 left] [Ep 3986] Reward: 600.01 | Coverage: 65.2% | Eps: 0.053 | Loss: 0.3605
[+01:13:03 | ~00:19:53 left] [Ep 3987] Reward: 473.30 | Coverage: 64.7% | Eps: 0.053 | Loss: 0.3164
[+01:13:04 | ~00:19:51 left] [Ep 3988] Reward: 587.76 | Coverage: 64.9% | Eps: 0.053 | Loss: 0.4151
[+01:13:05 | ~00:19:50 left] [Ep 3989] Reward: 472.06 | Coverage: 62.3% | Eps: 0.053 | Loss: 0.3071
[+01:13:06 | ~00:19:49 left] [Ep 3990] Reward: 371.27 | Coverage: 64.3% | Eps: 0.052 | Loss: 0.2704
[+01:13:07 | ~00:19:48 left] [Ep 3991] Reward: 394.91 | Coverage: 72.1% | Eps: 0.052 | Loss: 0.3189
[+01:13:08 | ~00:19:47 left] [Ep 3992] Reward: 527.75 | Coverage: 78.0% | Eps: 0.052 | Loss: 0.2586
[+01:13:09 | ~00:19:46 left] [Ep 3993] Reward: 435.76 | Coverage: 71.2% | Eps: 0.052 | Loss: 0.3676
[+01:13:10 | ~00:19:45 left] [Ep 3994] Reward: 717.39 | Coverage: 62.7% | Eps: 0.051 | Loss: 0.2548
[+01:13:12 | ~00:19:44 left] [Ep 3995] Reward: 446.96 | Coverage: 66.6% | Eps: 0.051 | Loss: 0.3384
[+01:13:13 | ~00:19:43 left] [Ep 3996] Reward: 484.11 | Coverage: 70.2% | Eps: 0.051 | Loss: 0.2540
[+01:13:14 | ~00:19:41 left] [Ep 3997] Reward: 263.37 | Coverage: 70.5% | Eps: 0.051 | Loss: 0.3241
[+01:13:15 | ~00:19:40 left] [Ep 3998] Reward: 487.77 | Coverage: 71.9% | Eps: 0.050 | Loss: 0.4025
[+01:13:16 | ~00:19:39 left] [Ep 3999] Reward: 334.46 | Coverage: 72.0% | Eps: 0.050 | Loss: 0.3510
[+01:13:17 | ~00:19:38 left] [Ep 4000] Reward: 541.84 | Coverage: 66.7% | Eps: 0.050 | Loss: 0.3019

[+01:13:17 | ~00:19:38 left] [Eval] Episode 4000: Reward=549.61, Coverage=65.4%

[+01:13:18 | ~00:19:37 left] [Ep 4001] Reward: 490.75 | Coverage: 62.3% | Eps: 0.050 | Loss: 0.3350
[+01:13:20 | ~00:19:36 left] [Ep 4002] Reward: 693.42 | Coverage: 54.3% | Eps: 0.050 | Loss: 0.3368
[+01:13:21 | ~00:19:35 left] [Ep 4003] Reward: 323.65 | Coverage: 70.9% | Eps: 0.050 | Loss: 0.3548
[+01:13:22 | ~00:19:34 left] [Ep 4004] Reward: 593.74 | Coverage: 68.0% | Eps: 0.050 | Loss: 0.2810
[+01:13:23 | ~00:19:33 left] [Ep 4005] Reward: 556.72 | Coverage: 58.7% | Eps: 0.050 | Loss: 0.3592
[+01:13:24 | ~00:19:32 left] [Ep 4006] Reward: 349.65 | Coverage: 64.2% | Eps: 0.050 | Loss: 0.2272
[+01:13:25 | ~00:19:30 left] [Ep 4007] Reward: 435.45 | Coverage: 61.6% | Eps: 0.050 | Loss: 0.3100
[+01:13:26 | ~00:19:29 left] [Ep 4008] Reward: 232.60 | Coverage: 61.3% | Eps: 0.050 | Loss: 0.3154
[+01:13:27 | ~00:19:28 left] [Ep 4009] Reward: 357.47 | Coverage: 75.1% | Eps: 0.050 | Loss: 0.3601
[+01:13:28 | ~00:19:27 left] [Ep 4010] Reward: 637.38 | Coverage: 61.8% | Eps: 0.050 | Loss: 0.3354
[+01:13:29 | ~00:19:26 left] [Ep 4011] Reward: 291.44 | Coverage: 78.5% | Eps: 0.050 | Loss: 0.2781
[+01:13:31 | ~00:19:25 left] [Ep 4012] Reward: 127.39 | Coverage: 63.2% | Eps: 0.050 | Loss: 0.2947
[+01:13:32 | ~00:19:23 left] [Ep 4013] Reward: 379.04 | Coverage: 59.5% | Eps: 0.050 | Loss: 0.3418
[+01:13:33 | ~00:19:22 left] [Ep 4014] Reward: 252.70 | Coverage: 64.9% | Eps: 0.050 | Loss: 0.3305
[+01:13:34 | ~00:19:21 left] [Ep 4015] Reward: 493.51 | Coverage: 78.5% | Eps: 0.050 | Loss: 0.3103
[+01:13:35 | ~00:19:20 left] [Ep 4016] Reward: 327.22 | Coverage: 63.1% | Eps: 0.050 | Loss: 0.3140
[+01:13:36 | ~00:19:19 left] [Ep 4017] Reward: 573.48 | Coverage: 67.3% | Eps: 0.050 | Loss: 0.3608
[+01:13:37 | ~00:19:18 left] [Ep 4018] Reward: 463.11 | Coverage: 49.8% | Eps: 0.050 | Loss: 0.3120
[+01:13:38 | ~00:19:17 left] [Ep 4019] Reward: 542.33 | Coverage: 67.7% | Eps: 0.050 | Loss: 0.3290
[+01:13:40 | ~00:19:16 left] [Ep 4020] Reward: 581.77 | Coverage: 55.4% | Eps: 0.050 | Loss: 0.4191
[+01:13:41 | ~00:19:15 left] [Ep 4021] Reward: 417.14 | Coverage: 63.3% | Eps: 0.050 | Loss: 0.2751
[+01:13:42 | ~00:19:14 left] [Ep 4022] Reward: 324.08 | Coverage: 72.6% | Eps: 0.050 | Loss: 0.2577
[+01:13:43 | ~00:19:13 left] [Ep 4023] Reward: 566.07 | Coverage: 62.4% | Eps: 0.050 | Loss: 0.3629
[+01:13:44 | ~00:19:11 left] [Ep 4024] Reward: 392.87 | Coverage: 68.5% | Eps: 0.050 | Loss: 0.3041
[+01:13:45 | ~00:19:10 left] [Ep 4025] Reward: 382.38 | Coverage: 62.6% | Eps: 0.050 | Loss: 0.3183
[+01:13:46 | ~00:19:09 left] [Ep 4026] Reward: 550.01 | Coverage: 61.9% | Eps: 0.050 | Loss: 0.2995
[+01:13:47 | ~00:19:08 left] [Ep 4027] Reward: 512.61 | Coverage: 65.8% | Eps: 0.050 | Loss: 0.3201
[+01:13:48 | ~00:19:07 left] [Ep 4028] Reward: 482.99 | Coverage: 70.8% | Eps: 0.050 | Loss: 0.3941
[+01:13:50 | ~00:19:06 left] [Ep 4029] Reward: 578.17 | Coverage: 64.6% | Eps: 0.050 | Loss: 0.3620
[+01:13:51 | ~00:19:05 left] [Ep 4030] Reward: 532.48 | Coverage: 63.9% | Eps: 0.050 | Loss: 0.3641
[+01:13:52 | ~00:19:04 left] [Ep 4031] Reward: 464.18 | Coverage: 58.0% | Eps: 0.050 | Loss: 0.2727
[+01:13:53 | ~00:19:02 left] [Ep 4032] Reward: 351.36 | Coverage: 53.4% | Eps: 0.050 | Loss: 0.2830
[+01:13:54 | ~00:19:01 left] [Ep 4033] Reward: 118.46 | Coverage: 64.8% | Eps: 0.050 | Loss: 0.2152
[+01:13:55 | ~00:19:00 left] [Ep 4034] Reward: 408.54 | Coverage: 62.9% | Eps: 0.050 | Loss: 0.2961
[+01:13:56 | ~00:18:59 left] [Ep 4035] Reward: 357.90 | Coverage: 65.7% | Eps: 0.050 | Loss: 0.3665
[+01:13:58 | ~00:18:58 left] [Ep 4036] Reward: 543.60 | Coverage: 70.5% | Eps: 0.050 | Loss: 0.3486
[+01:13:59 | ~00:18:57 left] [Ep 4037] Reward: 448.43 | Coverage: 69.1% | Eps: 0.050 | Loss: 0.3187
[+01:14:00 | ~00:18:55 left] [Ep 4038] Reward: 638.15 | Coverage: 58.5% | Eps: 0.050 | Loss: 0.3264
[+01:14:01 | ~00:18:54 left] [Ep 4039] Reward: 432.31 | Coverage: 65.6% | Eps: 0.050 | Loss: 0.2994
[+01:14:02 | ~00:18:53 left] [Ep 4040] Reward: 361.85 | Coverage: 65.7% | Eps: 0.050 | Loss: 0.3348
[+01:14:03 | ~00:18:52 left] [Ep 4041] Reward: 431.59 | Coverage: 62.4% | Eps: 0.050 | Loss: 0.3570
[+01:14:04 | ~00:18:51 left] [Ep 4042] Reward: 375.42 | Coverage: 49.9% | Eps: 0.050 | Loss: 0.2614
[+01:14:06 | ~00:18:50 left] [Ep 4043] Reward: 244.24 | Coverage: 59.0% | Eps: 0.050 | Loss: 0.3377
[+01:14:07 | ~00:18:49 left] [Ep 4044] Reward: 591.30 | Coverage: 63.4% | Eps: 0.050 | Loss: 0.3627
[+01:14:08 | ~00:18:47 left] [Ep 4045] Reward: 344.74 | Coverage: 68.6% | Eps: 0.050 | Loss: 0.3084
[+01:14:09 | ~00:18:46 left] [Ep 4046] Reward: 428.79 | Coverage: 62.0% | Eps: 0.050 | Loss: 0.3527
[+01:14:10 | ~00:18:45 left] [Ep 4047] Reward: 381.50 | Coverage: 55.3% | Eps: 0.050 | Loss: 0.4370
[+01:14:11 | ~00:18:44 left] [Ep 4048] Reward: 495.20 | Coverage: 72.4% | Eps: 0.050 | Loss: 0.3199
[+01:14:12 | ~00:18:43 left] [Ep 4049] Reward: 324.81 | Coverage: 63.7% | Eps: 0.050 | Loss: 0.3394
[+01:14:13 | ~00:18:42 left] [Ep 4050] Reward: 494.86 | Coverage: 61.1% | Eps: 0.050 | Loss: 0.2938
[+01:14:14 | ~00:18:41 left] [Ep 4051] Reward: 428.66 | Coverage: 67.2% | Eps: 0.050 | Loss: 0.3303
[+01:14:16 | ~00:18:40 left] [Ep 4052] Reward: 350.86 | Coverage: 68.2% | Eps: 0.050 | Loss: 0.3411
[+01:14:17 | ~00:18:39 left] [Ep 4053] Reward: 257.79 | Coverage: 63.4% | Eps: 0.050 | Loss: 0.3301
[+01:14:18 | ~00:18:38 left] [Ep 4054] Reward: 753.45 | Coverage: 60.3% | Eps: 0.050 | Loss: 0.2812
[+01:14:19 | ~00:18:36 left] [Ep 4055] Reward: 260.66 | Coverage: 60.4% | Eps: 0.050 | Loss: 0.3298
[+01:14:20 | ~00:18:35 left] [Ep 4056] Reward: 660.26 | Coverage: 68.8% | Eps: 0.050 | Loss: 0.3797
[+01:14:21 | ~00:18:34 left] [Ep 4057] Reward: 583.42 | Coverage: 63.0% | Eps: 0.050 | Loss: 0.3388
[+01:14:22 | ~00:18:33 left] [Ep 4058] Reward: 492.20 | Coverage: 66.9% | Eps: 0.050 | Loss: 0.3590
[+01:14:24 | ~00:18:32 left] [Ep 4059] Reward: 187.65 | Coverage: 52.0% | Eps: 0.050 | Loss: 0.3106
[+01:14:25 | ~00:18:31 left] [Ep 4060] Reward: 666.20 | Coverage: 60.8% | Eps: 0.050 | Loss: 0.3497
[+01:14:26 | ~00:18:30 left] [Ep 4061] Reward: 384.96 | Coverage: 61.5% | Eps: 0.050 | Loss: 0.3305
[+01:14:27 | ~00:18:29 left] [Ep 4062] Reward: 488.36 | Coverage: 60.9% | Eps: 0.050 | Loss: 0.2810
[+01:14:28 | ~00:18:27 left] [Ep 4063] Reward: 337.90 | Coverage: 51.8% | Eps: 0.050 | Loss: 0.3314
[+01:14:29 | ~00:18:26 left] [Ep 4064] Reward: 591.58 | Coverage: 61.1% | Eps: 0.050 | Loss: 0.2786
[+01:14:30 | ~00:18:25 left] [Ep 4065] Reward: 555.11 | Coverage: 73.5% | Eps: 0.050 | Loss: 0.2925
[+01:14:31 | ~00:18:24 left] [Ep 4066] Reward: 268.40 | Coverage: 65.7% | Eps: 0.050 | Loss: 0.3250
[+01:14:32 | ~00:18:23 left] [Ep 4067] Reward: 413.83 | Coverage: 60.6% | Eps: 0.050 | Loss: 0.3290
[+01:14:33 | ~00:18:22 left] [Ep 4068] Reward: 562.73 | Coverage: 59.4% | Eps: 0.050 | Loss: 0.2691
[+01:14:34 | ~00:18:21 left] [Ep 4069] Reward: 378.58 | Coverage: 55.5% | Eps: 0.050 | Loss: 0.3584
[+01:14:36 | ~00:18:20 left] [Ep 4070] Reward: 427.07 | Coverage: 65.2% | Eps: 0.050 | Loss: 0.3388
[+01:14:36 | ~00:18:19 left] [Ep 4071] Reward: 529.48 | Coverage: 59.0% | Eps: 0.050 | Loss: 0.2873
[+01:14:38 | ~00:18:18 left] [Ep 4072] Reward: 262.44 | Coverage: 61.3% | Eps: 0.050 | Loss: 0.2536
[+01:14:39 | ~00:18:17 left] [Ep 4073] Reward: 336.10 | Coverage: 69.2% | Eps: 0.050 | Loss: 0.3089
[+01:14:40 | ~00:18:16 left] [Ep 4074] Reward: 322.37 | Coverage: 69.6% | Eps: 0.050 | Loss: 0.2964
[+01:14:41 | ~00:18:14 left] [Ep 4075] Reward: 231.75 | Coverage: 67.6% | Eps: 0.050 | Loss: 0.3184
[+01:14:42 | ~00:18:13 left] [Ep 4076] Reward: 378.94 | Coverage: 53.6% | Eps: 0.050 | Loss: 0.2989
[+01:14:43 | ~00:18:12 left] [Ep 4077] Reward: 448.51 | Coverage: 60.3% | Eps: 0.050 | Loss: 0.2327
[+01:14:44 | ~00:18:11 left] [Ep 4078] Reward: 296.40 | Coverage: 71.0% | Eps: 0.050 | Loss: 0.2971
[+01:14:45 | ~00:18:10 left] [Ep 4079] Reward: 548.47 | Coverage: 56.5% | Eps: 0.050 | Loss: 0.2999
[+01:14:46 | ~00:18:09 left] [Ep 4080] Reward: 438.28 | Coverage: 71.4% | Eps: 0.050 | Loss: 0.3371
[+01:14:48 | ~00:18:08 left] [Ep 4081] Reward: 346.65 | Coverage: 63.6% | Eps: 0.050 | Loss: 0.2834
[+01:14:49 | ~00:18:07 left] [Ep 4082] Reward: 291.20 | Coverage: 69.5% | Eps: 0.050 | Loss: 0.3780
[+01:14:50 | ~00:18:05 left] [Ep 4083] Reward: 380.28 | Coverage: 61.2% | Eps: 0.050 | Loss: 0.2340
[+01:14:51 | ~00:18:04 left] [Ep 4084] Reward: 611.55 | Coverage: 56.6% | Eps: 0.050 | Loss: 0.3625
[+01:14:52 | ~00:18:03 left] [Ep 4085] Reward: 347.70 | Coverage: 57.5% | Eps: 0.050 | Loss: 0.3006
[+01:14:53 | ~00:18:02 left] [Ep 4086] Reward: 538.19 | Coverage: 72.6% | Eps: 0.050 | Loss: 0.3435
[+01:14:54 | ~00:18:01 left] [Ep 4087] Reward: 316.62 | Coverage: 61.8% | Eps: 0.050 | Loss: 0.3119
[+01:14:56 | ~00:18:00 left] [Ep 4088] Reward: 468.67 | Coverage: 56.3% | Eps: 0.050 | Loss: 0.3539
[+01:14:57 | ~00:17:59 left] [Ep 4089] Reward: 596.62 | Coverage: 68.7% | Eps: 0.050 | Loss: 0.2923
[+01:14:58 | ~00:17:57 left] [Ep 4090] Reward: 229.83 | Coverage: 54.3% | Eps: 0.050 | Loss: 0.2635
[+01:14:59 | ~00:17:56 left] [Ep 4091] Reward: 677.53 | Coverage: 62.7% | Eps: 0.050 | Loss: 0.3638
[+01:15:00 | ~00:17:55 left] [Ep 4092] Reward: 374.62 | Coverage: 65.8% | Eps: 0.050 | Loss: 0.3020
[+01:15:01 | ~00:17:54 left] [Ep 4093] Reward: 461.98 | Coverage: 65.5% | Eps: 0.050 | Loss: 0.3149
[+01:15:02 | ~00:17:53 left] [Ep 4094] Reward: 342.10 | Coverage: 66.3% | Eps: 0.050 | Loss: 0.3550
[+01:15:03 | ~00:17:52 left] [Ep 4095] Reward: 214.17 | Coverage: 63.2% | Eps: 0.050 | Loss: 0.2639
[+01:15:04 | ~00:17:51 left] [Ep 4096] Reward: 386.58 | Coverage: 48.8% | Eps: 0.050 | Loss: 0.3285
[+01:15:05 | ~00:17:50 left] [Ep 4097] Reward: 465.94 | Coverage: 65.2% | Eps: 0.050 | Loss: 0.2806
[+01:15:07 | ~00:17:49 left] [Ep 4098] Reward: 390.11 | Coverage: 63.4% | Eps: 0.050 | Loss: 0.2985
[+01:15:08 | ~00:17:48 left] [Ep 4099] Reward: 442.87 | Coverage: 62.5% | Eps: 0.050 | Loss: 0.3062
[+01:15:09 | ~00:17:47 left] [Ep 4100] Reward: 514.85 | Coverage: 66.6% | Eps: 0.050 | Loss: 0.2428

[+01:15:09 | ~00:17:47 left] [Eval] Episode 4100: Reward=501.81, Coverage=66.6%

[+01:15:10 | ~00:17:45 left] [Ep 4101] Reward: 343.00 | Coverage: 68.3% | Eps: 0.050 | Loss: 0.2712
[+01:15:11 | ~00:17:44 left] [Ep 4102] Reward: 355.34 | Coverage: 65.0% | Eps: 0.050 | Loss: 0.3560
[+01:15:12 | ~00:17:43 left] [Ep 4103] Reward: 421.97 | Coverage: 72.7% | Eps: 0.050 | Loss: 0.3369
[+01:15:13 | ~00:17:42 left] [Ep 4104] Reward: 553.33 | Coverage: 76.9% | Eps: 0.050 | Loss: 0.2985
[+01:15:14 | ~00:17:41 left] [Ep 4105] Reward: 359.54 | Coverage: 65.4% | Eps: 0.050 | Loss: 0.3103
[+01:15:15 | ~00:17:40 left] [Ep 4106] Reward: 254.03 | Coverage: 61.6% | Eps: 0.050 | Loss: 0.2883
[+01:15:16 | ~00:17:39 left] [Ep 4107] Reward: 468.62 | Coverage: 55.9% | Eps: 0.050 | Loss: 0.3538
[+01:15:17 | ~00:17:38 left] [Ep 4108] Reward: 455.63 | Coverage: 67.1% | Eps: 0.050 | Loss: 0.2911
[+01:15:19 | ~00:17:37 left] [Ep 4109] Reward: 562.08 | Coverage: 53.0% | Eps: 0.050 | Loss: 0.3079
[+01:15:20 | ~00:17:36 left] [Ep 4110] Reward: 474.93 | Coverage: 73.8% | Eps: 0.050 | Loss: 0.3440
[+01:15:21 | ~00:17:35 left] [Ep 4111] Reward: 363.46 | Coverage: 69.5% | Eps: 0.050 | Loss: 0.2666
[+01:15:22 | ~00:17:34 left] [Ep 4112] Reward: 425.01 | Coverage: 60.5% | Eps: 0.050 | Loss: 0.3596
[+01:15:23 | ~00:17:33 left] [Ep 4113] Reward: 523.63 | Coverage: 67.8% | Eps: 0.050 | Loss: 0.2355
[+01:15:24 | ~00:17:31 left] [Ep 4114] Reward: 515.16 | Coverage: 58.4% | Eps: 0.050 | Loss: 0.3614
[+01:15:25 | ~00:17:30 left] [Ep 4115] Reward: 260.21 | Coverage: 57.1% | Eps: 0.050 | Loss: 0.2809
[+01:15:26 | ~00:17:29 left] [Ep 4116] Reward: 566.85 | Coverage: 68.2% | Eps: 0.050 | Loss: 0.2856
[+01:15:27 | ~00:17:28 left] [Ep 4117] Reward: 155.72 | Coverage: 57.6% | Eps: 0.050 | Loss: 0.2192
[+01:15:28 | ~00:17:27 left] [Ep 4118] Reward: 301.24 | Coverage: 65.1% | Eps: 0.050 | Loss: 0.2761
[+01:15:29 | ~00:17:26 left] [Ep 4119] Reward: 595.76 | Coverage: 62.9% | Eps: 0.050 | Loss: 0.2522
[+01:15:30 | ~00:17:25 left] [Ep 4120] Reward: 552.45 | Coverage: 73.0% | Eps: 0.050 | Loss: 0.2690
[+01:15:31 | ~00:17:24 left] [Ep 4121] Reward: 426.96 | Coverage: 65.5% | Eps: 0.050 | Loss: 0.2874
[+01:15:33 | ~00:17:23 left] [Ep 4122] Reward: 370.66 | Coverage: 73.1% | Eps: 0.050 | Loss: 0.3307
[+01:15:34 | ~00:17:22 left] [Ep 4123] Reward: 456.27 | Coverage: 68.8% | Eps: 0.050 | Loss: 0.3002
[+01:15:35 | ~00:17:21 left] [Ep 4124] Reward: 362.34 | Coverage: 59.1% | Eps: 0.050 | Loss: 0.3037
[+01:15:36 | ~00:17:20 left] [Ep 4125] Reward: 348.50 | Coverage: 56.7% | Eps: 0.050 | Loss: 0.2471
[+01:15:37 | ~00:17:18 left] [Ep 4126] Reward: 476.38 | Coverage: 51.1% | Eps: 0.050 | Loss: 0.2552
[+01:15:38 | ~00:17:17 left] [Ep 4127] Reward: 644.27 | Coverage: 63.8% | Eps: 0.050 | Loss: 0.3619
[+01:15:39 | ~00:17:16 left] [Ep 4128] Reward: 415.84 | Coverage: 47.1% | Eps: 0.050 | Loss: 0.2600
[+01:15:40 | ~00:17:15 left] [Ep 4129] Reward: 379.65 | Coverage: 58.8% | Eps: 0.050 | Loss: 0.3552
[+01:15:41 | ~00:17:14 left] [Ep 4130] Reward: 540.63 | Coverage: 49.3% | Eps: 0.050 | Loss: 0.2787
[+01:15:42 | ~00:17:13 left] [Ep 4131] Reward: 449.10 | Coverage: 59.9% | Eps: 0.050 | Loss: 0.2880
[+01:15:43 | ~00:17:12 left] [Ep 4132] Reward: 592.51 | Coverage: 67.8% | Eps: 0.050 | Loss: 0.3302
[+01:15:44 | ~00:17:11 left] [Ep 4133] Reward: 403.57 | Coverage: 58.4% | Eps: 0.050 | Loss: 0.3378
[+01:15:45 | ~00:17:10 left] [Ep 4134] Reward: 444.91 | Coverage: 60.3% | Eps: 0.050 | Loss: 0.2820
[+01:15:47 | ~00:17:09 left] [Ep 4135] Reward: 341.18 | Coverage: 60.9% | Eps: 0.050 | Loss: 0.2704
[+01:15:48 | ~00:17:08 left] [Ep 4136] Reward: 536.25 | Coverage: 65.2% | Eps: 0.050 | Loss: 0.2832
[+01:15:49 | ~00:17:07 left] [Ep 4137] Reward: 381.65 | Coverage: 54.8% | Eps: 0.050 | Loss: 0.2985
[+01:15:50 | ~00:17:05 left] [Ep 4138] Reward: 312.31 | Coverage: 64.2% | Eps: 0.050 | Loss: 0.3201
[+01:15:51 | ~00:17:04 left] [Ep 4139] Reward: 603.64 | Coverage: 63.0% | Eps: 0.050 | Loss: 0.2841
[+01:15:52 | ~00:17:03 left] [Ep 4140] Reward: 478.36 | Coverage: 57.5% | Eps: 0.050 | Loss: 0.3082
[+01:15:53 | ~00:17:02 left] [Ep 4141] Reward: 528.11 | Coverage: 57.8% | Eps: 0.050 | Loss: 0.3485
[+01:15:54 | ~00:17:01 left] [Ep 4142] Reward: 392.82 | Coverage: 70.7% | Eps: 0.050 | Loss: 0.2977
[+01:15:56 | ~00:17:00 left] [Ep 4143] Reward: 305.37 | Coverage: 67.8% | Eps: 0.050 | Loss: 0.2944
[+01:15:57 | ~00:16:59 left] [Ep 4144] Reward: 445.83 | Coverage: 66.1% | Eps: 0.050 | Loss: 0.2207
[+01:15:58 | ~00:16:58 left] [Ep 4145] Reward: 330.61 | Coverage: 58.6% | Eps: 0.050 | Loss: 0.1757
[+01:15:59 | ~00:16:57 left] [Ep 4146] Reward: 528.67 | Coverage: 61.5% | Eps: 0.050 | Loss: 0.2960
[+01:16:00 | ~00:16:55 left] [Ep 4147] Reward: 517.18 | Coverage: 55.9% | Eps: 0.050 | Loss: 0.2762
[+01:16:01 | ~00:16:54 left] [Ep 4148] Reward: 330.48 | Coverage: 53.2% | Eps: 0.050 | Loss: 0.2589
[+01:16:02 | ~00:16:53 left] [Ep 4149] Reward: 521.12 | Coverage: 60.8% | Eps: 0.050 | Loss: 0.2887
[+01:16:03 | ~00:16:52 left] [Ep 4150] Reward: 495.85 | Coverage: 60.0% | Eps: 0.050 | Loss: 0.2760
[+01:16:04 | ~00:16:51 left] [Ep 4151] Reward: 854.09 | Coverage: 56.2% | Eps: 0.050 | Loss: 0.3231
[+01:16:05 | ~00:16:50 left] [Ep 4152] Reward: 384.98 | Coverage: 56.4% | Eps: 0.050 | Loss: 0.2809
[+01:16:06 | ~00:16:49 left] [Ep 4153] Reward: 280.18 | Coverage: 65.7% | Eps: 0.050 | Loss: 0.2471
[+01:16:07 | ~00:16:48 left] [Ep 4154] Reward: 420.16 | Coverage: 60.8% | Eps: 0.050 | Loss: 0.3161
[+01:16:08 | ~00:16:47 left] [Ep 4155] Reward: 493.57 | Coverage: 54.3% | Eps: 0.050 | Loss: 0.2673
[+01:16:09 | ~00:16:46 left] [Ep 4156] Reward: 437.76 | Coverage: 75.4% | Eps: 0.050 | Loss: 0.2965
[+01:16:10 | ~00:16:45 left] [Ep 4157] Reward: 331.63 | Coverage: 53.3% | Eps: 0.050 | Loss: 0.2559
[+01:16:12 | ~00:16:44 left] [Ep 4158] Reward: 393.78 | Coverage: 64.7% | Eps: 0.050 | Loss: 0.2485
[+01:16:13 | ~00:16:43 left] [Ep 4159] Reward: 419.39 | Coverage: 57.6% | Eps: 0.050 | Loss: 0.2773
[+01:16:14 | ~00:16:41 left] [Ep 4160] Reward: 314.68 | Coverage: 67.4% | Eps: 0.050 | Loss: 0.2740
[+01:16:15 | ~00:16:40 left] [Ep 4161] Reward: 561.41 | Coverage: 63.9% | Eps: 0.050 | Loss: 0.2922
[+01:16:16 | ~00:16:39 left] [Ep 4162] Reward: 499.87 | Coverage: 69.4% | Eps: 0.050 | Loss: 0.2617
[+01:16:17 | ~00:16:38 left] [Ep 4163] Reward: 312.09 | Coverage: 63.1% | Eps: 0.050 | Loss: 0.1985
[+01:16:18 | ~00:16:37 left] [Ep 4164] Reward: 396.13 | Coverage: 59.1% | Eps: 0.050 | Loss: 0.2542
[+01:16:19 | ~00:16:36 left] [Ep 4165] Reward: 833.49 | Coverage: 71.9% | Eps: 0.050 | Loss: 0.3027
[+01:16:20 | ~00:16:35 left] [Ep 4166] Reward: 297.91 | Coverage: 63.1% | Eps: 0.050 | Loss: 0.2586
[+01:16:21 | ~00:16:34 left] [Ep 4167] Reward: 347.95 | Coverage: 62.3% | Eps: 0.050 | Loss: 0.2601
[+01:16:22 | ~00:16:33 left] [Ep 4168] Reward: 342.22 | Coverage: 62.6% | Eps: 0.050 | Loss: 0.3090
[+01:16:23 | ~00:16:32 left] [Ep 4169] Reward: 326.74 | Coverage: 59.2% | Eps: 0.050 | Loss: 0.2405
[+01:16:24 | ~00:16:31 left] [Ep 4170] Reward: 238.60 | Coverage: 65.5% | Eps: 0.050 | Loss: 0.2068
[+01:16:25 | ~00:16:30 left] [Ep 4171] Reward: 482.65 | Coverage: 73.2% | Eps: 0.050 | Loss: 0.2616
[+01:16:27 | ~00:16:29 left] [Ep 4172] Reward: 371.83 | Coverage: 72.1% | Eps: 0.050 | Loss: 0.2482
[+01:16:28 | ~00:16:28 left] [Ep 4173] Reward: 589.23 | Coverage: 65.2% | Eps: 0.050 | Loss: 0.2284
[+01:16:29 | ~00:16:26 left] [Ep 4174] Reward: 270.57 | Coverage: 67.2% | Eps: 0.050 | Loss: 0.2596
[+01:16:30 | ~00:16:25 left] [Ep 4175] Reward: 417.56 | Coverage: 67.8% | Eps: 0.050 | Loss: 0.2857
[+01:16:31 | ~00:16:24 left] [Ep 4176] Reward: 317.25 | Coverage: 59.8% | Eps: 0.050 | Loss: 0.2652
[+01:16:32 | ~00:16:23 left] [Ep 4177] Reward: 407.12 | Coverage: 72.1% | Eps: 0.050 | Loss: 0.2774
[+01:16:33 | ~00:16:22 left] [Ep 4178] Reward: 658.61 | Coverage: 64.9% | Eps: 0.050 | Loss: 0.3372
[+01:16:34 | ~00:16:21 left] [Ep 4179] Reward: 546.60 | Coverage: 53.0% | Eps: 0.050 | Loss: 0.2504
[+01:16:35 | ~00:16:20 left] [Ep 4180] Reward: 289.45 | Coverage: 67.0% | Eps: 0.050 | Loss: 0.2748
[+01:16:36 | ~00:16:19 left] [Ep 4181] Reward: 443.32 | Coverage: 58.2% | Eps: 0.050 | Loss: 0.2428
[+01:16:37 | ~00:16:18 left] [Ep 4182] Reward: 404.19 | Coverage: 65.2% | Eps: 0.050 | Loss: 0.2288
[+01:16:38 | ~00:16:17 left] [Ep 4183] Reward: 439.38 | Coverage: 67.3% | Eps: 0.050 | Loss: 0.2388
[+01:16:40 | ~00:16:16 left] [Ep 4184] Reward: 349.99 | Coverage: 61.7% | Eps: 0.050 | Loss: 0.2426
[+01:16:41 | ~00:16:15 left] [Ep 4185] Reward: 492.95 | Coverage: 65.0% | Eps: 0.050 | Loss: 0.2756
[+01:16:42 | ~00:16:14 left] [Ep 4186] Reward: 346.03 | Coverage: 71.2% | Eps: 0.050 | Loss: 0.3548
[+01:16:43 | ~00:16:12 left] [Ep 4187] Reward: 564.91 | Coverage: 55.5% | Eps: 0.050 | Loss: 0.2317
[+01:16:44 | ~00:16:11 left] [Ep 4188] Reward: 518.26 | Coverage: 52.6% | Eps: 0.050 | Loss: 0.2432
[+01:16:45 | ~00:16:10 left] [Ep 4189] Reward: 520.86 | Coverage: 62.7% | Eps: 0.050 | Loss: 0.2569
[+01:16:46 | ~00:16:09 left] [Ep 4190] Reward: 657.92 | Coverage: 62.0% | Eps: 0.050 | Loss: 0.2747
[+01:16:47 | ~00:16:08 left] [Ep 4191] Reward: 493.10 | Coverage: 75.3% | Eps: 0.050 | Loss: 0.2690
[+01:16:48 | ~00:16:07 left] [Ep 4192] Reward: 285.30 | Coverage: 69.1% | Eps: 0.050 | Loss: 0.3093
[+01:16:49 | ~00:16:06 left] [Ep 4193] Reward: 398.19 | Coverage: 66.4% | Eps: 0.050 | Loss: 0.1605
[+01:16:51 | ~00:16:05 left] [Ep 4194] Reward: 381.96 | Coverage: 62.8% | Eps: 0.050 | Loss: 0.1616
[+01:16:52 | ~00:16:04 left] [Ep 4195] Reward: 414.58 | Coverage: 52.4% | Eps: 0.050 | Loss: 0.2368
[+01:16:53 | ~00:16:02 left] [Ep 4196] Reward: 590.28 | Coverage: 55.8% | Eps: 0.050 | Loss: 0.3000
[+01:16:54 | ~00:16:01 left] [Ep 4197] Reward: 381.50 | Coverage: 61.5% | Eps: 0.050 | Loss: 0.1930
[+01:16:55 | ~00:16:00 left] [Ep 4198] Reward: 342.15 | Coverage: 64.4% | Eps: 0.050 | Loss: 0.1349
[+01:16:56 | ~00:15:59 left] [Ep 4199] Reward: 522.82 | Coverage: 60.9% | Eps: 0.050 | Loss: 0.2776
[+01:16:57 | ~00:15:58 left] [Ep 4200] Reward: 357.35 | Coverage: 64.0% | Eps: 0.050 | Loss: 0.2641

[+01:16:57 | ~00:15:58 left] [Eval] Episode 4200: Reward=359.41, Coverage=71.3%

[+01:16:58 | ~00:15:57 left] [Ep 4201] Reward: 337.82 | Coverage: 67.3% | Eps: 0.050 | Loss: 0.2102
[+01:16:59 | ~00:15:56 left] [Ep 4202] Reward: 514.79 | Coverage: 59.3% | Eps: 0.050 | Loss: 0.2140
[+01:17:00 | ~00:15:55 left] [Ep 4203] Reward: 576.81 | Coverage: 60.9% | Eps: 0.050 | Loss: 0.2142
[+01:17:02 | ~00:15:54 left] [Ep 4204] Reward: 415.48 | Coverage: 57.8% | Eps: 0.050 | Loss: 0.2569
[+01:17:03 | ~00:15:53 left] [Ep 4205] Reward: 455.06 | Coverage: 70.2% | Eps: 0.050 | Loss: 0.2270
[+01:17:04 | ~00:15:52 left] [Ep 4206] Reward: 517.09 | Coverage: 51.9% | Eps: 0.050 | Loss: 0.2714
[+01:17:05 | ~00:15:50 left] [Ep 4207] Reward: 445.96 | Coverage: 66.7% | Eps: 0.050 | Loss: 0.1370
[+01:17:06 | ~00:15:49 left] [Ep 4208] Reward: 522.45 | Coverage: 67.7% | Eps: 0.050 | Loss: 0.2165
[+01:17:07 | ~00:15:48 left] [Ep 4209] Reward: 382.10 | Coverage: 51.8% | Eps: 0.050 | Loss: 0.2053
[+01:17:08 | ~00:15:47 left] [Ep 4210] Reward: 339.13 | Coverage: 60.6% | Eps: 0.050 | Loss: 0.2396
[+01:17:09 | ~00:15:46 left] [Ep 4211] Reward: 407.17 | Coverage: 69.4% | Eps: 0.050 | Loss: 0.2279
[+01:17:10 | ~00:15:45 left] [Ep 4212] Reward: 657.50 | Coverage: 58.2% | Eps: 0.050 | Loss: 0.2809
[+01:17:11 | ~00:15:44 left] [Ep 4213] Reward: 466.89 | Coverage: 60.0% | Eps: 0.050 | Loss: 0.1742
[+01:17:12 | ~00:15:43 left] [Ep 4214] Reward: 314.86 | Coverage: 63.0% | Eps: 0.050 | Loss: 0.2500
[+01:17:14 | ~00:15:42 left] [Ep 4215] Reward: 429.72 | Coverage: 70.7% | Eps: 0.050 | Loss: 0.2701
[+01:17:15 | ~00:15:41 left] [Ep 4216] Reward: 621.28 | Coverage: 66.8% | Eps: 0.050 | Loss: 0.3216
[+01:17:16 | ~00:15:39 left] [Ep 4217] Reward: 385.04 | Coverage: 59.4% | Eps: 0.050 | Loss: 0.2276
[+01:17:17 | ~00:15:39 left] [Ep 4218] Reward: 588.30 | Coverage: 55.5% | Eps: 0.050 | Loss: 0.2595
[+01:17:18 | ~00:15:37 left] [Ep 4219] Reward: 674.08 | Coverage: 54.8% | Eps: 0.050 | Loss: 0.1739
[+01:17:19 | ~00:15:36 left] [Ep 4220] Reward: 339.01 | Coverage: 65.1% | Eps: 0.050 | Loss: 0.1500
[+01:17:20 | ~00:15:35 left] [Ep 4221] Reward: 524.40 | Coverage: 51.1% | Eps: 0.050 | Loss: 0.2791
[+01:17:21 | ~00:15:34 left] [Ep 4222] Reward: 371.67 | Coverage: 60.0% | Eps: 0.050 | Loss: 0.2446
[+01:17:22 | ~00:15:33 left] [Ep 4223] Reward: 374.05 | Coverage: 66.5% | Eps: 0.050 | Loss: 0.2916
[+01:17:23 | ~00:15:32 left] [Ep 4224] Reward: 421.45 | Coverage: 56.5% | Eps: 0.050 | Loss: 0.1891
[+01:17:24 | ~00:15:31 left] [Ep 4225] Reward: 492.97 | Coverage: 61.4% | Eps: 0.050 | Loss: 0.2644
[+01:17:26 | ~00:15:30 left] [Ep 4226] Reward: 484.74 | Coverage: 62.6% | Eps: 0.050 | Loss: 0.3180
[+01:17:27 | ~00:15:29 left] [Ep 4227] Reward: 458.44 | Coverage: 67.4% | Eps: 0.050 | Loss: 0.2596
[+01:17:28 | ~00:15:27 left] [Ep 4228] Reward: 409.40 | Coverage: 55.7% | Eps: 0.050 | Loss: 0.2535
[+01:17:29 | ~00:15:26 left] [Ep 4229] Reward: 417.59 | Coverage: 63.6% | Eps: 0.050 | Loss: 0.2424
[+01:17:30 | ~00:15:25 left] [Ep 4230] Reward: 453.19 | Coverage: 62.9% | Eps: 0.050 | Loss: 0.1789
[+01:17:31 | ~00:15:24 left] [Ep 4231] Reward: 444.82 | Coverage: 63.8% | Eps: 0.050 | Loss: 0.2955
[+01:17:32 | ~00:15:23 left] [Ep 4232] Reward: 295.75 | Coverage: 54.4% | Eps: 0.050 | Loss: 0.2165
[+01:17:33 | ~00:15:22 left] [Ep 4233] Reward: 302.74 | Coverage: 66.0% | Eps: 0.050 | Loss: 0.2607
[+01:17:35 | ~00:15:21 left] [Ep 4234] Reward: 695.95 | Coverage: 58.5% | Eps: 0.050 | Loss: 0.1777
[+01:17:36 | ~00:15:20 left] [Ep 4235] Reward: 267.93 | Coverage: 62.6% | Eps: 0.050 | Loss: 0.1926
[+01:17:37 | ~00:15:18 left] [Ep 4236] Reward: 531.05 | Coverage: 58.5% | Eps: 0.050 | Loss: 0.2968
[+01:17:38 | ~00:15:17 left] [Ep 4237] Reward: 540.79 | Coverage: 74.0% | Eps: 0.050 | Loss: 0.2252
[+01:17:39 | ~00:15:16 left] [Ep 4238] Reward: 469.27 | Coverage: 63.5% | Eps: 0.050 | Loss: 0.2968
[+01:17:40 | ~00:15:15 left] [Ep 4239] Reward: 294.42 | Coverage: 75.1% | Eps: 0.050 | Loss: 0.2352
[+01:17:41 | ~00:15:14 left] [Ep 4240] Reward: 452.72 | Coverage: 59.7% | Eps: 0.050 | Loss: 0.1643
[+01:17:42 | ~00:15:13 left] [Ep 4241] Reward: 615.16 | Coverage: 61.7% | Eps: 0.050 | Loss: 0.2733
[+01:17:43 | ~00:15:12 left] [Ep 4242] Reward: 462.43 | Coverage: 71.4% | Eps: 0.050 | Loss: 0.2137
[+01:17:44 | ~00:15:11 left] [Ep 4243] Reward: 483.04 | Coverage: 61.2% | Eps: 0.050 | Loss: 0.2649
[+01:17:46 | ~00:15:10 left] [Ep 4244] Reward: 454.88 | Coverage: 65.7% | Eps: 0.050 | Loss: 0.2376
[+01:17:47 | ~00:15:09 left] [Ep 4245] Reward: 119.84 | Coverage: 69.6% | Eps: 0.050 | Loss: 0.1745
[+01:17:48 | ~00:15:08 left] [Ep 4246] Reward: 433.52 | Coverage: 61.2% | Eps: 0.050 | Loss: 0.2425
[+01:17:49 | ~00:15:07 left] [Ep 4247] Reward: 821.58 | Coverage: 59.5% | Eps: 0.050 | Loss: 0.3234
[+01:17:50 | ~00:15:06 left] [Ep 4248] Reward: 416.61 | Coverage: 61.9% | Eps: 0.050 | Loss: 0.2549
[+01:17:51 | ~00:15:05 left] [Ep 4249] Reward: 370.17 | Coverage: 68.8% | Eps: 0.050 | Loss: 0.2326
[+01:17:52 | ~00:15:04 left] [Ep 4250] Reward: 308.36 | Coverage: 65.6% | Eps: 0.050 | Loss: 0.2776
[+01:17:53 | ~00:15:02 left] [Ep 4251] Reward: 352.76 | Coverage: 70.3% | Eps: 0.050 | Loss: 0.2427
[+01:17:54 | ~00:15:01 left] [Ep 4252] Reward: 456.79 | Coverage: 61.8% | Eps: 0.050 | Loss: 0.2423
[+01:17:55 | ~00:15:00 left] [Ep 4253] Reward: 616.20 | Coverage: 60.6% | Eps: 0.050 | Loss: 0.1899
[+01:17:56 | ~00:14:59 left] [Ep 4254] Reward: 370.48 | Coverage: 57.0% | Eps: 0.050 | Loss: 0.2426
[+01:17:57 | ~00:14:58 left] [Ep 4255] Reward: 608.11 | Coverage: 61.6% | Eps: 0.050 | Loss: 0.2744
[+01:17:59 | ~00:14:57 left] [Ep 4256] Reward: 460.31 | Coverage: 60.0% | Eps: 0.050 | Loss: 0.1992
[+01:18:00 | ~00:14:56 left] [Ep 4257] Reward: 352.96 | Coverage: 62.6% | Eps: 0.050 | Loss: 0.2893
[+01:18:01 | ~00:14:55 left] [Ep 4258] Reward: 579.87 | Coverage: 58.1% | Eps: 0.050 | Loss: 0.2284
[+01:18:02 | ~00:14:53 left] [Ep 4259] Reward: 761.12 | Coverage: 59.3% | Eps: 0.050 | Loss: 0.1962
[+01:18:03 | ~00:14:52 left] [Ep 4260] Reward: 449.13 | Coverage: 61.5% | Eps: 0.050 | Loss: 0.2714
[+01:18:04 | ~00:14:51 left] [Ep 4261] Reward: 361.85 | Coverage: 68.5% | Eps: 0.050 | Loss: 0.2197
[+01:18:05 | ~00:14:50 left] [Ep 4262] Reward: 585.72 | Coverage: 61.4% | Eps: 0.050 | Loss: 0.2613
[+01:18:06 | ~00:14:49 left] [Ep 4263] Reward: 680.43 | Coverage: 60.1% | Eps: 0.050 | Loss: 0.2189
[+01:18:07 | ~00:14:48 left] [Ep 4264] Reward: 336.20 | Coverage: 68.8% | Eps: 0.050 | Loss: 0.2279
[+01:18:09 | ~00:14:47 left] [Ep 4265] Reward: 409.00 | Coverage: 70.6% | Eps: 0.050 | Loss: 0.2498
[+01:18:10 | ~00:14:46 left] [Ep 4266] Reward: 446.57 | Coverage: 61.6% | Eps: 0.050 | Loss: 0.2414
[+01:18:11 | ~00:14:45 left] [Ep 4267] Reward: 402.07 | Coverage: 61.8% | Eps: 0.050 | Loss: 0.1497
[+01:18:12 | ~00:14:43 left] [Ep 4268] Reward: 319.58 | Coverage: 53.4% | Eps: 0.050 | Loss: 0.1844
[+01:18:13 | ~00:14:42 left] [Ep 4269] Reward: 365.21 | Coverage: 54.8% | Eps: 0.050 | Loss: 0.2661
[+01:18:14 | ~00:14:41 left] [Ep 4270] Reward: 476.69 | Coverage: 63.0% | Eps: 0.050 | Loss: 0.2234
[+01:18:15 | ~00:14:40 left] [Ep 4271] Reward: 274.72 | Coverage: 70.8% | Eps: 0.050 | Loss: 0.2075
[+01:18:16 | ~00:14:39 left] [Ep 4272] Reward: 505.30 | Coverage: 73.2% | Eps: 0.050 | Loss: 0.1738
[+01:18:18 | ~00:14:38 left] [Ep 4273] Reward: 675.09 | Coverage: 67.7% | Eps: 0.050 | Loss: 0.1847
[+01:18:19 | ~00:14:37 left] [Ep 4274] Reward: 336.17 | Coverage: 60.6% | Eps: 0.050 | Loss: 0.1468
[+01:18:20 | ~00:14:36 left] [Ep 4275] Reward: 589.79 | Coverage: 66.0% | Eps: 0.050 | Loss: 0.2234
[+01:18:21 | ~00:14:34 left] [Ep 4276] Reward: 439.28 | Coverage: 55.3% | Eps: 0.050 | Loss: 0.2033
[+01:18:22 | ~00:14:33 left] [Ep 4277] Reward: 456.43 | Coverage: 62.8% | Eps: 0.050 | Loss: 0.1883
[+01:18:23 | ~00:14:32 left] [Ep 4278] Reward: 423.56 | Coverage: 56.9% | Eps: 0.050 | Loss: 0.2240
[+01:18:24 | ~00:14:31 left] [Ep 4279] Reward: 654.40 | Coverage: 63.3% | Eps: 0.050 | Loss: 0.2411
[+01:18:25 | ~00:14:30 left] [Ep 4280] Reward: 595.89 | Coverage: 71.0% | Eps: 0.050 | Loss: 0.3100
[+01:18:26 | ~00:14:29 left] [Ep 4281] Reward: 386.44 | Coverage: 75.0% | Eps: 0.050 | Loss: 0.1656
[+01:18:27 | ~00:14:28 left] [Ep 4282] Reward: 498.56 | Coverage: 64.4% | Eps: 0.050 | Loss: 0.2722
[+01:18:29 | ~00:14:27 left] [Ep 4283] Reward: 760.88 | Coverage: 65.4% | Eps: 0.050 | Loss: 0.2646
[+01:18:30 | ~00:14:26 left] [Ep 4284] Reward: 546.06 | Coverage: 54.3% | Eps: 0.050 | Loss: 0.1943
[+01:18:31 | ~00:14:25 left] [Ep 4285] Reward: 614.67 | Coverage: 59.7% | Eps: 0.050 | Loss: 0.2333
[+01:18:32 | ~00:14:23 left] [Ep 4286] Reward: 420.17 | Coverage: 71.4% | Eps: 0.050 | Loss: 0.2067
[+01:18:33 | ~00:14:22 left] [Ep 4287] Reward: 551.00 | Coverage: 69.5% | Eps: 0.050 | Loss: 0.2322
[+01:18:34 | ~00:14:21 left] [Ep 4288] Reward: 698.57 | Coverage: 67.7% | Eps: 0.050 | Loss: 0.2850
[+01:18:35 | ~00:14:20 left] [Ep 4289] Reward: 327.04 | Coverage: 65.7% | Eps: 0.050 | Loss: 0.2487
[+01:18:37 | ~00:14:19 left] [Ep 4290] Reward: 282.17 | Coverage: 72.1% | Eps: 0.050 | Loss: 0.2446
[+01:18:38 | ~00:14:18 left] [Ep 4291] Reward: 544.23 | Coverage: 61.9% | Eps: 0.050 | Loss: 0.2068
[+01:18:39 | ~00:14:17 left] [Ep 4292] Reward: 313.73 | Coverage: 62.2% | Eps: 0.050 | Loss: 0.1645
[+01:18:40 | ~00:14:15 left] [Ep 4293] Reward: 443.38 | Coverage: 78.3% | Eps: 0.050 | Loss: 0.2154
[+01:18:41 | ~00:14:14 left] [Ep 4294] Reward: 403.09 | Coverage: 58.7% | Eps: 0.050 | Loss: 0.2718
[+01:18:42 | ~00:14:13 left] [Ep 4295] Reward: 414.57 | Coverage: 65.7% | Eps: 0.050 | Loss: 0.1623
[+01:18:43 | ~00:14:12 left] [Ep 4296] Reward: 501.25 | Coverage: 61.3% | Eps: 0.050 | Loss: 0.1810
[+01:18:44 | ~00:14:11 left] [Ep 4297] Reward: 623.24 | Coverage: 71.3% | Eps: 0.050 | Loss: 0.2281
[+01:18:45 | ~00:14:10 left] [Ep 4298] Reward: 426.82 | Coverage: 61.8% | Eps: 0.050 | Loss: 0.1835
[+01:18:46 | ~00:14:09 left] [Ep 4299] Reward: 384.42 | Coverage: 61.4% | Eps: 0.050 | Loss: 0.1910
[+01:18:47 | ~00:14:08 left] [Ep 4300] Reward: 781.74 | Coverage: 61.6% | Eps: 0.050 | Loss: 0.2056

[+01:18:47 | ~00:14:08 left] [Eval] Episode 4300: Reward=778.98, Coverage=58.8%

[+01:18:48 | ~00:14:07 left] [Ep 4301] Reward: 404.98 | Coverage: 67.6% | Eps: 0.050 | Loss: 0.1678
[+01:18:49 | ~00:14:06 left] [Ep 4302] Reward: 451.84 | Coverage: 57.9% | Eps: 0.050 | Loss: 0.1833
[+01:18:51 | ~00:14:05 left] [Ep 4303] Reward: 544.41 | Coverage: 55.4% | Eps: 0.050 | Loss: 0.2503
[+01:18:52 | ~00:14:04 left] [Ep 4304] Reward: 374.50 | Coverage: 62.6% | Eps: 0.050 | Loss: 0.1697
[+01:18:53 | ~00:14:03 left] [Ep 4305] Reward: 385.74 | Coverage: 61.4% | Eps: 0.050 | Loss: 0.1580
[+01:18:54 | ~00:14:01 left] [Ep 4306] Reward: 541.53 | Coverage: 66.1% | Eps: 0.050 | Loss: 0.1966
[+01:18:55 | ~00:14:00 left] [Ep 4307] Reward: 482.06 | Coverage: 61.4% | Eps: 0.050 | Loss: 0.2510
[+01:18:56 | ~00:13:59 left] [Ep 4308] Reward: 492.23 | Coverage: 60.0% | Eps: 0.050 | Loss: 0.2137
[+01:18:57 | ~00:13:58 left] [Ep 4309] Reward: 498.43 | Coverage: 64.8% | Eps: 0.050 | Loss: 0.2029
[+01:18:58 | ~00:13:57 left] [Ep 4310] Reward: 488.34 | Coverage: 65.5% | Eps: 0.050 | Loss: 0.2231
[+01:18:59 | ~00:13:56 left] [Ep 4311] Reward: 523.31 | Coverage: 68.6% | Eps: 0.050 | Loss: 0.1514
[+01:19:00 | ~00:13:55 left] [Ep 4312] Reward: 364.62 | Coverage: 63.6% | Eps: 0.050 | Loss: 0.2409
[+01:19:01 | ~00:13:54 left] [Ep 4313] Reward: 435.00 | Coverage: 53.7% | Eps: 0.050 | Loss: 0.2364
[+01:19:03 | ~00:13:53 left] [Ep 4314] Reward: 402.62 | Coverage: 63.0% | Eps: 0.050 | Loss: 0.2046
[+01:19:04 | ~00:13:52 left] [Ep 4315] Reward: 579.74 | Coverage: 63.3% | Eps: 0.050 | Loss: 0.2611
[+01:19:05 | ~00:13:51 left] [Ep 4316] Reward: 321.43 | Coverage: 62.7% | Eps: 0.050 | Loss: 0.1757
[+01:19:06 | ~00:13:49 left] [Ep 4317] Reward: 402.85 | Coverage: 66.1% | Eps: 0.050 | Loss: 0.2658
[+01:19:07 | ~00:13:48 left] [Ep 4318] Reward: 326.80 | Coverage: 61.8% | Eps: 0.050 | Loss: 0.2268
[+01:19:08 | ~00:13:47 left] [Ep 4319] Reward: 344.49 | Coverage: 69.1% | Eps: 0.050 | Loss: 0.2071
[+01:19:09 | ~00:13:46 left] [Ep 4320] Reward: 406.10 | Coverage: 61.7% | Eps: 0.050 | Loss: 0.2197
[+01:19:10 | ~00:13:45 left] [Ep 4321] Reward: 414.37 | Coverage: 70.6% | Eps: 0.050 | Loss: 0.2161
[+01:19:12 | ~00:13:44 left] [Ep 4322] Reward: 453.84 | Coverage: 57.4% | Eps: 0.050 | Loss: 0.2692
[+01:19:13 | ~00:13:43 left] [Ep 4323] Reward: 519.37 | Coverage: 50.9% | Eps: 0.050 | Loss: 0.1773
[+01:19:14 | ~00:13:42 left] [Ep 4324] Reward: 355.22 | Coverage: 58.2% | Eps: 0.050 | Loss: 0.1898
[+01:19:15 | ~00:13:40 left] [Ep 4325] Reward: 637.97 | Coverage: 78.2% | Eps: 0.050 | Loss: 0.2617
[+01:19:16 | ~00:13:39 left] [Ep 4326] Reward: 614.29 | Coverage: 61.9% | Eps: 0.050 | Loss: 0.1964
[+01:19:17 | ~00:13:38 left] [Ep 4327] Reward: 414.77 | Coverage: 62.7% | Eps: 0.050 | Loss: 0.2562
[+01:19:18 | ~00:13:37 left] [Ep 4328] Reward: 570.62 | Coverage: 64.7% | Eps: 0.050 | Loss: 0.2881
[+01:19:19 | ~00:13:36 left] [Ep 4329] Reward: 431.61 | Coverage: 61.0% | Eps: 0.050 | Loss: 0.2040
[+01:19:20 | ~00:13:35 left] [Ep 4330] Reward: 394.76 | Coverage: 64.7% | Eps: 0.050 | Loss: 0.2473
[+01:19:22 | ~00:13:34 left] [Ep 4331] Reward: 352.65 | Coverage: 63.9% | Eps: 0.050 | Loss: 0.1739
[+01:19:23 | ~00:13:33 left] [Ep 4332] Reward: 510.53 | Coverage: 74.1% | Eps: 0.050 | Loss: 0.2502
[+01:19:24 | ~00:13:32 left] [Ep 4333] Reward: 483.76 | Coverage: 69.6% | Eps: 0.050 | Loss: 0.2280
[+01:19:25 | ~00:13:31 left] [Ep 4334] Reward: 476.53 | Coverage: 64.7% | Eps: 0.050 | Loss: 0.2389
[+01:19:26 | ~00:13:29 left] [Ep 4335] Reward: 511.64 | Coverage: 67.0% | Eps: 0.050 | Loss: 0.1942
[+01:19:27 | ~00:13:28 left] [Ep 4336] Reward: 407.68 | Coverage: 66.5% | Eps: 0.050 | Loss: 0.1536
[+01:19:28 | ~00:13:27 left] [Ep 4337] Reward: 440.77 | Coverage: 57.7% | Eps: 0.050 | Loss: 0.2401
[+01:19:29 | ~00:13:26 left] [Ep 4338] Reward: 465.95 | Coverage: 69.2% | Eps: 0.050 | Loss: 0.1375
[+01:19:30 | ~00:13:25 left] [Ep 4339] Reward: 428.35 | Coverage: 60.1% | Eps: 0.050 | Loss: 0.2073
[+01:19:31 | ~00:13:24 left] [Ep 4340] Reward: 290.54 | Coverage: 67.5% | Eps: 0.050 | Loss: 0.2577
[+01:19:32 | ~00:13:23 left] [Ep 4341] Reward: 644.91 | Coverage: 64.1% | Eps: 0.050 | Loss: 0.2277
[+01:19:33 | ~00:13:22 left] [Ep 4342] Reward: 608.47 | Coverage: 68.1% | Eps: 0.050 | Loss: 0.2980
[+01:19:35 | ~00:13:21 left] [Ep 4343] Reward: 369.61 | Coverage: 70.7% | Eps: 0.050 | Loss: 0.2611
[+01:19:36 | ~00:13:20 left] [Ep 4344] Reward: 750.24 | Coverage: 66.4% | Eps: 0.050 | Loss: 0.1940
[+01:19:37 | ~00:13:18 left] [Ep 4345] Reward: 518.85 | Coverage: 60.9% | Eps: 0.050 | Loss: 0.2213
[+01:19:38 | ~00:13:17 left] [Ep 4346] Reward: 306.50 | Coverage: 61.8% | Eps: 0.050 | Loss: 0.2183
[+01:19:39 | ~00:13:16 left] [Ep 4347] Reward: 408.78 | Coverage: 66.3% | Eps: 0.050 | Loss: 0.1570
[+01:19:40 | ~00:13:15 left] [Ep 4348] Reward: 443.69 | Coverage: 61.2% | Eps: 0.050 | Loss: 0.1827
[+01:19:41 | ~00:13:14 left] [Ep 4349] Reward: 687.61 | Coverage: 61.4% | Eps: 0.050 | Loss: 0.1980
[+01:19:42 | ~00:13:13 left] [Ep 4350] Reward: 284.43 | Coverage: 62.8% | Eps: 0.050 | Loss: 0.1390
[+01:19:44 | ~00:13:12 left] [Ep 4351] Reward: 512.19 | Coverage: 61.5% | Eps: 0.050 | Loss: 0.2224
[+01:19:45 | ~00:13:11 left] [Ep 4352] Reward: 395.84 | Coverage: 66.1% | Eps: 0.050 | Loss: 0.2106
[+01:19:46 | ~00:13:10 left] [Ep 4353] Reward: 257.79 | Coverage: 61.1% | Eps: 0.050 | Loss: 0.1537
[+01:19:47 | ~00:13:09 left] [Ep 4354] Reward: 313.86 | Coverage: 63.9% | Eps: 0.050 | Loss: 0.2369
[+01:19:48 | ~00:13:07 left] [Ep 4355] Reward: 497.17 | Coverage: 59.6% | Eps: 0.050 | Loss: 0.2494
[+01:19:49 | ~00:13:06 left] [Ep 4356] Reward: 433.64 | Coverage: 54.5% | Eps: 0.050 | Loss: 0.2300
[+01:19:50 | ~00:13:05 left] [Ep 4357] Reward: 417.27 | Coverage: 67.5% | Eps: 0.050 | Loss: 0.2080
[+01:19:51 | ~00:13:04 left] [Ep 4358] Reward: 554.34 | Coverage: 68.4% | Eps: 0.050 | Loss: 0.2447
[+01:19:52 | ~00:13:03 left] [Ep 4359] Reward: 462.06 | Coverage: 60.8% | Eps: 0.050 | Loss: 0.2484
[+01:19:53 | ~00:13:02 left] [Ep 4360] Reward: 439.97 | Coverage: 67.5% | Eps: 0.050 | Loss: 0.2336
[+01:19:54 | ~00:13:01 left] [Ep 4361] Reward: 179.53 | Coverage: 65.0% | Eps: 0.050 | Loss: 0.1884
[+01:19:55 | ~00:13:00 left] [Ep 4362] Reward: 440.34 | Coverage: 57.5% | Eps: 0.050 | Loss: 0.2325
[+01:19:57 | ~00:12:59 left] [Ep 4363] Reward: 442.16 | Coverage: 69.4% | Eps: 0.050 | Loss: 0.2694
[+01:19:58 | ~00:12:58 left] [Ep 4364] Reward: 446.50 | Coverage: 53.2% | Eps: 0.050 | Loss: 0.1978
[+01:19:59 | ~00:12:56 left] [Ep 4365] Reward: 514.76 | Coverage: 63.1% | Eps: 0.050 | Loss: 0.3057
[+01:20:00 | ~00:12:55 left] [Ep 4366] Reward: 428.35 | Coverage: 67.1% | Eps: 0.050 | Loss: 0.2009
[+01:20:01 | ~00:12:54 left] [Ep 4367] Reward: 557.81 | Coverage: 57.8% | Eps: 0.050 | Loss: 0.2234
[+01:20:02 | ~00:12:53 left] [Ep 4368] Reward: 319.89 | Coverage: 71.6% | Eps: 0.050 | Loss: 0.1953
[+01:20:03 | ~00:12:52 left] [Ep 4369] Reward: 576.24 | Coverage: 60.4% | Eps: 0.050 | Loss: 0.2313
[+01:20:04 | ~00:12:51 left] [Ep 4370] Reward: 449.93 | Coverage: 69.8% | Eps: 0.050 | Loss: 0.1528
[+01:20:05 | ~00:12:50 left] [Ep 4371] Reward: 557.78 | Coverage: 62.5% | Eps: 0.050 | Loss: 0.2008
[+01:20:06 | ~00:12:49 left] [Ep 4372] Reward: 642.23 | Coverage: 66.9% | Eps: 0.050 | Loss: 0.1791
[+01:20:07 | ~00:12:48 left] [Ep 4373] Reward: 348.49 | Coverage: 63.2% | Eps: 0.050 | Loss: 0.2283
[+01:20:08 | ~00:12:47 left] [Ep 4374] Reward: 477.92 | Coverage: 75.5% | Eps: 0.050 | Loss: 0.2629
[+01:20:10 | ~00:12:46 left] [Ep 4375] Reward: 516.54 | Coverage: 65.5% | Eps: 0.050 | Loss: 0.2491
[+01:20:11 | ~00:12:45 left] [Ep 4376] Reward: 364.61 | Coverage: 68.7% | Eps: 0.050 | Loss: 0.1285
[+01:20:12 | ~00:12:44 left] [Ep 4377] Reward: 545.54 | Coverage: 67.1% | Eps: 0.050 | Loss: 0.3053
[+01:20:13 | ~00:12:43 left] [Ep 4378] Reward: 288.03 | Coverage: 64.5% | Eps: 0.050 | Loss: 0.2356
[+01:20:14 | ~00:12:41 left] [Ep 4379] Reward: 283.09 | Coverage: 62.2% | Eps: 0.050 | Loss: 0.1929
[+01:20:15 | ~00:12:40 left] [Ep 4380] Reward: 460.72 | Coverage: 65.6% | Eps: 0.050 | Loss: 0.2304
[+01:20:16 | ~00:12:39 left] [Ep 4381] Reward: 438.88 | Coverage: 68.6% | Eps: 0.050 | Loss: 0.2313
[+01:20:17 | ~00:12:38 left] [Ep 4382] Reward: 538.63 | Coverage: 68.1% | Eps: 0.050 | Loss: 0.1978
[+01:20:18 | ~00:12:37 left] [Ep 4383] Reward: 435.61 | Coverage: 66.3% | Eps: 0.050 | Loss: 0.2326
[+01:20:20 | ~00:12:36 left] [Ep 4384] Reward: 507.83 | Coverage: 62.9% | Eps: 0.050 | Loss: 0.2006
[+01:20:21 | ~00:12:35 left] [Ep 4385] Reward: 318.04 | Coverage: 67.2% | Eps: 0.050 | Loss: 0.2089
[+01:20:22 | ~00:12:34 left] [Ep 4386] Reward: 415.15 | Coverage: 58.6% | Eps: 0.050 | Loss: 0.1978
[+01:20:23 | ~00:12:32 left] [Ep 4387] Reward: 310.51 | Coverage: 63.5% | Eps: 0.050 | Loss: 0.1682
[+01:20:24 | ~00:12:31 left] [Ep 4388] Reward: 310.28 | Coverage: 53.4% | Eps: 0.050 | Loss: 0.2315
[+01:20:25 | ~00:12:30 left] [Ep 4389] Reward: 79.07 | Coverage: 60.2% | Eps: 0.050 | Loss: 0.2493
[+01:20:26 | ~00:12:29 left] [Ep 4390] Reward: 485.16 | Coverage: 62.9% | Eps: 0.050 | Loss: 0.2467
[+01:20:27 | ~00:12:28 left] [Ep 4391] Reward: 668.43 | Coverage: 56.6% | Eps: 0.050 | Loss: 0.2591
[+01:20:28 | ~00:12:27 left] [Ep 4392] Reward: 521.97 | Coverage: 57.9% | Eps: 0.050 | Loss: 0.2395
[+01:20:29 | ~00:12:26 left] [Ep 4393] Reward: 376.16 | Coverage: 68.4% | Eps: 0.050 | Loss: 0.2055
[+01:20:30 | ~00:12:25 left] [Ep 4394] Reward: 573.22 | Coverage: 66.2% | Eps: 0.050 | Loss: 0.2606
[+01:20:32 | ~00:12:24 left] [Ep 4395] Reward: 576.17 | Coverage: 69.1% | Eps: 0.050 | Loss: 0.1729
[+01:20:33 | ~00:12:23 left] [Ep 4396] Reward: 552.62 | Coverage: 69.5% | Eps: 0.050 | Loss: 0.1915
[+01:20:34 | ~00:12:21 left] [Ep 4397] Reward: 237.68 | Coverage: 66.9% | Eps: 0.050 | Loss: 0.1892
[+01:20:35 | ~00:12:20 left] [Ep 4398] Reward: 625.72 | Coverage: 67.7% | Eps: 0.050 | Loss: 0.2712
[+01:20:36 | ~00:12:19 left] [Ep 4399] Reward: 646.98 | Coverage: 65.2% | Eps: 0.050 | Loss: 0.2659
[+01:20:37 | ~00:12:18 left] [Ep 4400] Reward: 417.72 | Coverage: 70.1% | Eps: 0.050 | Loss: 0.2480

[+01:20:37 | ~00:12:18 left] [Eval] Episode 4400: Reward=421.82, Coverage=64.9%

[+01:20:38 | ~00:12:17 left] [Ep 4401] Reward: 587.51 | Coverage: 56.2% | Eps: 0.050 | Loss: 0.2716
[+01:20:39 | ~00:12:16 left] [Ep 4402] Reward: 511.99 | Coverage: 62.9% | Eps: 0.050 | Loss: 0.1938
[+01:20:40 | ~00:12:15 left] [Ep 4403] Reward: 461.21 | Coverage: 68.9% | Eps: 0.050 | Loss: 0.2432
[+01:20:41 | ~00:12:14 left] [Ep 4404] Reward: 387.50 | Coverage: 67.9% | Eps: 0.050 | Loss: 0.2245
[+01:20:43 | ~00:12:13 left] [Ep 4405] Reward: 443.90 | Coverage: 64.1% | Eps: 0.050 | Loss: 0.2637
[+01:20:44 | ~00:12:12 left] [Ep 4406] Reward: 450.66 | Coverage: 62.1% | Eps: 0.050 | Loss: 0.2255
[+01:20:45 | ~00:12:11 left] [Ep 4407] Reward: 283.35 | Coverage: 67.9% | Eps: 0.050 | Loss: 0.2150
[+01:20:46 | ~00:12:10 left] [Ep 4408] Reward: 555.35 | Coverage: 62.9% | Eps: 0.050 | Loss: 0.2523
[+01:20:47 | ~00:12:08 left] [Ep 4409] Reward: 600.59 | Coverage: 58.2% | Eps: 0.050 | Loss: 0.2660
[+01:20:48 | ~00:12:07 left] [Ep 4410] Reward: 458.50 | Coverage: 69.5% | Eps: 0.050 | Loss: 0.2045
[+01:20:49 | ~00:12:06 left] [Ep 4411] Reward: 477.56 | Coverage: 61.9% | Eps: 0.050 | Loss: 0.2291
[+01:20:50 | ~00:12:05 left] [Ep 4412] Reward: 369.77 | Coverage: 64.7% | Eps: 0.050 | Loss: 0.1895
[+01:20:51 | ~00:12:04 left] [Ep 4413] Reward: 654.86 | Coverage: 55.8% | Eps: 0.050 | Loss: 0.1322
[+01:20:52 | ~00:12:03 left] [Ep 4414] Reward: 431.45 | Coverage: 51.2% | Eps: 0.050 | Loss: 0.2404
[+01:20:54 | ~00:12:02 left] [Ep 4415] Reward: 548.75 | Coverage: 66.0% | Eps: 0.050 | Loss: 0.2571
[+01:20:55 | ~00:12:01 left] [Ep 4416] Reward: 354.62 | Coverage: 71.9% | Eps: 0.050 | Loss: 0.2435
[+01:20:56 | ~00:12:00 left] [Ep 4417] Reward: 358.60 | Coverage: 52.6% | Eps: 0.050 | Loss: 0.1554
[+01:20:57 | ~00:11:58 left] [Ep 4418] Reward: 592.18 | Coverage: 61.2% | Eps: 0.050 | Loss: 0.2196
[+01:20:58 | ~00:11:57 left] [Ep 4419] Reward: 556.43 | Coverage: 66.5% | Eps: 0.050 | Loss: 0.1452
[+01:20:59 | ~00:11:56 left] [Ep 4420] Reward: 636.86 | Coverage: 64.7% | Eps: 0.050 | Loss: 0.2891
[+01:21:00 | ~00:11:55 left] [Ep 4421] Reward: 491.71 | Coverage: 64.1% | Eps: 0.050 | Loss: 0.1912
[+01:21:01 | ~00:11:54 left] [Ep 4422] Reward: 531.72 | Coverage: 63.6% | Eps: 0.050 | Loss: 0.2852
[+01:21:02 | ~00:11:53 left] [Ep 4423] Reward: 533.86 | Coverage: 59.0% | Eps: 0.050 | Loss: 0.2731
[+01:21:03 | ~00:11:52 left] [Ep 4424] Reward: 291.04 | Coverage: 69.1% | Eps: 0.050 | Loss: 0.1996
[+01:21:05 | ~00:11:51 left] [Ep 4425] Reward: 500.42 | Coverage: 68.5% | Eps: 0.050 | Loss: 0.1907
[+01:21:06 | ~00:11:50 left] [Ep 4426] Reward: 441.03 | Coverage: 65.5% | Eps: 0.050 | Loss: 0.2503
[+01:21:07 | ~00:11:48 left] [Ep 4427] Reward: 321.06 | Coverage: 52.6% | Eps: 0.050 | Loss: 0.2029
[+01:21:08 | ~00:11:47 left] [Ep 4428] Reward: 364.65 | Coverage: 71.9% | Eps: 0.050 | Loss: 0.2411
[+01:21:09 | ~00:11:46 left] [Ep 4429] Reward: 550.12 | Coverage: 63.5% | Eps: 0.050 | Loss: 0.2180
[+01:21:10 | ~00:11:45 left] [Ep 4430] Reward: 417.26 | Coverage: 66.3% | Eps: 0.050 | Loss: 0.1665
[+01:21:12 | ~00:11:44 left] [Ep 4431] Reward: 191.11 | Coverage: 73.1% | Eps: 0.050 | Loss: 0.1488
[+01:21:13 | ~00:11:43 left] [Ep 4432] Reward: 324.65 | Coverage: 70.1% | Eps: 0.050 | Loss: 0.2475
[+01:21:14 | ~00:11:42 left] [Ep 4433] Reward: 626.41 | Coverage: 63.3% | Eps: 0.050 | Loss: 0.2163
[+01:21:15 | ~00:11:40 left] [Ep 4434] Reward: 322.30 | Coverage: 69.0% | Eps: 0.050 | Loss: 0.2170
[+01:21:16 | ~00:11:39 left] [Ep 4435] Reward: 565.43 | Coverage: 66.7% | Eps: 0.050 | Loss: 0.2673
[+01:21:17 | ~00:11:38 left] [Ep 4436] Reward: 436.65 | Coverage: 60.9% | Eps: 0.050 | Loss: 0.2868
[+01:21:18 | ~00:11:37 left] [Ep 4437] Reward: 640.68 | Coverage: 64.4% | Eps: 0.050 | Loss: 0.2293
[+01:21:19 | ~00:11:36 left] [Ep 4438] Reward: 389.74 | Coverage: 55.2% | Eps: 0.050 | Loss: 0.2270
[+01:21:20 | ~00:11:35 left] [Ep 4439] Reward: 484.45 | Coverage: 56.2% | Eps: 0.050 | Loss: 0.2610
[+01:21:21 | ~00:11:34 left] [Ep 4440] Reward: 461.91 | Coverage: 64.7% | Eps: 0.050 | Loss: 0.1871
[+01:21:22 | ~00:11:33 left] [Ep 4441] Reward: 415.62 | Coverage: 70.6% | Eps: 0.050 | Loss: 0.2507
[+01:21:24 | ~00:11:32 left] [Ep 4442] Reward: 606.96 | Coverage: 59.0% | Eps: 0.050 | Loss: 0.2642
[+01:21:25 | ~00:11:31 left] [Ep 4443] Reward: 642.10 | Coverage: 69.6% | Eps: 0.050 | Loss: 0.2698
[+01:21:26 | ~00:11:29 left] [Ep 4444] Reward: 419.38 | Coverage: 64.5% | Eps: 0.050 | Loss: 0.1655
[+01:21:27 | ~00:11:28 left] [Ep 4445] Reward: 117.38 | Coverage: 72.4% | Eps: 0.050 | Loss: 0.2129
[+01:21:28 | ~00:11:27 left] [Ep 4446] Reward: 500.66 | Coverage: 62.1% | Eps: 0.050 | Loss: 0.2086
[+01:21:29 | ~00:11:26 left] [Ep 4447] Reward: 457.44 | Coverage: 78.0% | Eps: 0.050 | Loss: 0.2481
[+01:21:30 | ~00:11:25 left] [Ep 4448] Reward: 653.63 | Coverage: 65.9% | Eps: 0.050 | Loss: 0.2638
[+01:21:32 | ~00:11:24 left] [Ep 4449] Reward: 571.65 | Coverage: 62.6% | Eps: 0.050 | Loss: 0.3048
[+01:21:33 | ~00:11:22 left] [Ep 4450] Reward: 361.93 | Coverage: 65.0% | Eps: 0.050 | Loss: 0.2255
[+01:21:34 | ~00:11:21 left] [Ep 4451] Reward: 347.50 | Coverage: 55.0% | Eps: 0.050 | Loss: 0.2259
[+01:21:35 | ~00:11:20 left] [Ep 4452] Reward: 315.87 | Coverage: 65.4% | Eps: 0.050 | Loss: 0.2922
[+01:21:36 | ~00:11:19 left] [Ep 4453] Reward: 391.40 | Coverage: 62.3% | Eps: 0.050 | Loss: 0.2584
[+01:21:37 | ~00:11:18 left] [Ep 4454] Reward: 379.81 | Coverage: 66.2% | Eps: 0.050 | Loss: 0.2977
[+01:21:38 | ~00:11:17 left] [Ep 4455] Reward: 483.50 | Coverage: 62.2% | Eps: 0.050 | Loss: 0.2590
[+01:21:39 | ~00:11:16 left] [Ep 4456] Reward: 539.07 | Coverage: 50.8% | Eps: 0.050 | Loss: 0.2016
[+01:21:41 | ~00:11:15 left] [Ep 4457] Reward: 363.24 | Coverage: 51.3% | Eps: 0.050 | Loss: 0.1949
[+01:21:42 | ~00:11:14 left] [Ep 4458] Reward: 469.89 | Coverage: 60.6% | Eps: 0.050 | Loss: 0.1866
[+01:21:43 | ~00:11:13 left] [Ep 4459] Reward: 293.63 | Coverage: 57.7% | Eps: 0.050 | Loss: 0.2756
[+01:21:44 | ~00:11:12 left] [Ep 4460] Reward: 384.74 | Coverage: 67.9% | Eps: 0.050 | Loss: 0.2971
[+01:21:45 | ~00:11:10 left] [Ep 4461] Reward: 432.74 | Coverage: 58.6% | Eps: 0.050 | Loss: 0.3239
[+01:21:46 | ~00:11:09 left] [Ep 4462] Reward: 368.71 | Coverage: 65.8% | Eps: 0.050 | Loss: 0.2841
[+01:21:47 | ~00:11:08 left] [Ep 4463] Reward: 513.88 | Coverage: 62.9% | Eps: 0.050 | Loss: 0.2974
[+01:21:48 | ~00:11:07 left] [Ep 4464] Reward: 611.34 | Coverage: 71.0% | Eps: 0.050 | Loss: 0.2281
[+01:21:49 | ~00:11:06 left] [Ep 4465] Reward: 576.85 | Coverage: 64.1% | Eps: 0.050 | Loss: 0.2055
[+01:21:50 | ~00:11:05 left] [Ep 4466] Reward: 288.61 | Coverage: 64.6% | Eps: 0.050 | Loss: 0.2862
[+01:21:51 | ~00:11:04 left] [Ep 4467] Reward: 196.24 | Coverage: 58.9% | Eps: 0.050 | Loss: 0.2693
[+01:21:52 | ~00:11:03 left] [Ep 4468] Reward: 289.36 | Coverage: 65.4% | Eps: 0.050 | Loss: 0.2574
[+01:21:53 | ~00:11:02 left] [Ep 4469] Reward: 595.75 | Coverage: 66.8% | Eps: 0.050 | Loss: 0.2690
[+01:21:55 | ~00:11:01 left] [Ep 4470] Reward: 637.25 | Coverage: 63.1% | Eps: 0.050 | Loss: 0.2669
[+01:21:56 | ~00:11:00 left] [Ep 4471] Reward: 469.11 | Coverage: 67.0% | Eps: 0.050 | Loss: 0.3058
[+01:21:57 | ~00:10:58 left] [Ep 4472] Reward: 461.81 | Coverage: 58.7% | Eps: 0.050 | Loss: 0.3067
[+01:21:58 | ~00:10:57 left] [Ep 4473] Reward: 431.68 | Coverage: 62.6% | Eps: 0.050 | Loss: 0.2771
[+01:21:59 | ~00:10:56 left] [Ep 4474] Reward: 269.13 | Coverage: 65.6% | Eps: 0.050 | Loss: 0.2896
[+01:22:00 | ~00:10:55 left] [Ep 4475] Reward: 387.93 | Coverage: 62.2% | Eps: 0.050 | Loss: 0.2768
[+01:22:01 | ~00:10:54 left] [Ep 4476] Reward: 337.73 | Coverage: 69.4% | Eps: 0.050 | Loss: 0.2382
[+01:22:02 | ~00:10:53 left] [Ep 4477] Reward: 486.78 | Coverage: 66.7% | Eps: 0.050 | Loss: 0.2874
[+01:22:03 | ~00:10:52 left] [Ep 4478] Reward: 572.59 | Coverage: 60.7% | Eps: 0.050 | Loss: 0.2018
[+01:22:05 | ~00:10:51 left] [Ep 4479] Reward: 539.28 | Coverage: 59.3% | Eps: 0.050 | Loss: 0.3002
[+01:22:06 | ~00:10:50 left] [Ep 4480] Reward: 508.73 | Coverage: 63.6% | Eps: 0.050 | Loss: 0.2108
[+01:22:07 | ~00:10:48 left] [Ep 4481] Reward: 614.85 | Coverage: 60.2% | Eps: 0.050 | Loss: 0.2704
[+01:22:08 | ~00:10:47 left] [Ep 4482] Reward: 585.73 | Coverage: 61.8% | Eps: 0.050 | Loss: 0.2257
[+01:22:09 | ~00:10:46 left] [Ep 4483] Reward: 461.40 | Coverage: 58.4% | Eps: 0.050 | Loss: 0.2821
[+01:22:10 | ~00:10:45 left] [Ep 4484] Reward: 546.55 | Coverage: 67.3% | Eps: 0.050 | Loss: 0.2591
[+01:22:11 | ~00:10:44 left] [Ep 4485] Reward: 153.35 | Coverage: 64.4% | Eps: 0.050 | Loss: 0.1971
[+01:22:12 | ~00:10:43 left] [Ep 4486] Reward: 400.78 | Coverage: 65.0% | Eps: 0.050 | Loss: 0.2782
[+01:22:13 | ~00:10:42 left] [Ep 4487] Reward: 427.45 | Coverage: 67.5% | Eps: 0.050 | Loss: 0.2387
[+01:22:14 | ~00:10:41 left] [Ep 4488] Reward: 346.67 | Coverage: 52.9% | Eps: 0.050 | Loss: 0.2976
[+01:22:16 | ~00:10:40 left] [Ep 4489] Reward: 586.33 | Coverage: 63.8% | Eps: 0.050 | Loss: 0.2629
[+01:22:17 | ~00:10:39 left] [Ep 4490] Reward: 623.65 | Coverage: 62.5% | Eps: 0.050 | Loss: 0.2791
[+01:22:18 | ~00:10:37 left] [Ep 4491] Reward: 206.18 | Coverage: 66.8% | Eps: 0.050 | Loss: 0.2255
[+01:22:19 | ~00:10:36 left] [Ep 4492] Reward: 481.28 | Coverage: 66.0% | Eps: 0.050 | Loss: 0.2407
[+01:22:20 | ~00:10:35 left] [Ep 4493] Reward: 323.40 | Coverage: 66.1% | Eps: 0.050 | Loss: 0.2464
[+01:22:21 | ~00:10:34 left] [Ep 4494] Reward: 530.67 | Coverage: 69.7% | Eps: 0.050 | Loss: 0.2995
[+01:22:22 | ~00:10:33 left] [Ep 4495] Reward: 406.58 | Coverage: 54.9% | Eps: 0.050 | Loss: 0.3328
[+01:22:23 | ~00:10:32 left] [Ep 4496] Reward: 631.54 | Coverage: 58.7% | Eps: 0.050 | Loss: 0.2340
[+01:22:24 | ~00:10:31 left] [Ep 4497] Reward: 377.64 | Coverage: 69.3% | Eps: 0.050 | Loss: 0.3097
[+01:22:26 | ~00:10:30 left] [Ep 4498] Reward: 479.26 | Coverage: 70.3% | Eps: 0.050 | Loss: 0.1804
[+01:22:26 | ~00:10:29 left] [Ep 4499] Reward: 319.50 | Coverage: 59.9% | Eps: 0.050 | Loss: 0.2199
[+01:22:28 | ~00:10:28 left] [Ep 4500] Reward: 330.10 | Coverage: 68.8% | Eps: 0.050 | Loss: 0.2298

[+01:22:28 | ~00:10:28 left] [Eval] Episode 4500: Reward=328.72, Coverage=68.9%

[+01:22:29 | ~00:10:27 left] [Ep 4501] Reward: 132.87 | Coverage: 67.7% | Eps: 0.050 | Loss: 0.2145
[+01:22:30 | ~00:10:26 left] [Ep 4502] Reward: 479.44 | Coverage: 57.3% | Eps: 0.050 | Loss: 0.2058
[+01:22:31 | ~00:10:25 left] [Ep 4503] Reward: 601.95 | Coverage: 60.8% | Eps: 0.050 | Loss: 0.2861
[+01:22:32 | ~00:10:24 left] [Ep 4504] Reward: 470.46 | Coverage: 65.2% | Eps: 0.050 | Loss: 0.2615
[+01:22:33 | ~00:10:22 left] [Ep 4505] Reward: 403.01 | Coverage: 63.3% | Eps: 0.050 | Loss: 0.2858
[+01:22:34 | ~00:10:21 left] [Ep 4506] Reward: 307.35 | Coverage: 71.9% | Eps: 0.050 | Loss: 0.2987
[+01:22:35 | ~00:10:20 left] [Ep 4507] Reward: 480.59 | Coverage: 66.4% | Eps: 0.050 | Loss: 0.2822
[+01:22:36 | ~00:10:19 left] [Ep 4508] Reward: 407.43 | Coverage: 67.8% | Eps: 0.050 | Loss: 0.2984
[+01:22:37 | ~00:10:18 left] [Ep 4509] Reward: 301.61 | Coverage: 60.6% | Eps: 0.050 | Loss: 0.2698
[+01:22:38 | ~00:10:17 left] [Ep 4510] Reward: 489.85 | Coverage: 58.0% | Eps: 0.050 | Loss: 0.2256
[+01:22:39 | ~00:10:16 left] [Ep 4511] Reward: 385.02 | Coverage: 60.8% | Eps: 0.050 | Loss: 0.3159
[+01:22:40 | ~00:10:15 left] [Ep 4512] Reward: 452.64 | Coverage: 70.1% | Eps: 0.050 | Loss: 0.2505
[+01:22:42 | ~00:10:14 left] [Ep 4513] Reward: 551.42 | Coverage: 72.1% | Eps: 0.050 | Loss: 0.2371
[+01:22:42 | ~00:10:13 left] [Ep 4514] Reward: 526.88 | Coverage: 59.9% | Eps: 0.050 | Loss: 0.2679
[+01:22:44 | ~00:10:12 left] [Ep 4515] Reward: 457.38 | Coverage: 63.0% | Eps: 0.050 | Loss: 0.2390
[+01:22:45 | ~00:10:10 left] [Ep 4516] Reward: 418.92 | Coverage: 52.2% | Eps: 0.050 | Loss: 0.2594
[+01:22:46 | ~00:10:09 left] [Ep 4517] Reward: 166.96 | Coverage: 69.5% | Eps: 0.050 | Loss: 0.2903
[+01:22:47 | ~00:10:08 left] [Ep 4518] Reward: 374.60 | Coverage: 57.9% | Eps: 0.050 | Loss: 0.2910
[+01:22:48 | ~00:10:07 left] [Ep 4519] Reward: 164.36 | Coverage: 67.7% | Eps: 0.050 | Loss: 0.2416
[+01:22:49 | ~00:10:06 left] [Ep 4520] Reward: 452.19 | Coverage: 69.5% | Eps: 0.050 | Loss: 0.2585
[+01:22:50 | ~00:10:05 left] [Ep 4521] Reward: 552.98 | Coverage: 57.5% | Eps: 0.050 | Loss: 0.3215
[+01:22:51 | ~00:10:04 left] [Ep 4522] Reward: 367.31 | Coverage: 59.6% | Eps: 0.050 | Loss: 0.2989
[+01:22:53 | ~00:10:03 left] [Ep 4523] Reward: 558.09 | Coverage: 66.9% | Eps: 0.050 | Loss: 0.3626
[+01:22:54 | ~00:10:02 left] [Ep 4524] Reward: 410.00 | Coverage: 69.8% | Eps: 0.050 | Loss: 0.3273
[+01:22:55 | ~00:10:00 left] [Ep 4525] Reward: 365.91 | Coverage: 61.2% | Eps: 0.050 | Loss: 0.3263
[+01:22:56 | ~00:10:00 left] [Ep 4526] Reward: 329.83 | Coverage: 58.9% | Eps: 0.050 | Loss: 0.2255
[+01:22:57 | ~00:09:58 left] [Ep 4527] Reward: 484.77 | Coverage: 65.2% | Eps: 0.050 | Loss: 0.3121
[+01:22:58 | ~00:09:57 left] [Ep 4528] Reward: 382.95 | Coverage: 69.3% | Eps: 0.050 | Loss: 0.2799
[+01:22:59 | ~00:09:56 left] [Ep 4529] Reward: 269.81 | Coverage: 58.6% | Eps: 0.050 | Loss: 0.2605
[+01:23:00 | ~00:09:55 left] [Ep 4530] Reward: 405.46 | Coverage: 60.0% | Eps: 0.050 | Loss: 0.2898
[+01:23:02 | ~00:09:54 left] [Ep 4531] Reward: 370.02 | Coverage: 68.8% | Eps: 0.050 | Loss: 0.3214
[+01:23:02 | ~00:09:53 left] [Ep 4532] Reward: 347.52 | Coverage: 64.5% | Eps: 0.050 | Loss: 0.3041
[+01:23:04 | ~00:09:52 left] [Ep 4533] Reward: 396.65 | Coverage: 59.9% | Eps: 0.050 | Loss: 0.2494
[+01:23:05 | ~00:09:51 left] [Ep 4534] Reward: 589.24 | Coverage: 63.6% | Eps: 0.050 | Loss: 0.3147
[+01:23:06 | ~00:09:50 left] [Ep 4535] Reward: 478.65 | Coverage: 65.7% | Eps: 0.050 | Loss: 0.2600
[+01:23:07 | ~00:09:49 left] [Ep 4536] Reward: 768.81 | Coverage: 68.2% | Eps: 0.050 | Loss: 0.2947
[+01:23:08 | ~00:09:47 left] [Ep 4537] Reward: 726.04 | Coverage: 64.9% | Eps: 0.050 | Loss: 0.2744
[+01:23:09 | ~00:09:46 left] [Ep 4538] Reward: 422.56 | Coverage: 63.5% | Eps: 0.050 | Loss: 0.2783
[+01:23:10 | ~00:09:45 left] [Ep 4539] Reward: 501.85 | Coverage: 56.0% | Eps: 0.050 | Loss: 0.3182
[+01:23:11 | ~00:09:44 left] [Ep 4540] Reward: 660.85 | Coverage: 66.0% | Eps: 0.050 | Loss: 0.2464
[+01:23:12 | ~00:09:43 left] [Ep 4541] Reward: 482.05 | Coverage: 65.9% | Eps: 0.050 | Loss: 0.3663
[+01:23:13 | ~00:09:42 left] [Ep 4542] Reward: 314.79 | Coverage: 64.5% | Eps: 0.050 | Loss: 0.2162
[+01:23:14 | ~00:09:41 left] [Ep 4543] Reward: 344.75 | Coverage: 63.6% | Eps: 0.050 | Loss: 0.2656
[+01:23:15 | ~00:09:40 left] [Ep 4544] Reward: 482.00 | Coverage: 64.1% | Eps: 0.050 | Loss: 0.3048
[+01:23:17 | ~00:09:39 left] [Ep 4545] Reward: 243.90 | Coverage: 67.8% | Eps: 0.050 | Loss: 0.3139
[+01:23:18 | ~00:09:38 left] [Ep 4546] Reward: 385.26 | Coverage: 61.9% | Eps: 0.050 | Loss: 0.2870
[+01:23:19 | ~00:09:37 left] [Ep 4547] Reward: 418.69 | Coverage: 58.2% | Eps: 0.050 | Loss: 0.2892
[+01:23:20 | ~00:09:35 left] [Ep 4548] Reward: 355.78 | Coverage: 67.6% | Eps: 0.050 | Loss: 0.3084
[+01:23:21 | ~00:09:34 left] [Ep 4549] Reward: 512.26 | Coverage: 61.9% | Eps: 0.050 | Loss: 0.2832
[+01:23:22 | ~00:09:33 left] [Ep 4550] Reward: 477.72 | Coverage: 62.3% | Eps: 0.050 | Loss: 0.3487
[+01:23:23 | ~00:09:32 left] [Ep 4551] Reward: 607.35 | Coverage: 65.5% | Eps: 0.050 | Loss: 0.3270
[+01:23:24 | ~00:09:31 left] [Ep 4552] Reward: 510.02 | Coverage: 62.4% | Eps: 0.050 | Loss: 0.3288
[+01:23:25 | ~00:09:30 left] [Ep 4553] Reward: 456.10 | Coverage: 63.2% | Eps: 0.050 | Loss: 0.2558
[+01:23:26 | ~00:09:29 left] [Ep 4554] Reward: 359.53 | Coverage: 58.6% | Eps: 0.050 | Loss: 0.2917
[+01:23:28 | ~00:09:28 left] [Ep 4555] Reward: 503.70 | Coverage: 69.3% | Eps: 0.050 | Loss: 0.2834
[+01:23:29 | ~00:09:26 left] [Ep 4556] Reward: 205.94 | Coverage: 57.6% | Eps: 0.050 | Loss: 0.2556
[+01:23:30 | ~00:09:25 left] [Ep 4557] Reward: 561.75 | Coverage: 69.3% | Eps: 0.050 | Loss: 0.3108
[+01:23:31 | ~00:09:24 left] [Ep 4558] Reward: 499.35 | Coverage: 57.9% | Eps: 0.050 | Loss: 0.2753
[+01:23:32 | ~00:09:23 left] [Ep 4559] Reward: 496.26 | Coverage: 60.4% | Eps: 0.050 | Loss: 0.3235
[+01:23:33 | ~00:09:22 left] [Ep 4560] Reward: 408.14 | Coverage: 61.7% | Eps: 0.050 | Loss: 0.2550
[+01:23:34 | ~00:09:21 left] [Ep 4561] Reward: 648.43 | Coverage: 67.4% | Eps: 0.050 | Loss: 0.3670
[+01:23:35 | ~00:09:20 left] [Ep 4562] Reward: 428.19 | Coverage: 64.4% | Eps: 0.050 | Loss: 0.2629
[+01:23:37 | ~00:09:19 left] [Ep 4563] Reward: 373.66 | Coverage: 61.5% | Eps: 0.050 | Loss: 0.3080
[+01:23:38 | ~00:09:18 left] [Ep 4564] Reward: 371.12 | Coverage: 58.0% | Eps: 0.050 | Loss: 0.3314
[+01:23:39 | ~00:09:17 left] [Ep 4565] Reward: 402.39 | Coverage: 67.9% | Eps: 0.050 | Loss: 0.2773
[+01:23:40 | ~00:09:16 left] [Ep 4566] Reward: 199.84 | Coverage: 63.7% | Eps: 0.050 | Loss: 0.3347
[+01:23:41 | ~00:09:14 left] [Ep 4567] Reward: 475.31 | Coverage: 65.3% | Eps: 0.050 | Loss: 0.2519
[+01:23:42 | ~00:09:13 left] [Ep 4568] Reward: 262.99 | Coverage: 62.7% | Eps: 0.050 | Loss: 0.3596
[+01:23:43 | ~00:09:12 left] [Ep 4569] Reward: 455.38 | Coverage: 61.3% | Eps: 0.050 | Loss: 0.3026
[+01:23:44 | ~00:09:11 left] [Ep 4570] Reward: 551.83 | Coverage: 66.4% | Eps: 0.050 | Loss: 0.2786
[+01:23:45 | ~00:09:10 left] [Ep 4571] Reward: 399.47 | Coverage: 64.8% | Eps: 0.050 | Loss: 0.2910
[+01:23:46 | ~00:09:09 left] [Ep 4572] Reward: 477.13 | Coverage: 68.5% | Eps: 0.050 | Loss: 0.3358
[+01:23:47 | ~00:09:08 left] [Ep 4573] Reward: 310.87 | Coverage: 64.4% | Eps: 0.050 | Loss: 0.2805
[+01:23:49 | ~00:09:07 left] [Ep 4574] Reward: 333.79 | Coverage: 57.3% | Eps: 0.050 | Loss: 0.2744
[+01:23:50 | ~00:09:06 left] [Ep 4575] Reward: 572.91 | Coverage: 66.8% | Eps: 0.050 | Loss: 0.2959
[+01:23:51 | ~00:09:04 left] [Ep 4576] Reward: 216.99 | Coverage: 63.7% | Eps: 0.050 | Loss: 0.2582
[+01:23:52 | ~00:09:03 left] [Ep 4577] Reward: 349.59 | Coverage: 62.5% | Eps: 0.050 | Loss: 0.3785
[+01:23:53 | ~00:09:02 left] [Ep 4578] Reward: 373.24 | Coverage: 50.0% | Eps: 0.050 | Loss: 0.2835
[+01:23:54 | ~00:09:01 left] [Ep 4579] Reward: 599.21 | Coverage: 59.8% | Eps: 0.050 | Loss: 0.3399
[+01:23:56 | ~00:09:00 left] [Ep 4580] Reward: 602.64 | Coverage: 64.2% | Eps: 0.050 | Loss: 0.3154
[+01:23:57 | ~00:08:59 left] [Ep 4581] Reward: 419.73 | Coverage: 60.8% | Eps: 0.050 | Loss: 0.2681
[+01:23:58 | ~00:08:57 left] [Ep 4582] Reward: 452.49 | Coverage: 64.6% | Eps: 0.050 | Loss: 0.3077
[+01:23:59 | ~00:08:56 left] [Ep 4583] Reward: 554.70 | Coverage: 66.1% | Eps: 0.050 | Loss: 0.3397
[+01:24:00 | ~00:08:55 left] [Ep 4584] Reward: 436.60 | Coverage: 63.4% | Eps: 0.050 | Loss: 0.3013
[+01:24:01 | ~00:08:54 left] [Ep 4585] Reward: 645.27 | Coverage: 59.5% | Eps: 0.050 | Loss: 0.3570
[+01:24:02 | ~00:08:53 left] [Ep 4586] Reward: 609.15 | Coverage: 65.4% | Eps: 0.050 | Loss: 0.3505
[+01:24:03 | ~00:08:52 left] [Ep 4587] Reward: 537.12 | Coverage: 65.1% | Eps: 0.050 | Loss: 0.3469
[+01:24:04 | ~00:08:51 left] [Ep 4588] Reward: 402.55 | Coverage: 62.4% | Eps: 0.050 | Loss: 0.2922
[+01:24:06 | ~00:08:50 left] [Ep 4589] Reward: 734.44 | Coverage: 55.3% | Eps: 0.050 | Loss: 0.2678
[+01:24:07 | ~00:08:49 left] [Ep 4590] Reward: 547.94 | Coverage: 58.2% | Eps: 0.050 | Loss: 0.2869
[+01:24:08 | ~00:08:47 left] [Ep 4591] Reward: 399.12 | Coverage: 66.9% | Eps: 0.050 | Loss: 0.3197
[+01:24:09 | ~00:08:46 left] [Ep 4592] Reward: 350.33 | Coverage: 62.4% | Eps: 0.050 | Loss: 0.3341
[+01:24:10 | ~00:08:45 left] [Ep 4593] Reward: 457.28 | Coverage: 55.8% | Eps: 0.050 | Loss: 0.2258
[+01:24:11 | ~00:08:44 left] [Ep 4594] Reward: 409.45 | Coverage: 62.7% | Eps: 0.050 | Loss: 0.3128
[+01:24:12 | ~00:08:43 left] [Ep 4595] Reward: 458.45 | Coverage: 63.7% | Eps: 0.050 | Loss: 0.3198
[+01:24:13 | ~00:08:42 left] [Ep 4596] Reward: 411.55 | Coverage: 66.2% | Eps: 0.050 | Loss: 0.3028
[+01:24:14 | ~00:08:41 left] [Ep 4597] Reward: 444.69 | Coverage: 65.3% | Eps: 0.050 | Loss: 0.3660
[+01:24:15 | ~00:08:40 left] [Ep 4598] Reward: 576.50 | Coverage: 65.1% | Eps: 0.050 | Loss: 0.3316
[+01:24:16 | ~00:08:39 left] [Ep 4599] Reward: 364.17 | Coverage: 60.2% | Eps: 0.050 | Loss: 0.3676
[+01:24:18 | ~00:08:38 left] [Ep 4600] Reward: 356.77 | Coverage: 56.3% | Eps: 0.050 | Loss: 0.3069

[+01:24:18 | ~00:08:38 left] [Eval] Episode 4600: Reward=368.69, Coverage=58.7%

[+01:24:19 | ~00:08:37 left] [Ep 4601] Reward: 502.01 | Coverage: 60.8% | Eps: 0.050 | Loss: 0.3535
[+01:24:20 | ~00:08:36 left] [Ep 4602] Reward: 521.10 | Coverage: 69.3% | Eps: 0.050 | Loss: 0.3818
[+01:24:21 | ~00:08:34 left] [Ep 4603] Reward: 464.21 | Coverage: 57.0% | Eps: 0.050 | Loss: 0.3692
[+01:24:22 | ~00:08:33 left] [Ep 4604] Reward: 329.25 | Coverage: 67.2% | Eps: 0.050 | Loss: 0.2735
[+01:24:23 | ~00:08:32 left] [Ep 4605] Reward: 391.30 | Coverage: 57.1% | Eps: 0.050 | Loss: 0.3074
[+01:24:24 | ~00:08:31 left] [Ep 4606] Reward: 551.28 | Coverage: 57.9% | Eps: 0.050 | Loss: 0.3041
[+01:24:25 | ~00:08:30 left] [Ep 4607] Reward: 517.23 | Coverage: 63.8% | Eps: 0.050 | Loss: 0.3379
[+01:24:26 | ~00:08:29 left] [Ep 4608] Reward: 553.53 | Coverage: 59.9% | Eps: 0.050 | Loss: 0.3461
[+01:24:27 | ~00:08:28 left] [Ep 4609] Reward: 477.56 | Coverage: 62.4% | Eps: 0.050 | Loss: 0.2855
[+01:24:28 | ~00:08:27 left] [Ep 4610] Reward: 396.46 | Coverage: 58.5% | Eps: 0.050 | Loss: 0.3222
[+01:24:30 | ~00:08:26 left] [Ep 4611] Reward: 298.36 | Coverage: 63.9% | Eps: 0.050 | Loss: 0.2390
[+01:24:31 | ~00:08:25 left] [Ep 4612] Reward: 304.69 | Coverage: 67.0% | Eps: 0.050 | Loss: 0.3779
[+01:24:32 | ~00:08:24 left] [Ep 4613] Reward: 411.21 | Coverage: 57.2% | Eps: 0.050 | Loss: 0.3001
[+01:24:33 | ~00:08:23 left] [Ep 4614] Reward: 420.43 | Coverage: 65.7% | Eps: 0.050 | Loss: 0.3232
[+01:24:34 | ~00:08:21 left] [Ep 4615] Reward: 631.96 | Coverage: 64.9% | Eps: 0.050 | Loss: 0.3089
[+01:24:35 | ~00:08:20 left] [Ep 4616] Reward: 388.69 | Coverage: 66.7% | Eps: 0.050 | Loss: 0.3675
[+01:24:36 | ~00:08:19 left] [Ep 4617] Reward: 224.57 | Coverage: 53.8% | Eps: 0.050 | Loss: 0.2085
[+01:24:37 | ~00:08:18 left] [Ep 4618] Reward: 403.80 | Coverage: 67.1% | Eps: 0.050 | Loss: 0.3217
[+01:24:38 | ~00:08:17 left] [Ep 4619] Reward: 395.60 | Coverage: 58.5% | Eps: 0.050 | Loss: 0.3185
[+01:24:40 | ~00:08:16 left] [Ep 4620] Reward: 762.86 | Coverage: 62.3% | Eps: 0.050 | Loss: 0.3049
[+01:24:41 | ~00:08:15 left] [Ep 4621] Reward: 679.29 | Coverage: 61.5% | Eps: 0.050 | Loss: 0.3925
[+01:24:42 | ~00:08:14 left] [Ep 4622] Reward: 401.09 | Coverage: 59.1% | Eps: 0.050 | Loss: 0.2883
[+01:24:43 | ~00:08:12 left] [Ep 4623] Reward: 269.50 | Coverage: 59.7% | Eps: 0.050 | Loss: 0.3550
[+01:24:44 | ~00:08:11 left] [Ep 4624] Reward: 575.64 | Coverage: 60.3% | Eps: 0.050 | Loss: 0.3387
[+01:24:45 | ~00:08:10 left] [Ep 4625] Reward: 324.52 | Coverage: 64.0% | Eps: 0.050 | Loss: 0.3752
[+01:24:46 | ~00:08:09 left] [Ep 4626] Reward: 327.58 | Coverage: 66.4% | Eps: 0.050 | Loss: 0.2984
[+01:24:47 | ~00:08:08 left] [Ep 4627] Reward: 863.34 | Coverage: 62.1% | Eps: 0.050 | Loss: 0.2961
[+01:24:48 | ~00:08:07 left] [Ep 4628] Reward: 309.88 | Coverage: 66.6% | Eps: 0.050 | Loss: 0.3696
[+01:24:49 | ~00:08:06 left] [Ep 4629] Reward: 331.85 | Coverage: 63.9% | Eps: 0.050 | Loss: 0.3431
[+01:24:51 | ~00:08:05 left] [Ep 4630] Reward: 302.46 | Coverage: 68.1% | Eps: 0.050 | Loss: 0.2646
[+01:24:52 | ~00:08:04 left] [Ep 4631] Reward: 209.65 | Coverage: 57.8% | Eps: 0.050 | Loss: 0.3051
[+01:24:53 | ~00:08:02 left] [Ep 4632] Reward: 284.73 | Coverage: 63.9% | Eps: 0.050 | Loss: 0.3425
[+01:24:54 | ~00:08:01 left] [Ep 4633] Reward: 461.81 | Coverage: 63.1% | Eps: 0.050 | Loss: 0.3609
[+01:24:55 | ~00:08:00 left] [Ep 4634] Reward: 426.93 | Coverage: 63.9% | Eps: 0.050 | Loss: 0.3005
[+01:24:56 | ~00:07:59 left] [Ep 4635] Reward: 204.22 | Coverage: 64.7% | Eps: 0.050 | Loss: 0.2114
[+01:24:57 | ~00:07:58 left] [Ep 4636] Reward: 701.29 | Coverage: 66.6% | Eps: 0.050 | Loss: 0.3492
[+01:24:58 | ~00:07:57 left] [Ep 4637] Reward: 311.23 | Coverage: 63.9% | Eps: 0.050 | Loss: 0.2797
[+01:24:59 | ~00:07:56 left] [Ep 4638] Reward: 396.75 | Coverage: 65.4% | Eps: 0.050 | Loss: 0.2481
[+01:25:00 | ~00:07:55 left] [Ep 4639] Reward: 486.84 | Coverage: 62.1% | Eps: 0.050 | Loss: 0.2158
[+01:25:01 | ~00:07:54 left] [Ep 4640] Reward: 422.60 | Coverage: 62.7% | Eps: 0.050 | Loss: 0.3620
[+01:25:03 | ~00:07:53 left] [Ep 4641] Reward: 473.32 | Coverage: 60.7% | Eps: 0.050 | Loss: 0.3348
[+01:25:04 | ~00:07:52 left] [Ep 4642] Reward: 483.65 | Coverage: 67.7% | Eps: 0.050 | Loss: 0.3209
[+01:25:05 | ~00:07:51 left] [Ep 4643] Reward: 291.73 | Coverage: 66.5% | Eps: 0.050 | Loss: 0.3858
[+01:25:06 | ~00:07:50 left] [Ep 4644] Reward: 439.79 | Coverage: 68.5% | Eps: 0.050 | Loss: 0.3560
[+01:25:07 | ~00:07:48 left] [Ep 4645] Reward: 612.06 | Coverage: 61.4% | Eps: 0.050 | Loss: 0.3954
[+01:25:08 | ~00:07:47 left] [Ep 4646] Reward: 263.96 | Coverage: 62.6% | Eps: 0.050 | Loss: 0.2753
[+01:25:09 | ~00:07:46 left] [Ep 4647] Reward: 609.64 | Coverage: 73.4% | Eps: 0.050 | Loss: 0.3299
[+01:25:10 | ~00:07:45 left] [Ep 4648] Reward: 461.08 | Coverage: 67.7% | Eps: 0.050 | Loss: 0.2669
[+01:25:11 | ~00:07:44 left] [Ep 4649] Reward: 637.59 | Coverage: 57.4% | Eps: 0.050 | Loss: 0.3226
[+01:25:12 | ~00:07:43 left] [Ep 4650] Reward: 178.93 | Coverage: 66.3% | Eps: 0.050 | Loss: 0.3221
[+01:25:13 | ~00:07:42 left] [Ep 4651] Reward: 328.08 | Coverage: 64.7% | Eps: 0.050 | Loss: 0.3574
[+01:25:14 | ~00:07:41 left] [Ep 4652] Reward: 405.64 | Coverage: 61.9% | Eps: 0.050 | Loss: 0.3344
[+01:25:15 | ~00:07:40 left] [Ep 4653] Reward: 470.48 | Coverage: 62.1% | Eps: 0.050 | Loss: 0.3577
[+01:25:17 | ~00:07:39 left] [Ep 4654] Reward: 602.05 | Coverage: 59.8% | Eps: 0.050 | Loss: 0.3612
[+01:25:18 | ~00:07:38 left] [Ep 4655] Reward: 617.38 | Coverage: 61.1% | Eps: 0.050 | Loss: 0.4195
[+01:25:19 | ~00:07:37 left] [Ep 4656] Reward: 443.70 | Coverage: 60.2% | Eps: 0.050 | Loss: 0.3209
[+01:25:20 | ~00:07:35 left] [Ep 4657] Reward: 288.96 | Coverage: 58.6% | Eps: 0.050 | Loss: 0.2961
[+01:25:21 | ~00:07:34 left] [Ep 4658] Reward: 535.27 | Coverage: 61.7% | Eps: 0.050 | Loss: 0.3438
[+01:25:22 | ~00:07:33 left] [Ep 4659] Reward: 380.39 | Coverage: 59.7% | Eps: 0.050 | Loss: 0.3021
[+01:25:23 | ~00:07:32 left] [Ep 4660] Reward: 247.98 | Coverage: 66.1% | Eps: 0.050 | Loss: 0.3937
[+01:25:24 | ~00:07:31 left] [Ep 4661] Reward: 240.52 | Coverage: 67.4% | Eps: 0.050 | Loss: 0.3233
[+01:25:25 | ~00:07:30 left] [Ep 4662] Reward: 486.25 | Coverage: 62.6% | Eps: 0.050 | Loss: 0.3122
[+01:25:27 | ~00:07:29 left] [Ep 4663] Reward: 432.24 | Coverage: 61.9% | Eps: 0.050 | Loss: 0.3161
[+01:25:28 | ~00:07:28 left] [Ep 4664] Reward: 363.13 | Coverage: 65.8% | Eps: 0.050 | Loss: 0.3639
[+01:25:29 | ~00:07:26 left] [Ep 4665] Reward: 451.08 | Coverage: 62.8% | Eps: 0.050 | Loss: 0.3291
[+01:25:30 | ~00:07:25 left] [Ep 4666] Reward: 266.79 | Coverage: 71.3% | Eps: 0.050 | Loss: 0.3099
[+01:25:31 | ~00:07:24 left] [Ep 4667] Reward: 329.98 | Coverage: 52.7% | Eps: 0.050 | Loss: 0.4024
[+01:25:32 | ~00:07:23 left] [Ep 4668] Reward: 268.86 | Coverage: 53.9% | Eps: 0.050 | Loss: 0.3017
[+01:25:33 | ~00:07:22 left] [Ep 4669] Reward: 673.33 | Coverage: 58.9% | Eps: 0.050 | Loss: 0.3375
[+01:25:34 | ~00:07:21 left] [Ep 4670] Reward: 400.56 | Coverage: 65.2% | Eps: 0.050 | Loss: 0.3624
[+01:25:35 | ~00:07:20 left] [Ep 4671] Reward: 311.22 | Coverage: 66.4% | Eps: 0.050 | Loss: 0.2712
[+01:25:36 | ~00:07:19 left] [Ep 4672] Reward: 774.03 | Coverage: 61.4% | Eps: 0.050 | Loss: 0.3558
[+01:25:37 | ~00:07:18 left] [Ep 4673] Reward: 294.49 | Coverage: 63.3% | Eps: 0.050 | Loss: 0.2946
[+01:25:38 | ~00:07:17 left] [Ep 4674] Reward: 387.37 | Coverage: 62.1% | Eps: 0.050 | Loss: 0.3699
[+01:25:40 | ~00:07:16 left] [Ep 4675] Reward: 380.94 | Coverage: 65.2% | Eps: 0.050 | Loss: 0.2986
[+01:25:41 | ~00:07:15 left] [Ep 4676] Reward: 379.40 | Coverage: 71.3% | Eps: 0.050 | Loss: 0.3650
[+01:25:42 | ~00:07:14 left] [Ep 4677] Reward: 255.49 | Coverage: 54.3% | Eps: 0.050 | Loss: 0.3816
[+01:25:43 | ~00:07:12 left] [Ep 4678] Reward: 431.50 | Coverage: 72.1% | Eps: 0.050 | Loss: 0.3720
[+01:25:44 | ~00:07:11 left] [Ep 4679] Reward: 472.01 | Coverage: 67.5% | Eps: 0.050 | Loss: 0.3477
[+01:25:45 | ~00:07:10 left] [Ep 4680] Reward: 480.97 | Coverage: 62.1% | Eps: 0.050 | Loss: 0.3286
[+01:25:46 | ~00:07:09 left] [Ep 4681] Reward: 423.84 | Coverage: 65.3% | Eps: 0.050 | Loss: 0.3149
[+01:25:47 | ~00:07:08 left] [Ep 4682] Reward: 623.33 | Coverage: 63.2% | Eps: 0.050 | Loss: 0.3969
[+01:25:48 | ~00:07:07 left] [Ep 4683] Reward: 667.88 | Coverage: 65.2% | Eps: 0.050 | Loss: 0.3102
[+01:25:49 | ~00:07:06 left] [Ep 4684] Reward: 177.87 | Coverage: 65.2% | Eps: 0.050 | Loss: 0.2968
[+01:25:51 | ~00:07:05 left] [Ep 4685] Reward: 424.88 | Coverage: 66.4% | Eps: 0.050 | Loss: 0.3651
[+01:25:52 | ~00:07:04 left] [Ep 4686] Reward: 500.24 | Coverage: 59.4% | Eps: 0.050 | Loss: 0.3067
[+01:25:53 | ~00:07:03 left] [Ep 4687] Reward: 243.55 | Coverage: 65.7% | Eps: 0.050 | Loss: 0.3007
[+01:25:54 | ~00:07:02 left] [Ep 4688] Reward: 361.31 | Coverage: 60.7% | Eps: 0.050 | Loss: 0.2810
[+01:25:55 | ~00:07:00 left] [Ep 4689] Reward: 380.02 | Coverage: 62.1% | Eps: 0.050 | Loss: 0.3195
[+01:25:56 | ~00:06:59 left] [Ep 4690] Reward: 558.13 | Coverage: 66.4% | Eps: 0.050 | Loss: 0.3357
[+01:25:57 | ~00:06:58 left] [Ep 4691] Reward: 727.04 | Coverage: 61.6% | Eps: 0.050 | Loss: 0.3488
[+01:25:58 | ~00:06:57 left] [Ep 4692] Reward: 594.84 | Coverage: 64.5% | Eps: 0.050 | Loss: 0.3772
[+01:25:59 | ~00:06:56 left] [Ep 4693] Reward: 307.62 | Coverage: 64.6% | Eps: 0.050 | Loss: 0.3603
[+01:26:00 | ~00:06:55 left] [Ep 4694] Reward: 447.88 | Coverage: 63.7% | Eps: 0.050 | Loss: 0.3317
[+01:26:01 | ~00:06:54 left] [Ep 4695] Reward: 687.92 | Coverage: 58.6% | Eps: 0.050 | Loss: 0.3314
[+01:26:02 | ~00:06:53 left] [Ep 4696] Reward: 546.30 | Coverage: 65.2% | Eps: 0.050 | Loss: 0.3598
[+01:26:03 | ~00:06:52 left] [Ep 4697] Reward: 564.10 | Coverage: 64.0% | Eps: 0.050 | Loss: 0.3904
[+01:26:04 | ~00:06:51 left] [Ep 4698] Reward: 543.29 | Coverage: 72.0% | Eps: 0.050 | Loss: 0.3446
[+01:26:05 | ~00:06:50 left] [Ep 4699] Reward: 501.88 | Coverage: 59.3% | Eps: 0.050 | Loss: 0.3209
[+01:26:06 | ~00:06:49 left] [Ep 4700] Reward: 399.62 | Coverage: 67.5% | Eps: 0.050 | Loss: 0.3000

[+01:26:06 | ~00:06:49 left] [Eval] Episode 4700: Reward=392.06, Coverage=67.1%

[+01:26:08 | ~00:06:48 left] [Ep 4701] Reward: 446.35 | Coverage: 61.7% | Eps: 0.050 | Loss: 0.2819
[+01:26:09 | ~00:06:47 left] [Ep 4702] Reward: 462.29 | Coverage: 62.2% | Eps: 0.050 | Loss: 0.3664
[+01:26:10 | ~00:06:45 left] [Ep 4703] Reward: 577.99 | Coverage: 70.0% | Eps: 0.050 | Loss: 0.3629
[+01:26:11 | ~00:06:44 left] [Ep 4704] Reward: 448.61 | Coverage: 62.8% | Eps: 0.050 | Loss: 0.3629
[+01:26:12 | ~00:06:43 left] [Ep 4705] Reward: 378.96 | Coverage: 66.5% | Eps: 0.050 | Loss: 0.3347
[+01:26:13 | ~00:06:42 left] [Ep 4706] Reward: 553.18 | Coverage: 63.9% | Eps: 0.050 | Loss: 0.3962
[+01:26:14 | ~00:06:41 left] [Ep 4707] Reward: 477.02 | Coverage: 59.9% | Eps: 0.050 | Loss: 0.3206
[+01:26:15 | ~00:06:40 left] [Ep 4708] Reward: 714.76 | Coverage: 62.5% | Eps: 0.050 | Loss: 0.3782
[+01:26:17 | ~00:06:39 left] [Ep 4709] Reward: 261.22 | Coverage: 61.7% | Eps: 0.050 | Loss: 0.3384
[+01:26:18 | ~00:06:38 left] [Ep 4710] Reward: 557.69 | Coverage: 62.5% | Eps: 0.050 | Loss: 0.3157
[+01:26:19 | ~00:06:37 left] [Ep 4711] Reward: 417.23 | Coverage: 70.6% | Eps: 0.050 | Loss: 0.3637
[+01:26:20 | ~00:06:35 left] [Ep 4712] Reward: 372.03 | Coverage: 65.2% | Eps: 0.050 | Loss: 0.3564
[+01:26:21 | ~00:06:34 left] [Ep 4713] Reward: 467.03 | Coverage: 56.7% | Eps: 0.050 | Loss: 0.3543
[+01:26:22 | ~00:06:33 left] [Ep 4714] Reward: 479.34 | Coverage: 70.6% | Eps: 0.050 | Loss: 0.3432
[+01:26:23 | ~00:06:32 left] [Ep 4715] Reward: 461.32 | Coverage: 64.8% | Eps: 0.050 | Loss: 0.3385
[+01:26:24 | ~00:06:31 left] [Ep 4716] Reward: 339.42 | Coverage: 66.8% | Eps: 0.050 | Loss: 0.4355
[+01:26:25 | ~00:06:30 left] [Ep 4717] Reward: 619.39 | Coverage: 69.4% | Eps: 0.050 | Loss: 0.3873
[+01:26:26 | ~00:06:29 left] [Ep 4718] Reward: 533.55 | Coverage: 60.2% | Eps: 0.050 | Loss: 0.3688
[+01:26:27 | ~00:06:28 left] [Ep 4719] Reward: 400.66 | Coverage: 64.7% | Eps: 0.050 | Loss: 0.3444
[+01:26:29 | ~00:06:27 left] [Ep 4720] Reward: 642.22 | Coverage: 62.8% | Eps: 0.050 | Loss: 0.3802
[+01:26:30 | ~00:06:26 left] [Ep 4721] Reward: 454.29 | Coverage: 62.1% | Eps: 0.050 | Loss: 0.3606
[+01:26:31 | ~00:06:24 left] [Ep 4722] Reward: 421.54 | Coverage: 62.2% | Eps: 0.050 | Loss: 0.3409
[+01:26:32 | ~00:06:23 left] [Ep 4723] Reward: 420.52 | Coverage: 63.8% | Eps: 0.050 | Loss: 0.3276
[+01:26:33 | ~00:06:22 left] [Ep 4724] Reward: 506.46 | Coverage: 67.9% | Eps: 0.050 | Loss: 0.3365
[+01:26:34 | ~00:06:21 left] [Ep 4725] Reward: 500.84 | Coverage: 66.4% | Eps: 0.050 | Loss: 0.2129
[+01:26:35 | ~00:06:20 left] [Ep 4726] Reward: 354.13 | Coverage: 64.5% | Eps: 0.050 | Loss: 0.3480
[+01:26:36 | ~00:06:19 left] [Ep 4727] Reward: 465.34 | Coverage: 68.0% | Eps: 0.050 | Loss: 0.3200
[+01:26:38 | ~00:06:18 left] [Ep 4728] Reward: 512.02 | Coverage: 54.6% | Eps: 0.050 | Loss: 0.4032
[+01:26:39 | ~00:06:17 left] [Ep 4729] Reward: 310.18 | Coverage: 63.5% | Eps: 0.050 | Loss: 0.3402
[+01:26:40 | ~00:06:15 left] [Ep 4730] Reward: 338.76 | Coverage: 64.8% | Eps: 0.050 | Loss: 0.2918
[+01:26:41 | ~00:06:14 left] [Ep 4731] Reward: 622.17 | Coverage: 64.6% | Eps: 0.050 | Loss: 0.3373
[+01:26:42 | ~00:06:13 left] [Ep 4732] Reward: 610.71 | Coverage: 68.8% | Eps: 0.050 | Loss: 0.2974
[+01:26:43 | ~00:06:12 left] [Ep 4733] Reward: 335.96 | Coverage: 64.1% | Eps: 0.050 | Loss: 0.3581
[+01:26:44 | ~00:06:11 left] [Ep 4734] Reward: 313.67 | Coverage: 68.6% | Eps: 0.050 | Loss: 0.3507
[+01:26:45 | ~00:06:10 left] [Ep 4735] Reward: 543.42 | Coverage: 62.8% | Eps: 0.050 | Loss: 0.3773
[+01:26:46 | ~00:06:09 left] [Ep 4736] Reward: 705.91 | Coverage: 66.0% | Eps: 0.050 | Loss: 0.3072
[+01:26:47 | ~00:06:08 left] [Ep 4737] Reward: 563.23 | Coverage: 63.8% | Eps: 0.050 | Loss: 0.3401
[+01:26:48 | ~00:06:07 left] [Ep 4738] Reward: 432.85 | Coverage: 62.5% | Eps: 0.050 | Loss: 0.2840
[+01:26:50 | ~00:06:06 left] [Ep 4739] Reward: 305.09 | Coverage: 65.4% | Eps: 0.050 | Loss: 0.3666
[+01:26:51 | ~00:06:05 left] [Ep 4740] Reward: 595.45 | Coverage: 65.6% | Eps: 0.050 | Loss: 0.3592
[+01:26:52 | ~00:06:04 left] [Ep 4741] Reward: 554.63 | Coverage: 60.1% | Eps: 0.050 | Loss: 0.3581
[+01:26:53 | ~00:06:02 left] [Ep 4742] Reward: 544.89 | Coverage: 67.0% | Eps: 0.050 | Loss: 0.3382
[+01:26:54 | ~00:06:01 left] [Ep 4743] Reward: 451.99 | Coverage: 62.5% | Eps: 0.050 | Loss: 0.3546
[+01:26:55 | ~00:06:00 left] [Ep 4744] Reward: 535.46 | Coverage: 63.8% | Eps: 0.050 | Loss: 0.4021
[+01:26:56 | ~00:05:59 left] [Ep 4745] Reward: 543.66 | Coverage: 53.4% | Eps: 0.050 | Loss: 0.3264
[+01:26:57 | ~00:05:58 left] [Ep 4746] Reward: 585.73 | Coverage: 63.3% | Eps: 0.050 | Loss: 0.3432
[+01:26:58 | ~00:05:57 left] [Ep 4747] Reward: 418.05 | Coverage: 56.3% | Eps: 0.050 | Loss: 0.2941
[+01:26:59 | ~00:05:56 left] [Ep 4748] Reward: 294.30 | Coverage: 66.6% | Eps: 0.050 | Loss: 0.3026
[+01:27:01 | ~00:05:55 left] [Ep 4749] Reward: 423.36 | Coverage: 60.5% | Eps: 0.050 | Loss: 0.3411
[+01:27:02 | ~00:05:54 left] [Ep 4750] Reward: 620.34 | Coverage: 61.8% | Eps: 0.050 | Loss: 0.3812
[+01:27:03 | ~00:05:53 left] [Ep 4751] Reward: 742.68 | Coverage: 62.8% | Eps: 0.050 | Loss: 0.3267
[+01:27:04 | ~00:05:52 left] [Ep 4752] Reward: 325.95 | Coverage: 58.5% | Eps: 0.050 | Loss: 0.3273
[+01:27:05 | ~00:05:51 left] [Ep 4753] Reward: 571.23 | Coverage: 63.5% | Eps: 0.050 | Loss: 0.3203
[+01:27:06 | ~00:05:50 left] [Ep 4754] Reward: 502.06 | Coverage: 58.9% | Eps: 0.050 | Loss: 0.3150
[+01:27:07 | ~00:05:48 left] [Ep 4755] Reward: 303.93 | Coverage: 62.6% | Eps: 0.050 | Loss: 0.3481
[+01:27:08 | ~00:05:47 left] [Ep 4756] Reward: 278.68 | Coverage: 66.6% | Eps: 0.050 | Loss: 0.2762
[+01:27:09 | ~00:05:46 left] [Ep 4757] Reward: 621.71 | Coverage: 68.2% | Eps: 0.050 | Loss: 0.3871
[+01:27:10 | ~00:05:45 left] [Ep 4758] Reward: 462.72 | Coverage: 68.7% | Eps: 0.050 | Loss: 0.3091
[+01:27:11 | ~00:05:44 left] [Ep 4759] Reward: 318.55 | Coverage: 62.6% | Eps: 0.050 | Loss: 0.3644
[+01:27:12 | ~00:05:43 left] [Ep 4760] Reward: 520.62 | Coverage: 59.9% | Eps: 0.050 | Loss: 0.2845
[+01:27:13 | ~00:05:42 left] [Ep 4761] Reward: 537.97 | Coverage: 65.2% | Eps: 0.050 | Loss: 0.3619
[+01:27:15 | ~00:05:41 left] [Ep 4762] Reward: 434.91 | Coverage: 69.2% | Eps: 0.050 | Loss: 0.3618
[+01:27:16 | ~00:05:39 left] [Ep 4763] Reward: 505.96 | Coverage: 60.2% | Eps: 0.050 | Loss: 0.3501
[+01:27:17 | ~00:05:38 left] [Ep 4764] Reward: 580.92 | Coverage: 68.4% | Eps: 0.050 | Loss: 0.2948
[+01:27:18 | ~00:05:37 left] [Ep 4765] Reward: 326.29 | Coverage: 62.9% | Eps: 0.050 | Loss: 0.3443
[+01:27:19 | ~00:05:36 left] [Ep 4766] Reward: 374.13 | Coverage: 53.7% | Eps: 0.050 | Loss: 0.2868
[+01:27:20 | ~00:05:35 left] [Ep 4767] Reward: 424.89 | Coverage: 63.7% | Eps: 0.050 | Loss: 0.3238
[+01:27:21 | ~00:05:34 left] [Ep 4768] Reward: 297.94 | Coverage: 70.3% | Eps: 0.050 | Loss: 0.3748
[+01:27:22 | ~00:05:33 left] [Ep 4769] Reward: 371.68 | Coverage: 66.0% | Eps: 0.050 | Loss: 0.3653
[+01:27:23 | ~00:05:32 left] [Ep 4770] Reward: 546.73 | Coverage: 67.3% | Eps: 0.050 | Loss: 0.3338
[+01:27:24 | ~00:05:31 left] [Ep 4771] Reward: 305.14 | Coverage: 64.9% | Eps: 0.050 | Loss: 0.2940
[+01:27:25 | ~00:05:30 left] [Ep 4772] Reward: 417.16 | Coverage: 57.3% | Eps: 0.050 | Loss: 0.3586
[+01:27:27 | ~00:05:29 left] [Ep 4773] Reward: 447.82 | Coverage: 54.8% | Eps: 0.050 | Loss: 0.3333
[+01:27:28 | ~00:05:28 left] [Ep 4774] Reward: 213.57 | Coverage: 59.5% | Eps: 0.050 | Loss: 0.2395
[+01:27:29 | ~00:05:27 left] [Ep 4775] Reward: 216.31 | Coverage: 62.0% | Eps: 0.050 | Loss: 0.3633
[+01:27:30 | ~00:05:26 left] [Ep 4776] Reward: 410.22 | Coverage: 59.7% | Eps: 0.050 | Loss: 0.3308
[+01:27:31 | ~00:05:24 left] [Ep 4777] Reward: 638.47 | Coverage: 60.5% | Eps: 0.050 | Loss: 0.3796
[+01:27:32 | ~00:05:23 left] [Ep 4778] Reward: 330.84 | Coverage: 66.2% | Eps: 0.050 | Loss: 0.2874
[+01:27:33 | ~00:05:22 left] [Ep 4779] Reward: 314.37 | Coverage: 68.7% | Eps: 0.050 | Loss: 0.2039
[+01:27:34 | ~00:05:21 left] [Ep 4780] Reward: 201.90 | Coverage: 57.3% | Eps: 0.050 | Loss: 0.3419
[+01:27:35 | ~00:05:20 left] [Ep 4781] Reward: 362.90 | Coverage: 59.5% | Eps: 0.050 | Loss: 0.3421
[+01:27:36 | ~00:05:19 left] [Ep 4782] Reward: 471.98 | Coverage: 63.0% | Eps: 0.050 | Loss: 0.2626
[+01:27:37 | ~00:05:18 left] [Ep 4783] Reward: 519.14 | Coverage: 62.6% | Eps: 0.050 | Loss: 0.2908
[+01:27:38 | ~00:05:17 left] [Ep 4784] Reward: 595.07 | Coverage: 54.9% | Eps: 0.050 | Loss: 0.4398
[+01:27:40 | ~00:05:16 left] [Ep 4785] Reward: 440.87 | Coverage: 74.0% | Eps: 0.050 | Loss: 0.3171
[+01:27:41 | ~00:05:14 left] [Ep 4786] Reward: 421.77 | Coverage: 65.9% | Eps: 0.050 | Loss: 0.3583
[+01:27:42 | ~00:05:13 left] [Ep 4787] Reward: 364.99 | Coverage: 64.7% | Eps: 0.050 | Loss: 0.3027
[+01:27:43 | ~00:05:12 left] [Ep 4788] Reward: 409.21 | Coverage: 56.5% | Eps: 0.050 | Loss: 0.2449
[+01:27:44 | ~00:05:11 left] [Ep 4789] Reward: 473.43 | Coverage: 64.4% | Eps: 0.050 | Loss: 0.3214
[+01:27:45 | ~00:05:10 left] [Ep 4790] Reward: 709.36 | Coverage: 59.2% | Eps: 0.050 | Loss: 0.3173
[+01:27:46 | ~00:05:09 left] [Ep 4791] Reward: 397.61 | Coverage: 65.2% | Eps: 0.050 | Loss: 0.3116
[+01:27:48 | ~00:05:08 left] [Ep 4792] Reward: 446.40 | Coverage: 64.4% | Eps: 0.050 | Loss: 0.3227
[+01:27:49 | ~00:05:07 left] [Ep 4793] Reward: 626.21 | Coverage: 63.5% | Eps: 0.050 | Loss: 0.3375
[+01:27:50 | ~00:05:06 left] [Ep 4794] Reward: 401.10 | Coverage: 64.9% | Eps: 0.050 | Loss: 0.3206
[+01:27:51 | ~00:05:04 left] [Ep 4795] Reward: 619.07 | Coverage: 61.3% | Eps: 0.050 | Loss: 0.2758
[+01:27:52 | ~00:05:03 left] [Ep 4796] Reward: 319.83 | Coverage: 64.0% | Eps: 0.050 | Loss: 0.3455
[+01:27:53 | ~00:05:02 left] [Ep 4797] Reward: 178.20 | Coverage: 54.8% | Eps: 0.050 | Loss: 0.2477
[+01:27:54 | ~00:05:01 left] [Ep 4798] Reward: 422.53 | Coverage: 66.0% | Eps: 0.050 | Loss: 0.2434
[+01:27:55 | ~00:05:00 left] [Ep 4799] Reward: 673.74 | Coverage: 62.7% | Eps: 0.050 | Loss: 0.3546
[+01:27:56 | ~00:04:59 left] [Ep 4800] Reward: 512.35 | Coverage: 72.4% | Eps: 0.050 | Loss: 0.3450

[+01:27:56 | ~00:04:59 left] [Eval] Episode 4800: Reward=500.86, Coverage=69.5%

[+01:27:57 | ~00:04:58 left] [Ep 4801] Reward: 302.29 | Coverage: 63.7% | Eps: 0.050 | Loss: 0.3221
[+01:27:59 | ~00:04:57 left] [Ep 4802] Reward: 292.09 | Coverage: 55.0% | Eps: 0.050 | Loss: 0.2682
[+01:28:00 | ~00:04:56 left] [Ep 4803] Reward: 499.87 | Coverage: 68.8% | Eps: 0.050 | Loss: 0.2954
[+01:28:01 | ~00:04:55 left] [Ep 4804] Reward: 422.70 | Coverage: 60.8% | Eps: 0.050 | Loss: 0.3128
[+01:28:02 | ~00:04:53 left] [Ep 4805] Reward: 503.36 | Coverage: 59.4% | Eps: 0.050 | Loss: 0.2592
[+01:28:03 | ~00:04:52 left] [Ep 4806] Reward: 421.49 | Coverage: 63.2% | Eps: 0.050 | Loss: 0.2931
[+01:28:04 | ~00:04:51 left] [Ep 4807] Reward: 555.88 | Coverage: 67.9% | Eps: 0.050 | Loss: 0.3484
[+01:28:05 | ~00:04:50 left] [Ep 4808] Reward: 464.62 | Coverage: 70.2% | Eps: 0.050 | Loss: 0.3790
[+01:28:06 | ~00:04:49 left] [Ep 4809] Reward: 236.54 | Coverage: 62.0% | Eps: 0.050 | Loss: 0.3048
[+01:28:07 | ~00:04:48 left] [Ep 4810] Reward: 296.88 | Coverage: 64.1% | Eps: 0.050 | Loss: 0.3515
[+01:28:08 | ~00:04:47 left] [Ep 4811] Reward: 504.02 | Coverage: 64.1% | Eps: 0.050 | Loss: 0.2443
[+01:28:10 | ~00:04:46 left] [Ep 4812] Reward: 582.02 | Coverage: 61.0% | Eps: 0.050 | Loss: 0.3469
[+01:28:11 | ~00:04:45 left] [Ep 4813] Reward: 433.25 | Coverage: 61.6% | Eps: 0.050 | Loss: 0.2880
[+01:28:12 | ~00:04:44 left] [Ep 4814] Reward: 589.89 | Coverage: 62.8% | Eps: 0.050 | Loss: 0.3320
[+01:28:13 | ~00:04:43 left] [Ep 4815] Reward: 462.32 | Coverage: 63.1% | Eps: 0.050 | Loss: 0.3095
[+01:28:14 | ~00:04:41 left] [Ep 4816] Reward: 547.62 | Coverage: 67.1% | Eps: 0.050 | Loss: 0.3718
[+01:28:15 | ~00:04:40 left] [Ep 4817] Reward: 306.37 | Coverage: 56.6% | Eps: 0.050 | Loss: 0.2836
[+01:28:16 | ~00:04:39 left] [Ep 4818] Reward: 485.17 | Coverage: 65.0% | Eps: 0.050 | Loss: 0.3433
[+01:28:17 | ~00:04:38 left] [Ep 4819] Reward: 438.88 | Coverage: 64.6% | Eps: 0.050 | Loss: 0.3067
[+01:28:18 | ~00:04:37 left] [Ep 4820] Reward: 486.26 | Coverage: 68.1% | Eps: 0.050 | Loss: 0.3111
[+01:28:19 | ~00:04:36 left] [Ep 4821] Reward: 383.11 | Coverage: 62.0% | Eps: 0.050 | Loss: 0.3097
[+01:28:20 | ~00:04:35 left] [Ep 4822] Reward: 227.48 | Coverage: 62.0% | Eps: 0.050 | Loss: 0.2828
[+01:28:22 | ~00:04:34 left] [Ep 4823] Reward: 362.98 | Coverage: 63.7% | Eps: 0.050 | Loss: 0.3157
[+01:28:23 | ~00:04:33 left] [Ep 4824] Reward: 452.39 | Coverage: 61.4% | Eps: 0.050 | Loss: 0.3134
[+01:28:24 | ~00:04:31 left] [Ep 4825] Reward: 559.52 | Coverage: 61.2% | Eps: 0.050 | Loss: 0.3251
[+01:28:25 | ~00:04:30 left] [Ep 4826] Reward: 425.55 | Coverage: 61.0% | Eps: 0.050 | Loss: 0.3184
[+01:28:26 | ~00:04:29 left] [Ep 4827] Reward: 495.79 | Coverage: 61.0% | Eps: 0.050 | Loss: 0.3466
[+01:28:27 | ~00:04:28 left] [Ep 4828] Reward: 443.17 | Coverage: 59.8% | Eps: 0.050 | Loss: 0.3512
[+01:28:28 | ~00:04:27 left] [Ep 4829] Reward: 401.44 | Coverage: 61.2% | Eps: 0.050 | Loss: 0.2718
[+01:28:30 | ~00:04:26 left] [Ep 4830] Reward: 532.79 | Coverage: 60.6% | Eps: 0.050 | Loss: 0.3482
[+01:28:31 | ~00:04:25 left] [Ep 4831] Reward: 552.41 | Coverage: 60.8% | Eps: 0.050 | Loss: 0.2655
[+01:28:32 | ~00:04:24 left] [Ep 4832] Reward: 470.85 | Coverage: 58.7% | Eps: 0.050 | Loss: 0.3361
[+01:28:33 | ~00:04:22 left] [Ep 4833] Reward: 572.56 | Coverage: 66.5% | Eps: 0.050 | Loss: 0.3370
[+01:28:34 | ~00:04:21 left] [Ep 4834] Reward: 576.59 | Coverage: 64.3% | Eps: 0.050 | Loss: 0.2353
[+01:28:35 | ~00:04:20 left] [Ep 4835] Reward: 592.51 | Coverage: 63.1% | Eps: 0.050 | Loss: 0.3150
[+01:28:36 | ~00:04:19 left] [Ep 4836] Reward: 360.10 | Coverage: 59.6% | Eps: 0.050 | Loss: 0.2921
[+01:28:38 | ~00:04:18 left] [Ep 4837] Reward: 494.79 | Coverage: 65.5% | Eps: 0.050 | Loss: 0.2801
[+01:28:39 | ~00:04:17 left] [Ep 4838] Reward: 488.59 | Coverage: 62.4% | Eps: 0.050 | Loss: 0.3641
[+01:28:40 | ~00:04:15 left] [Ep 4839] Reward: 315.64 | Coverage: 62.9% | Eps: 0.050 | Loss: 0.2834
[+01:28:41 | ~00:04:14 left] [Ep 4840] Reward: 524.64 | Coverage: 63.6% | Eps: 0.050 | Loss: 0.2769
[+01:28:42 | ~00:04:13 left] [Ep 4841] Reward: 607.11 | Coverage: 62.9% | Eps: 0.050 | Loss: 0.3117
[+01:28:43 | ~00:04:12 left] [Ep 4842] Reward: 282.86 | Coverage: 66.6% | Eps: 0.050 | Loss: 0.3357
[+01:28:44 | ~00:04:11 left] [Ep 4843] Reward: 425.41 | Coverage: 60.6% | Eps: 0.050 | Loss: 0.3022
[+01:28:45 | ~00:04:10 left] [Ep 4844] Reward: 569.34 | Coverage: 61.0% | Eps: 0.050 | Loss: 0.3540
[+01:28:47 | ~00:04:09 left] [Ep 4845] Reward: 455.25 | Coverage: 63.8% | Eps: 0.050 | Loss: 0.3282
[+01:28:48 | ~00:04:08 left] [Ep 4846] Reward: 647.80 | Coverage: 62.6% | Eps: 0.050 | Loss: 0.2194
[+01:28:49 | ~00:04:07 left] [Ep 4847] Reward: 496.90 | Coverage: 65.1% | Eps: 0.050 | Loss: 0.2849
[+01:28:50 | ~00:04:06 left] [Ep 4848] Reward: 341.04 | Coverage: 66.4% | Eps: 0.050 | Loss: 0.2831
[+01:28:51 | ~00:04:04 left] [Ep 4849] Reward: 653.55 | Coverage: 67.9% | Eps: 0.050 | Loss: 0.3243
[+01:28:52 | ~00:04:03 left] [Ep 4850] Reward: 439.68 | Coverage: 66.5% | Eps: 0.050 | Loss: 0.1997
[+01:28:53 | ~00:04:02 left] [Ep 4851] Reward: 283.09 | Coverage: 62.3% | Eps: 0.050 | Loss: 0.4062
[+01:28:54 | ~00:04:01 left] [Ep 4852] Reward: 426.56 | Coverage: 62.7% | Eps: 0.050 | Loss: 0.3250
[+01:28:55 | ~00:04:00 left] [Ep 4853] Reward: 370.16 | Coverage: 62.0% | Eps: 0.050 | Loss: 0.3093
[+01:28:56 | ~00:03:59 left] [Ep 4854] Reward: 513.75 | Coverage: 67.1% | Eps: 0.050 | Loss: 0.3501
[+01:28:57 | ~00:03:58 left] [Ep 4855] Reward: 691.14 | Coverage: 62.5% | Eps: 0.050 | Loss: 0.3961
[+01:28:58 | ~00:03:57 left] [Ep 4856] Reward: 351.69 | Coverage: 60.4% | Eps: 0.050 | Loss: 0.3368
[+01:29:00 | ~00:03:56 left] [Ep 4857] Reward: 427.66 | Coverage: 59.8% | Eps: 0.050 | Loss: 0.3394
[+01:29:01 | ~00:03:55 left] [Ep 4858] Reward: 318.67 | Coverage: 65.8% | Eps: 0.050 | Loss: 0.3062
[+01:29:02 | ~00:03:54 left] [Ep 4859] Reward: 279.99 | Coverage: 60.4% | Eps: 0.050 | Loss: 0.2949
[+01:29:03 | ~00:03:52 left] [Ep 4860] Reward: 240.41 | Coverage: 54.5% | Eps: 0.050 | Loss: 0.2810
[+01:29:04 | ~00:03:51 left] [Ep 4861] Reward: 662.04 | Coverage: 65.6% | Eps: 0.050 | Loss: 0.2665
[+01:29:05 | ~00:03:50 left] [Ep 4862] Reward: 406.78 | Coverage: 64.4% | Eps: 0.050 | Loss: 0.2716
[+01:29:06 | ~00:03:49 left] [Ep 4863] Reward: 333.31 | Coverage: 65.8% | Eps: 0.050 | Loss: 0.2446
[+01:29:07 | ~00:03:48 left] [Ep 4864] Reward: 555.65 | Coverage: 66.5% | Eps: 0.050 | Loss: 0.2951
[+01:29:08 | ~00:03:47 left] [Ep 4865] Reward: 419.22 | Coverage: 65.0% | Eps: 0.050 | Loss: 0.2303
[+01:29:09 | ~00:03:46 left] [Ep 4866] Reward: 480.74 | Coverage: 64.6% | Eps: 0.050 | Loss: 0.3048
[+01:29:10 | ~00:03:45 left] [Ep 4867] Reward: 523.58 | Coverage: 63.5% | Eps: 0.050 | Loss: 0.2953
[+01:29:12 | ~00:03:44 left] [Ep 4868] Reward: 514.28 | Coverage: 60.7% | Eps: 0.050 | Loss: 0.3021
[+01:29:13 | ~00:03:42 left] [Ep 4869] Reward: 263.12 | Coverage: 56.3% | Eps: 0.050 | Loss: 0.2749
[+01:29:14 | ~00:03:41 left] [Ep 4870] Reward: 530.54 | Coverage: 56.8% | Eps: 0.050 | Loss: 0.4183
[+01:29:15 | ~00:03:40 left] [Ep 4871] Reward: 406.05 | Coverage: 64.5% | Eps: 0.050 | Loss: 0.3492
[+01:29:16 | ~00:03:39 left] [Ep 4872] Reward: 425.10 | Coverage: 65.9% | Eps: 0.050 | Loss: 0.2445
[+01:29:17 | ~00:03:38 left] [Ep 4873] Reward: 447.62 | Coverage: 63.4% | Eps: 0.050 | Loss: 0.3031
[+01:29:18 | ~00:03:37 left] [Ep 4874] Reward: 306.29 | Coverage: 60.8% | Eps: 0.050 | Loss: 0.2690
[+01:29:19 | ~00:03:36 left] [Ep 4875] Reward: 204.30 | Coverage: 65.4% | Eps: 0.050 | Loss: 0.2523
[+01:29:20 | ~00:03:35 left] [Ep 4876] Reward: 498.18 | Coverage: 63.2% | Eps: 0.050 | Loss: 0.2388
[+01:29:22 | ~00:03:34 left] [Ep 4877] Reward: 319.51 | Coverage: 63.3% | Eps: 0.050 | Loss: 0.3092
[+01:29:23 | ~00:03:33 left] [Ep 4878] Reward: 341.17 | Coverage: 62.1% | Eps: 0.050 | Loss: 0.2641
[+01:29:24 | ~00:03:32 left] [Ep 4879] Reward: 561.76 | Coverage: 59.5% | Eps: 0.050 | Loss: 0.3296
[+01:29:25 | ~00:03:31 left] [Ep 4880] Reward: 276.57 | Coverage: 60.0% | Eps: 0.050 | Loss: 0.3301
[+01:29:26 | ~00:03:29 left] [Ep 4881] Reward: 350.14 | Coverage: 64.5% | Eps: 0.050 | Loss: 0.3449
[+01:29:27 | ~00:03:28 left] [Ep 4882] Reward: 285.38 | Coverage: 68.6% | Eps: 0.050 | Loss: 0.2553
[+01:29:28 | ~00:03:27 left] [Ep 4883] Reward: 413.04 | Coverage: 69.0% | Eps: 0.050 | Loss: 0.3079
[+01:29:29 | ~00:03:26 left] [Ep 4884] Reward: 609.05 | Coverage: 62.7% | Eps: 0.050 | Loss: 0.3137
[+01:29:30 | ~00:03:25 left] [Ep 4885] Reward: 561.76 | Coverage: 64.7% | Eps: 0.050 | Loss: 0.2690
[+01:29:31 | ~00:03:24 left] [Ep 4886] Reward: 469.89 | Coverage: 63.0% | Eps: 0.050 | Loss: 0.2566
[+01:29:32 | ~00:03:23 left] [Ep 4887] Reward: 459.28 | Coverage: 63.8% | Eps: 0.050 | Loss: 0.3513
[+01:29:34 | ~00:03:22 left] [Ep 4888] Reward: 192.51 | Coverage: 64.6% | Eps: 0.050 | Loss: 0.2955
[+01:29:35 | ~00:03:21 left] [Ep 4889] Reward: 482.41 | Coverage: 66.2% | Eps: 0.050 | Loss: 0.3114
[+01:29:36 | ~00:03:19 left] [Ep 4890] Reward: 475.47 | Coverage: 59.6% | Eps: 0.050 | Loss: 0.2526
[+01:29:37 | ~00:03:18 left] [Ep 4891] Reward: 340.50 | Coverage: 69.0% | Eps: 0.050 | Loss: 0.2362
[+01:29:38 | ~00:03:17 left] [Ep 4892] Reward: 350.38 | Coverage: 62.9% | Eps: 0.050 | Loss: 0.2617
[+01:29:39 | ~00:03:16 left] [Ep 4893] Reward: 326.06 | Coverage: 60.2% | Eps: 0.050 | Loss: 0.2790
[+01:29:40 | ~00:03:15 left] [Ep 4894] Reward: 438.79 | Coverage: 70.7% | Eps: 0.050 | Loss: 0.2409
[+01:29:41 | ~00:03:14 left] [Ep 4895] Reward: 364.00 | Coverage: 60.4% | Eps: 0.050 | Loss: 0.2825
[+01:29:42 | ~00:03:13 left] [Ep 4896] Reward: 312.27 | Coverage: 63.2% | Eps: 0.050 | Loss: 0.2149
[+01:29:43 | ~00:03:12 left] [Ep 4897] Reward: 650.90 | Coverage: 61.0% | Eps: 0.050 | Loss: 0.2371
[+01:29:45 | ~00:03:11 left] [Ep 4898] Reward: 543.32 | Coverage: 67.1% | Eps: 0.050 | Loss: 0.3083
[+01:29:46 | ~00:03:10 left] [Ep 4899] Reward: 532.39 | Coverage: 54.8% | Eps: 0.050 | Loss: 0.3051
[+01:29:47 | ~00:03:08 left] [Ep 4900] Reward: 467.35 | Coverage: 64.4% | Eps: 0.050 | Loss: 0.2648

[+01:29:47 | ~00:03:08 left] [Eval] Episode 4900: Reward=472.00, Coverage=61.2%

[+01:29:48 | ~00:03:07 left] [Ep 4901] Reward: 378.44 | Coverage: 58.2% | Eps: 0.050 | Loss: 0.2392
[+01:29:49 | ~00:03:06 left] [Ep 4902] Reward: 418.16 | Coverage: 68.2% | Eps: 0.050 | Loss: 0.2383
[+01:29:50 | ~00:03:05 left] [Ep 4903] Reward: 277.39 | Coverage: 69.9% | Eps: 0.050 | Loss: 0.2640
[+01:29:51 | ~00:03:04 left] [Ep 4904] Reward: 174.43 | Coverage: 66.0% | Eps: 0.050 | Loss: 0.3042
[+01:29:52 | ~00:03:03 left] [Ep 4905] Reward: 420.40 | Coverage: 60.8% | Eps: 0.050 | Loss: 0.3151
[+01:29:53 | ~00:03:02 left] [Ep 4906] Reward: 279.54 | Coverage: 67.0% | Eps: 0.050 | Loss: 0.2576
[+01:29:54 | ~00:03:01 left] [Ep 4907] Reward: 511.32 | Coverage: 70.2% | Eps: 0.050 | Loss: 0.2308
[+01:29:56 | ~00:03:00 left] [Ep 4908] Reward: 555.40 | Coverage: 64.1% | Eps: 0.050 | Loss: 0.2872
[+01:29:57 | ~00:02:59 left] [Ep 4909] Reward: 133.47 | Coverage: 62.1% | Eps: 0.050 | Loss: 0.2430
[+01:29:58 | ~00:02:58 left] [Ep 4910] Reward: 393.18 | Coverage: 67.9% | Eps: 0.050 | Loss: 0.2547
[+01:29:59 | ~00:02:57 left] [Ep 4911] Reward: 539.23 | Coverage: 59.1% | Eps: 0.050 | Loss: 0.3280
[+01:30:00 | ~00:02:55 left] [Ep 4912] Reward: 493.90 | Coverage: 62.4% | Eps: 0.050 | Loss: 0.3075
[+01:30:01 | ~00:02:55 left] [Ep 4913] Reward: 395.82 | Coverage: 63.1% | Eps: 0.050 | Loss: 0.2803
[+01:30:02 | ~00:02:53 left] [Ep 4914] Reward: 437.38 | Coverage: 63.7% | Eps: 0.050 | Loss: 0.2226
[+01:30:03 | ~00:02:52 left] [Ep 4915] Reward: 529.21 | Coverage: 66.7% | Eps: 0.050 | Loss: 0.2814
[+01:30:04 | ~00:02:51 left] [Ep 4916] Reward: 284.49 | Coverage: 62.8% | Eps: 0.050 | Loss: 0.3150
[+01:30:05 | ~00:02:50 left] [Ep 4917] Reward: 351.79 | Coverage: 59.8% | Eps: 0.050 | Loss: 0.2569
[+01:30:06 | ~00:02:49 left] [Ep 4918] Reward: 278.64 | Coverage: 58.9% | Eps: 0.050 | Loss: 0.3255
[+01:30:07 | ~00:02:48 left] [Ep 4919] Reward: 502.03 | Coverage: 62.8% | Eps: 0.050 | Loss: 0.3227
[+01:30:08 | ~00:02:47 left] [Ep 4920] Reward: 520.74 | Coverage: 64.7% | Eps: 0.050 | Loss: 0.3370
[+01:30:10 | ~00:02:46 left] [Ep 4921] Reward: 611.99 | Coverage: 66.3% | Eps: 0.050 | Loss: 0.2822
[+01:30:11 | ~00:02:45 left] [Ep 4922] Reward: 489.16 | Coverage: 65.2% | Eps: 0.050 | Loss: 0.2930
[+01:30:12 | ~00:02:44 left] [Ep 4923] Reward: 662.28 | Coverage: 59.0% | Eps: 0.050 | Loss: 0.3256
[+01:30:13 | ~00:02:42 left] [Ep 4924] Reward: 277.62 | Coverage: 65.0% | Eps: 0.050 | Loss: 0.2864
[+01:30:14 | ~00:02:41 left] [Ep 4925] Reward: 456.16 | Coverage: 61.2% | Eps: 0.050 | Loss: 0.2480
[+01:30:15 | ~00:02:40 left] [Ep 4926] Reward: 494.40 | Coverage: 67.3% | Eps: 0.050 | Loss: 0.2496
[+01:30:16 | ~00:02:39 left] [Ep 4927] Reward: 311.45 | Coverage: 62.3% | Eps: 0.050 | Loss: 0.2766
[+01:30:17 | ~00:02:38 left] [Ep 4928] Reward: 483.25 | Coverage: 62.4% | Eps: 0.050 | Loss: 0.2149
[+01:30:18 | ~00:02:37 left] [Ep 4929] Reward: 441.32 | Coverage: 61.5% | Eps: 0.050 | Loss: 0.2603
[+01:30:19 | ~00:02:36 left] [Ep 4930] Reward: 604.82 | Coverage: 66.3% | Eps: 0.050 | Loss: 0.3094
[+01:30:20 | ~00:02:35 left] [Ep 4931] Reward: 445.90 | Coverage: 62.9% | Eps: 0.050 | Loss: 0.1774
[+01:30:22 | ~00:02:34 left] [Ep 4932] Reward: 707.64 | Coverage: 71.7% | Eps: 0.050 | Loss: 0.3260
[+01:30:23 | ~00:02:33 left] [Ep 4933] Reward: 514.19 | Coverage: 66.8% | Eps: 0.050 | Loss: 0.3090
[+01:30:24 | ~00:02:32 left] [Ep 4934] Reward: 345.18 | Coverage: 59.7% | Eps: 0.050 | Loss: 0.2453
[+01:30:25 | ~00:02:30 left] [Ep 4935] Reward: 402.53 | Coverage: 63.2% | Eps: 0.050 | Loss: 0.2849
[+01:30:26 | ~00:02:29 left] [Ep 4936] Reward: 587.76 | Coverage: 66.5% | Eps: 0.050 | Loss: 0.2628
[+01:30:27 | ~00:02:28 left] [Ep 4937] Reward: 329.49 | Coverage: 65.7% | Eps: 0.050 | Loss: 0.3114
[+01:30:28 | ~00:02:27 left] [Ep 4938] Reward: 557.08 | Coverage: 65.1% | Eps: 0.050 | Loss: 0.3010
[+01:30:29 | ~00:02:26 left] [Ep 4939] Reward: 707.62 | Coverage: 64.0% | Eps: 0.050 | Loss: 0.2053
[+01:30:30 | ~00:02:25 left] [Ep 4940] Reward: 655.16 | Coverage: 58.6% | Eps: 0.050 | Loss: 0.2843
[+01:30:32 | ~00:02:24 left] [Ep 4941] Reward: 371.51 | Coverage: 58.7% | Eps: 0.050 | Loss: 0.2521
[+01:30:33 | ~00:02:23 left] [Ep 4942] Reward: 137.13 | Coverage: 65.7% | Eps: 0.050 | Loss: 0.2632
[+01:30:34 | ~00:02:22 left] [Ep 4943] Reward: 644.32 | Coverage: 61.4% | Eps: 0.050 | Loss: 0.2302
[+01:30:35 | ~00:02:21 left] [Ep 4944] Reward: 534.22 | Coverage: 63.3% | Eps: 0.050 | Loss: 0.3288
[+01:30:36 | ~00:02:19 left] [Ep 4945] Reward: 335.05 | Coverage: 65.2% | Eps: 0.050 | Loss: 0.3000
[+01:30:37 | ~00:02:18 left] [Ep 4946] Reward: 458.62 | Coverage: 57.6% | Eps: 0.050 | Loss: 0.2284
[+01:30:38 | ~00:02:17 left] [Ep 4947] Reward: 353.10 | Coverage: 57.6% | Eps: 0.050 | Loss: 0.2041
[+01:30:40 | ~00:02:16 left] [Ep 4948] Reward: 218.23 | Coverage: 64.9% | Eps: 0.050 | Loss: 0.2416
[+01:30:41 | ~00:02:15 left] [Ep 4949] Reward: 364.18 | Coverage: 61.5% | Eps: 0.050 | Loss: 0.2740
[+01:30:42 | ~00:02:13 left] [Ep 4950] Reward: 797.63 | Coverage: 62.2% | Eps: 0.050 | Loss: 0.2657
[+01:30:43 | ~00:02:12 left] [Ep 4951] Reward: 518.13 | Coverage: 66.7% | Eps: 0.050 | Loss: 0.3058
[+01:30:44 | ~00:02:11 left] [Ep 4952] Reward: 399.93 | Coverage: 62.5% | Eps: 0.050 | Loss: 0.2868
[+01:30:45 | ~00:02:10 left] [Ep 4953] Reward: 290.60 | Coverage: 63.1% | Eps: 0.050 | Loss: 0.2935
[+01:30:46 | ~00:02:09 left] [Ep 4954] Reward: 522.00 | Coverage: 64.1% | Eps: 0.050 | Loss: 0.2674
[+01:30:47 | ~00:02:08 left] [Ep 4955] Reward: 504.51 | Coverage: 58.1% | Eps: 0.050 | Loss: 0.1983
[+01:30:49 | ~00:02:07 left] [Ep 4956] Reward: 403.92 | Coverage: 68.4% | Eps: 0.050 | Loss: 0.2456
[+01:30:50 | ~00:02:06 left] [Ep 4957] Reward: 436.15 | Coverage: 64.5% | Eps: 0.050 | Loss: 0.2954
[+01:30:51 | ~00:02:04 left] [Ep 4958] Reward: 599.07 | Coverage: 61.6% | Eps: 0.050 | Loss: 0.2504
[+01:30:52 | ~00:02:03 left] [Ep 4959] Reward: 629.18 | Coverage: 66.6% | Eps: 0.050 | Loss: 0.2722
[+01:30:53 | ~00:02:02 left] [Ep 4960] Reward: 446.04 | Coverage: 60.5% | Eps: 0.050 | Loss: 0.2389
[+01:30:54 | ~00:02:01 left] [Ep 4961] Reward: 435.97 | Coverage: 61.2% | Eps: 0.050 | Loss: 0.2100
[+01:30:55 | ~00:02:00 left] [Ep 4962] Reward: 479.32 | Coverage: 59.6% | Eps: 0.050 | Loss: 0.2458
[+01:30:56 | ~00:01:59 left] [Ep 4963] Reward: 120.85 | Coverage: 62.5% | Eps: 0.050 | Loss: 0.2627
[+01:30:57 | ~00:01:58 left] [Ep 4964] Reward: 442.76 | Coverage: 61.0% | Eps: 0.050 | Loss: 0.2236
[+01:30:58 | ~00:01:57 left] [Ep 4965] Reward: 409.72 | Coverage: 64.0% | Eps: 0.050 | Loss: 0.2400
[+01:31:00 | ~00:01:56 left] [Ep 4966] Reward: 271.63 | Coverage: 61.2% | Eps: 0.050 | Loss: 0.2114
[+01:31:01 | ~00:01:55 left] [Ep 4967] Reward: 436.06 | Coverage: 64.0% | Eps: 0.050 | Loss: 0.2934
[+01:31:02 | ~00:01:54 left] [Ep 4968] Reward: 390.54 | Coverage: 64.5% | Eps: 0.050 | Loss: 0.2364
[+01:31:03 | ~00:01:52 left] [Ep 4969] Reward: 130.94 | Coverage: 64.4% | Eps: 0.050 | Loss: 0.3059
[+01:31:04 | ~00:01:51 left] [Ep 4970] Reward: 708.11 | Coverage: 64.3% | Eps: 0.050 | Loss: 0.3085
[+01:31:05 | ~00:01:50 left] [Ep 4971] Reward: 516.87 | Coverage: 63.4% | Eps: 0.050 | Loss: 0.2437
[+01:31:06 | ~00:01:49 left] [Ep 4972] Reward: 614.05 | Coverage: 60.8% | Eps: 0.050 | Loss: 0.2061
[+01:31:07 | ~00:01:48 left] [Ep 4973] Reward: 308.03 | Coverage: 57.4% | Eps: 0.050 | Loss: 0.1626
[+01:31:08 | ~00:01:47 left] [Ep 4974] Reward: 494.16 | Coverage: 64.2% | Eps: 0.050 | Loss: 0.1868
[+01:31:09 | ~00:01:46 left] [Ep 4975] Reward: 487.14 | Coverage: 59.1% | Eps: 0.050 | Loss: 0.1903
[+01:31:10 | ~00:01:45 left] [Ep 4976] Reward: 257.18 | Coverage: 64.2% | Eps: 0.050 | Loss: 0.3000
[+01:31:12 | ~00:01:44 left] [Ep 4977] Reward: 540.58 | Coverage: 63.0% | Eps: 0.050 | Loss: 0.2491
[+01:31:13 | ~00:01:43 left] [Ep 4978] Reward: 541.68 | Coverage: 63.0% | Eps: 0.050 | Loss: 0.2596
[+01:31:14 | ~00:01:42 left] [Ep 4979] Reward: 117.55 | Coverage: 63.2% | Eps: 0.050 | Loss: 0.1548
[+01:31:15 | ~00:01:41 left] [Ep 4980] Reward: 407.61 | Coverage: 64.8% | Eps: 0.050 | Loss: 0.1953
[+01:31:16 | ~00:01:39 left] [Ep 4981] Reward: 527.26 | Coverage: 60.4% | Eps: 0.050 | Loss: 0.2783
[+01:31:17 | ~00:01:38 left] [Ep 4982] Reward: 185.33 | Coverage: 64.1% | Eps: 0.050 | Loss: 0.2539
[+01:31:18 | ~00:01:37 left] [Ep 4983] Reward: 286.92 | Coverage: 66.3% | Eps: 0.050 | Loss: 0.2362
[+01:31:19 | ~00:01:36 left] [Ep 4984] Reward: 378.30 | Coverage: 65.5% | Eps: 0.050 | Loss: 0.2643
[+01:31:20 | ~00:01:35 left] [Ep 4985] Reward: 761.68 | Coverage: 66.4% | Eps: 0.050 | Loss: 0.3067
[+01:31:21 | ~00:01:34 left] [Ep 4986] Reward: 443.10 | Coverage: 62.4% | Eps: 0.050 | Loss: 0.2321
[+01:31:22 | ~00:01:33 left] [Ep 4987] Reward: 440.52 | Coverage: 62.9% | Eps: 0.050 | Loss: 0.2433
[+01:31:23 | ~00:01:32 left] [Ep 4988] Reward: 527.68 | Coverage: 68.5% | Eps: 0.050 | Loss: 0.2479
[+01:31:25 | ~00:01:31 left] [Ep 4989] Reward: 483.01 | Coverage: 64.6% | Eps: 0.050 | Loss: 0.3355
[+01:31:26 | ~00:01:30 left] [Ep 4990] Reward: 610.61 | Coverage: 63.9% | Eps: 0.050 | Loss: 0.1555
[+01:31:27 | ~00:01:29 left] [Ep 4991] Reward: 452.62 | Coverage: 66.0% | Eps: 0.050 | Loss: 0.2664
[+01:31:28 | ~00:01:28 left] [Ep 4992] Reward: 280.90 | Coverage: 60.7% | Eps: 0.050 | Loss: 0.2341
[+01:31:29 | ~00:01:26 left] [Ep 4993] Reward: 483.77 | Coverage: 62.8% | Eps: 0.050 | Loss: 0.2610
[+01:31:30 | ~00:01:25 left] [Ep 4994] Reward: 391.21 | Coverage: 64.4% | Eps: 0.050 | Loss: 0.2117
[+01:31:31 | ~00:01:24 left] [Ep 4995] Reward: 788.02 | Coverage: 63.0% | Eps: 0.050 | Loss: 0.2357
[+01:31:32 | ~00:01:23 left] [Ep 4996] Reward: 494.34 | Coverage: 67.5% | Eps: 0.050 | Loss: 0.2657
[+01:31:33 | ~00:01:22 left] [Ep 4997] Reward: 769.75 | Coverage: 64.4% | Eps: 0.050 | Loss: 0.3614
[+01:31:34 | ~00:01:21 left] [Ep 4998] Reward: 658.48 | Coverage: 65.7% | Eps: 0.050 | Loss: 0.2689
[+01:31:35 | ~00:01:20 left] [Ep 4999] Reward: 464.04 | Coverage: 60.8% | Eps: 0.050 | Loss: 0.2023
[+01:31:37 | ~00:01:19 left] [Ep 5000] Reward: 507.08 | Coverage: 63.1% | Eps: 0.050 | Loss: 0.2189

[+01:31:37 | ~00:01:19 left] [Eval] Episode 5000: Reward=500.86, Coverage=60.7%

[+01:31:38 | ~00:01:18 left] [Ep 5001] Reward: 623.34 | Coverage: 63.1% | Eps: 0.050 | Loss: 0.2174
[+01:31:39 | ~00:01:17 left] [Ep 5002] Reward: 359.98 | Coverage: 64.6% | Eps: 0.050 | Loss: 0.1634
[+01:31:40 | ~00:01:15 left] [Ep 5003] Reward: 774.14 | Coverage: 64.5% | Eps: 0.050 | Loss: 0.2217
[+01:31:41 | ~00:01:14 left] [Ep 5004] Reward: 582.52 | Coverage: 63.2% | Eps: 0.050 | Loss: 0.2639
[+01:31:42 | ~00:01:13 left] [Ep 5005] Reward: 425.03 | Coverage: 64.8% | Eps: 0.050 | Loss: 0.1833
[+01:31:43 | ~00:01:12 left] [Ep 5006] Reward: 367.56 | Coverage: 69.0% | Eps: 0.050 | Loss: 0.2758
[+01:31:44 | ~00:01:11 left] [Ep 5007] Reward: 375.54 | Coverage: 63.3% | Eps: 0.050 | Loss: 0.2531
[+01:31:45 | ~00:01:10 left] [Ep 5008] Reward: 527.91 | Coverage: 61.3% | Eps: 0.050 | Loss: 0.2039
[+01:31:47 | ~00:01:09 left] [Ep 5009] Reward: 319.38 | Coverage: 66.5% | Eps: 0.050 | Loss: 0.2273
[+01:31:48 | ~00:01:08 left] [Ep 5010] Reward: 518.15 | Coverage: 67.3% | Eps: 0.050 | Loss: 0.2966
[+01:31:49 | ~00:01:06 left] [Ep 5011] Reward: 560.38 | Coverage: 63.7% | Eps: 0.050 | Loss: 0.2617
[+01:31:50 | ~00:01:05 left] [Ep 5012] Reward: 452.69 | Coverage: 65.9% | Eps: 0.050 | Loss: 0.2324
[+01:31:51 | ~00:01:04 left] [Ep 5013] Reward: 385.35 | Coverage: 57.5% | Eps: 0.050 | Loss: 0.2222
[+01:31:52 | ~00:01:03 left] [Ep 5014] Reward: 235.51 | Coverage: 64.5% | Eps: 0.050 | Loss: 0.2345
[+01:31:53 | ~00:01:02 left] [Ep 5015] Reward: 557.47 | Coverage: 62.7% | Eps: 0.050 | Loss: 0.2107
[+01:31:54 | ~00:01:01 left] [Ep 5016] Reward: 159.80 | Coverage: 69.3% | Eps: 0.050 | Loss: 0.1467
[+01:31:55 | ~00:01:00 left] [Ep 5017] Reward: 341.53 | Coverage: 63.8% | Eps: 0.050 | Loss: 0.3123
[+01:31:56 | ~00:00:59 left] [Ep 5018] Reward: 611.15 | Coverage: 68.2% | Eps: 0.050 | Loss: 0.2365
[+01:31:57 | ~00:00:58 left] [Ep 5019] Reward: 308.45 | Coverage: 62.7% | Eps: 0.050 | Loss: 0.2460
[+01:31:58 | ~00:00:57 left] [Ep 5020] Reward: 595.18 | Coverage: 62.4% | Eps: 0.050 | Loss: 0.2274
[+01:32:00 | ~00:00:56 left] [Ep 5021] Reward: 445.25 | Coverage: 61.7% | Eps: 0.050 | Loss: 0.2001
[+01:32:01 | ~00:00:55 left] [Ep 5022] Reward: 371.38 | Coverage: 60.0% | Eps: 0.050 | Loss: 0.2218
[+01:32:02 | ~00:00:54 left] [Ep 5023] Reward: 464.64 | Coverage: 61.6% | Eps: 0.050 | Loss: 0.1650
[+01:32:03 | ~00:00:52 left] [Ep 5024] Reward: 425.11 | Coverage: 66.2% | Eps: 0.050 | Loss: 0.3198
[+01:32:04 | ~00:00:51 left] [Ep 5025] Reward: 375.52 | Coverage: 59.0% | Eps: 0.050 | Loss: 0.1790
[+01:32:05 | ~00:00:50 left] [Ep 5026] Reward: 418.49 | Coverage: 63.4% | Eps: 0.050 | Loss: 0.1869
[+01:32:06 | ~00:00:49 left] [Ep 5027] Reward: 358.65 | Coverage: 66.2% | Eps: 0.050 | Loss: 0.2103
[+01:32:07 | ~00:00:48 left] [Ep 5028] Reward: 346.53 | Coverage: 63.9% | Eps: 0.050 | Loss: 0.2792
[+01:32:08 | ~00:00:47 left] [Ep 5029] Reward: 515.95 | Coverage: 64.6% | Eps: 0.050 | Loss: 0.2280
[+01:32:09 | ~00:00:46 left] [Ep 5030] Reward: 281.60 | Coverage: 64.1% | Eps: 0.050 | Loss: 0.1778
[+01:32:10 | ~00:00:45 left] [Ep 5031] Reward: 392.85 | Coverage: 64.6% | Eps: 0.050 | Loss: 0.2771
[+01:32:11 | ~00:00:44 left] [Ep 5032] Reward: 330.81 | Coverage: 58.0% | Eps: 0.050 | Loss: 0.2560
[+01:32:13 | ~00:00:43 left] [Ep 5033] Reward: 452.03 | Coverage: 67.2% | Eps: 0.050 | Loss: 0.2480
[+01:32:14 | ~00:00:42 left] [Ep 5034] Reward: 559.95 | Coverage: 64.2% | Eps: 0.050 | Loss: 0.2549
[+01:32:15 | ~00:00:40 left] [Ep 5035] Reward: 528.30 | Coverage: 61.7% | Eps: 0.050 | Loss: 0.3218
[+01:32:16 | ~00:00:39 left] [Ep 5036] Reward: 448.80 | Coverage: 62.4% | Eps: 0.050 | Loss: 0.3132
[+01:32:17 | ~00:00:38 left] [Ep 5037] Reward: 170.58 | Coverage: 62.8% | Eps: 0.050 | Loss: 0.1982
[+01:32:18 | ~00:00:37 left] [Ep 5038] Reward: 591.88 | Coverage: 65.0% | Eps: 0.050 | Loss: 0.2904
[+01:32:19 | ~00:00:36 left] [Ep 5039] Reward: 505.09 | Coverage: 60.0% | Eps: 0.050 | Loss: 0.2405
[+01:32:20 | ~00:00:35 left] [Ep 5040] Reward: 288.11 | Coverage: 59.8% | Eps: 0.050 | Loss: 0.2450
[+01:32:21 | ~00:00:34 left] [Ep 5041] Reward: 407.18 | Coverage: 59.7% | Eps: 0.050 | Loss: 0.1571
[+01:32:23 | ~00:00:33 left] [Ep 5042] Reward: 541.17 | Coverage: 65.6% | Eps: 0.050 | Loss: 0.2178
[+01:32:24 | ~00:00:32 left] [Ep 5043] Reward: 302.34 | Coverage: 60.8% | Eps: 0.050 | Loss: 0.1919
[+01:32:25 | ~00:00:31 left] [Ep 5044] Reward: 347.75 | Coverage: 63.5% | Eps: 0.050 | Loss: 0.2574
[+01:32:26 | ~00:00:29 left] [Ep 5045] Reward: 462.30 | Coverage: 60.2% | Eps: 0.050 | Loss: 0.2669
[+01:32:27 | ~00:00:28 left] [Ep 5046] Reward: 329.79 | Coverage: 63.0% | Eps: 0.050 | Loss: 0.1409
[+01:32:28 | ~00:00:27 left] [Ep 5047] Reward: 590.63 | Coverage: 61.9% | Eps: 0.050 | Loss: 0.2228
[+01:32:29 | ~00:00:26 left] [Ep 5048] Reward: 538.41 | Coverage: 61.3% | Eps: 0.050 | Loss: 0.2684
[+01:32:30 | ~00:00:25 left] [Ep 5049] Reward: 578.58 | Coverage: 66.2% | Eps: 0.050 | Loss: 0.2159
[+01:32:31 | ~00:00:24 left] [Ep 5050] Reward: 798.55 | Coverage: 63.5% | Eps: 0.050 | Loss: 0.2524
[+01:32:32 | ~00:00:23 left] [Ep 5051] Reward: 361.25 | Coverage: 60.7% | Eps: 0.050 | Loss: 0.2371
[+01:32:34 | ~00:00:22 left] [Ep 5052] Reward: 588.48 | Coverage: 69.5% | Eps: 0.050 | Loss: 0.2366
[+01:32:34 | ~00:00:21 left] [Ep 5053] Reward: 485.10 | Coverage: 60.7% | Eps: 0.050 | Loss: 0.2119
[+01:32:36 | ~00:00:20 left] [Ep 5054] Reward: 583.03 | Coverage: 60.1% | Eps: 0.050 | Loss: 0.1739
[+01:32:37 | ~00:00:19 left] [Ep 5055] Reward: 547.24 | Coverage: 58.8% | Eps: 0.050 | Loss: 0.1776
[+01:32:38 | ~00:00:18 left] [Ep 5056] Reward: 621.53 | Coverage: 67.4% | Eps: 0.050 | Loss: 0.2507
[+01:32:39 | ~00:00:17 left] [Ep 5057] Reward: 431.11 | Coverage: 63.7% | Eps: 0.050 | Loss: 0.2229
[+01:32:40 | ~00:00:16 left] [Ep 5058] Reward: 456.18 | Coverage: 64.1% | Eps: 0.050 | Loss: 0.2165
[+01:32:41 | ~00:00:14 left] [Ep 5059] Reward: 361.87 | Coverage: 66.1% | Eps: 0.050 | Loss: 0.2050
[+01:32:42 | ~00:00:13 left] [Ep 5060] Reward: 601.30 | Coverage: 63.5% | Eps: 0.050 | Loss: 0.2096
[+01:32:43 | ~00:00:12 left] [Ep 5061] Reward: 420.21 | Coverage: 65.1% | Eps: 0.050 | Loss: 0.2635
[+01:32:44 | ~00:00:11 left] [Ep 5062] Reward: 331.26 | Coverage: 67.6% | Eps: 0.050 | Loss: 0.2081
[+01:32:45 | ~00:00:10 left] [Ep 5063] Reward: 294.13 | Coverage: 63.9% | Eps: 0.050 | Loss: 0.1678
[+01:32:46 | ~00:00:09 left] [Ep 5064] Reward: 513.74 | Coverage: 65.3% | Eps: 0.050 | Loss: 0.2511
[+01:32:47 | ~00:00:08 left] [Ep 5065] Reward: 489.95 | Coverage: 63.8% | Eps: 0.050 | Loss: 0.2130
[+01:32:48 | ~00:00:07 left] [Ep 5066] Reward: 457.99 | Coverage: 63.6% | Eps: 0.050 | Loss: 0.2224
[+01:32:49 | ~00:00:06 left] [Ep 5067] Reward: 445.76 | Coverage: 66.9% | Eps: 0.050 | Loss: 0.2853
[+01:32:50 | ~00:00:05 left] [Ep 5068] Reward: 434.00 | Coverage: 64.7% | Eps: 0.050 | Loss: 0.2201
[+01:32:51 | ~00:00:04 left] [Ep 5069] Reward: 722.95 | Coverage: 63.9% | Eps: 0.050 | Loss: 0.2324
[+01:32:53 | ~00:00:03 left] [Ep 5070] Reward: 250.39 | Coverage: 58.4% | Eps: 0.050 | Loss: 0.1736
[+01:32:54 | ~00:00:02 left] [Ep 5071] Reward: 557.08 | Coverage: 60.9% | Eps: 0.050 | Loss: 0.2119
[+01:32:55 | ~00:00:01 left] [Ep 5072] Reward: 710.04 | Coverage: 61.5% | Eps: 0.050 | Loss: 0.2450
[+01:32:56 | ~00:00:00 left] [Ep 5073] Reward: 479.08 | Coverage: 63.2% | Eps: 0.050 | Loss: 0.1583

[+01:32:56 | ~00:00:00 left] [Eval] Episode 5074: Reward=479.08, Coverage=63.2%

======================================================================
                    NA²Q TRAINING REPORT
======================================================================
  Scenario:           2
  Total Episodes:     5,074
  Parallel Envs:      1
----------------------------------------------------------------------
  REWARD STATISTICS
    Final (last 100): 461.74
    Best Episode:     915.46
    Overall Mean:     443.32
    Std Deviation:    131.13
----------------------------------------------------------------------
  COVERAGE STATISTICS
    Final (last 100): 63.6%
    Best Episode:     78.5%
    Overall Mean:     61.1%
    Std Deviation:    7.0%
----------------------------------------------------------------------
  TRAINING LOSS
    Final (last 100): 0.2325
    Minimum:          0.1042
----------------------------------------------------------------------
  MODEL SAVED
    Best Model:       /Users/chiseled/Documents/GitHub/DSN_NA2Q/na2q/checkpoints/scenario2/best_model.pt
    Final Model:      /Users/chiseled/Documents/GitHub/DSN_NA2Q/na2q/checkpoints/scenario2/final_model.pt
    History:          /Users/chiseled/Documents/GitHub/DSN_NA2Q/na2q/checkpoints/scenario2/training_history.npz
    Log:              /Users/chiseled/Documents/GitHub/DSN_NA2Q/na2q/checkpoints/scenario2/training.log
======================================================================
